observation_date,DEXUSEU_logreturn
2018-01-03,-0.0016611299500765009
2018-01-04,0.0028222812790126284
2018-01-05,-0.002074431312710845
2018-01-08,-0.005497265218182806
2018-01-09,-0.004268681936971802
2018-01-10,0.0030150776609778884
2018-01-11,0.006418560776322663
2018-01-12,0.007862651720923541
2018-01-17,-0.0012258408759331096
2018-01-18,0.0007356848331158683
2018-01-19,0.0
2018-01-22,-0.0006539153412677134
2018-01-23,0.003835643499621816
2018-01-24,0.009162102442348302
2018-01-25,0.007878487572079707
2018-01-26,-0.00529908907601967
2018-01-29,-0.005651100854690783
2018-01-30,0.0030717023586307457
2018-01-31,0.003062295889749711
2018-02-01,0.00433561498105034
2018-02-02,-0.002888320364825142
2018-02-05,-0.002252253204325011
2018-02-06,-0.0029839935041466314
2018-02-07,-0.00810968681030741
2018-02-08,-0.0035074875878982614
2018-02-09,-0.0009810334338151705
2018-02-12,0.00334789844408126
2018-02-13,0.007795410974175104
2018-02-14,0.0026656989007118603
2018-02-15,0.006913766586349401
2018-02-16,-0.003209760419023211
2018-02-21,-0.0027572801508943534
2018-02-22,0.0009740260510329168
2018-02-23,-0.0022742050087733723
2018-02-26,-0.00016264129498319568
2018-02-27,-0.004646431836093368
2018-02-28,-0.0022903895493165405
2018-03-01,0.00040938306544646696
2018-03-02,0.007990258572687092
2018-03-05,0.001298490687234588
2018-03-06,0.006870101783876953
2018-03-07,-0.0014509111041201561
2018-03-08,-0.006717681366991385
2018-03-09,0.0009740260510329168
2018-03-12,-0.0006492452751998001
2018-03-13,0.006473562014876116
2018-03-14,-0.0029079180426460904
2018-03-15,-0.0033221275945503614
2018-03-16,-0.0033332009235348126
2018-03-19,0.003982288167419384
2018-03-20,-0.004715455892004949
2018-03-21,-0.0002445087424058079
2018-03-22,0.003417693944357203
2018-03-23,0.004053511833182477
2018-03-26,0.006451635281488677
2018-03-27,-0.002414488094517442
2018-03-28,-0.004765567760638523
2018-03-29,-0.004381701265567195
2018-03-30,0.001868627915063481
2018-04-02,-0.002600781700057425
2018-04-03,-0.0021996831550663565
2018-04-04,0.002525151017988364
2018-04-05,-0.005056694569157222
2018-04-06,0.003591254267824251
2018-04-09,0.0037407541384683884
2018-04-10,0.0014599726820732073
2018-04-11,0.0037213860599243642
2018-04-12,-0.0051813587419975715
2018-04-13,0.00016232448700523316
2018-04-16,0.004130396639459827
2018-04-17,-0.0022655564346959756
2018-04-18,0.0028311444593072665
2018-04-19,-0.003560450435476342
2018-04-20,-0.004387040913766266
2018-04-23,-0.005388207990876109
2018-04-24,0.00081826369020227
2018-04-25,-0.0039337864201512696
2018-04-26,-0.005351789151717162
2018-04-27,-0.0004128648751928754
2018-04-30,-0.0028120107852378506
2018-05-01,-0.0061477305862341625
2018-05-02,-0.002670228555878784
2018-05-03,0.00016709833776035188
2018-05-04,-0.0020070252597675087
2018-05-07,-0.0015917567135822763
2018-05-08,-0.005380424917565907
2018-05-09,-0.0009276829676473086
2018-05-10,0.003705579446535101
2018-05-11,0.004612747726890021
2018-05-14,0.0020896902325832634
2018-05-15,-0.009396042281696354
2018-05-16,-0.006426539960182526
2018-05-17,0.0008479607054351357
2018-05-18,-0.0019513856784020567
2018-05-21,-0.000594656603344984
2018-05-22,0.0012738314320671351
2018-05-23,-0.007667442573022154
2018-05-24,0.0030740353811866405
2018-05-25,-0.005385779207922131
2018-05-30,0.009735161959759153
2018-05-31,0.0005142710321622279
2018-06-01,0.0007709109979636697
2018-06-04,0.0014545457109943483
2018-06-05,-0.0020540917869381337
2018-06-06,0.00904057330189445
2018-06-07,0.0031365261164921776
2018-06-08,-0.0035611365428113995
2018-06-11,0.0024602345389171942
2018-06-12,-0.0008476731879961397
2018-06-13,-0.0006786562866517576
2018-06-14,-0.012810833671759309
2018-06-15,-0.0015483874061295033
2018-06-18,-0.0008612523140236472
2018-06-19,-0.002501834544825249
2018-06-20,0.0012948337947899236
2018-06-21,0.0006898930939376324
2018-06-22,0.0025828684182541972
2018-06-25,0.005487923222905644
2018-06-26,-0.0016260861985177566
2018-06-27,-0.007479723647856984
2018-06-28,-0.0005179111035060469
2018-06-29,0.008168926289979839
2018-07-02,-0.006271228834420134
2018-07-03,0.004213791331968614
2018-07-06,0.0034990434675727933
2018-07-09,0.0005110297360171323
2018-07-10,-0.0013633267278641281
2018-07-11,-0.0005117270900583115
2018-07-12,-0.0025625708052378904
2018-07-13,-0.0021405034072795315
2018-07-16,0.003678833767906009
2018-07-17,-0.003936002343323586
2018-07-18,-0.0016302719299980117
2018-07-19,-0.003527037077146744
2018-07-20,0.0089225025704818
2018-07-23,-0.0005126014635951914
2018-07-24,-0.0015393828405496357
2018-07-25,-0.0005992894319168385
2018-07-26,-0.001971626372695351
2018-07-27,0.0005147122014638184
2018-07-30,0.004961940200250592
2018-07-31,-0.001024590253567631
2018-08-01,-0.003422902537583289
2018-08-02,-0.004639582169062462
2018-08-03,-0.001292602187817321
2018-08-06,-0.0028496198204664425
2018-08-07,0.0028496198204664425
2018-08-08,8.622547968265004e-05
2018-08-09,-0.0027629097182222118
2018-08-10,-0.014544127481385144
2018-08-13,-0.00026321561897962864
2018-08-14,-0.003956570862459485
2018-08-15,-0.0016752638049322144
2018-08-16,0.004929587447521033
2018-08-17,0.0019299944581931405
2018-08-20,0.0024509816191400913
2018-08-21,0.008358049700096487
2018-08-22,0.005274775514274077
2018-08-23,-0.0024177543942304203
2018-08-24,0.005001735160155563
2018-08-27,0.004377501518448207
2018-08-28,0.003761331156998199
2018-08-29,-0.001793416083402083
2018-08-30,-0.004540594650536134
2018-08-31,-0.004302562355519235
2018-09-05,0.004657991687738505
2018-09-06,0.00034417484421678246
2018-09-07,-0.004483539154093219
2018-09-10,0.0027614791452690024
2018-09-11,-0.0011209313525497033
2018-09-12,0.0030150343725509343
2018-09-13,0.003948841941325637
2018-09-14,-0.0013717423275808327
2018-09-17,0.0026560440581163136
2018-09-18,0.000513259207161415
2018-09-19,-0.0006844041673600698
2018-09-20,0.0050365038813385
2018-09-21,-0.0004258399757748055
2018-09-24,0.0028921421996747076
2018-09-25,-0.0002548528238743575
2018-09-26,-0.0010200612921222318
2018-09-27,-0.007512413681598523
2018-09-28,-0.004121592645550898
2018-10-01,-0.00474363733964922
2018-10-02,-0.0006053530690331987
2018-10-03,-0.0030322743615190384
2018-10-04,-0.0014761431934107727
2018-10-05,-0.0005215123977391767
2018-10-10,0.00512532069282251
2018-10-11,0.0020773832451349006
2018-10-12,-0.0005189413712723967
2018-10-15,0.003023368605410942
2018-10-16,-8.625522927674378e-05
2018-10-17,-0.004582206608310935
2018-10-18,-0.003994100994403671
2018-10-19,0.0016516716059776226
2018-10-22,-0.004003486635360015
2018-10-23,0.0011330458352529216
2018-10-24,-0.00795841359920621
2018-10-25,-0.001317928407606167
2018-10-26,0.0012301205311832375
2018-10-29,0.00017560804329963542
2018-10-30,-0.0022853134671492192
2018-10-31,-0.0028198820236714495
2018-11-01,0.0056318346673917
2018-11-02,-0.0015807503072062246
2018-11-05,0.0014052347297482115
2018-11-06,0.0015785322930497447
2018-11-07,0.004110014093057529
2018-11-08,-0.003759567269775832
2018-11-09,-0.008003208805437478
2018-11-14,0.0021238946037040185
2018-11-15,0.0010602580954363061
2018-11-16,0.006864411359736991
2018-11-19,0.004026263644759609
2018-11-20,-0.004991472336374869
2018-11-21,0.0001755617982037161
2018-11-26,0.0003529204201091485
2018-11-27,-0.004863607765595912
2018-11-28,0.00044312492416502536
2018-11-29,0.008470140633983866
2018-11-30,-0.005197104849029688
2018-12-03,0.0029101832788221427
2018-12-04,-0.0009691203789196079
2018-12-07,0.001405728574482873
2018-12-10,-0.0019333866642912423
2018-12-11,-0.0047614938738356205
2018-12-12,0.004233557213971312
2018-12-13,-0.00035211267969451066
2018-12-14,-0.005119615736945929
2018-12-17,0.0034453852714078775
2018-12-18,0.0022023530022388937
2018-12-19,0.005090856250729692
2018-12-20,0.0008751203848950118
2018-12-21,-0.002627662018176047
2018-12-27,0.0003505696793134061
2018-12-28,0.0028875200532765266
2018-12-31,0.0009606568137596749
2019-01-03,0.0036913383451322446
2019-01-04,0.0009645316193428455
2019-01-07,0.005070384147139145
2019-01-08,-0.002094972833259545
2019-01-09,0.00696624203441823
2019-01-10,-0.0006076125355118089
2019-01-11,-0.0033049256034106966
2019-01-16,0.0014035090023201968
2019-01-17,-0.001930333143049967
2019-01-18,-0.0021100763939549405
2019-01-23,0.00272539620980633
2019-01-24,-0.005988041844622538
2019-01-25,0.007479466431292603
2019-01-28,0.0027139434473635315
2019-01-29,-0.001224739895895749
2019-01-30,-0.0005253480551612455
2019-01-31,0.003147956429598142
2019-02-01,0.0017445922080137621
2019-02-04,-0.00314246068655491
2019-02-05,-0.0028016127587772166
2019-02-06,-0.0022821040361623857
2019-02-07,-0.002023134788675579
2019-02-08,-0.002733326217895904
2019-02-11,-0.004335714441462732
2019-02-12,0.0034524001891701322
2019-02-13,-0.0024774388888077897
2019-02-14,-0.0003544214107629867
2019-02-15,-0.0014189431256237395
2019-02-22,0.00035273368972446595
2019-02-25,0.0002644686399687346
2019-02-26,0.0025529306528028206
2019-02-27,-0.0003517411221632405
2019-02-28,0.0007912436124268285
2019-03-01,-0.0002636783139864929
2019-03-04,-0.00422833610952103
2019-03-05,-0.0024748112330691824
2019-03-06,0.0017683470567419896
2019-03-07,-0.009408075073556038
2019-03-08,0.002582715066141883
2019-03-11,-0.001513196247615034
2019-03-12,0.0044440567318584645
2019-03-13,0.0030107168761630276
2019-03-14,-0.000530644745802708
2019-03-15,0.0019443223093869172
2019-03-18,0.0009707453438482505
2019-03-19,0.0007935458689139474
2019-03-20,0.0005286809533660286
2019-03-21,0.0007924977300260427
2019-03-22,-0.006977902269983127
2019-03-25,0.0037158319318687932
2019-03-26,-0.0038931211797404858
2019-03-27,-0.002663117419483607
2019-03-28,-0.0012452194084319607
2019-03-29,-0.0007122507423611008
2019-04-01,-0.0016044214155675335
2019-04-02,-0.002143240684672282
2019-04-03,0.0049937681804870515
2019-04-04,-0.002315434287649104
2019-04-05,8.915437085207922e-05
2019-04-08,0.00400374216934056
2019-04-09,0.0014196985525634503
2019-04-10,-0.001064584912468039
2019-04-11,-0.00035511364009541135
2019-04-12,0.0037224185497995305
2019-04-15,0.0
2019-04-16,-0.0009735806406931946
2019-04-17,0.00035413900325846626
2019-04-18,-0.004969395265131557
2019-04-19,0.00044470139034991085
2019-04-22,0.001066477171824759
2019-04-23,-0.004005167563091133
2019-04-24,-0.0018745821155636
2019-04-25,-0.004657002864041984
2019-04-26,0.0012559434682238718
2019-04-29,0.001075268920806824
2019-04-30,0.003129613141433771
2019-05-01,0.004009449840407492
2019-05-02,-0.0055283243785555075
2019-05-03,0.0001788109079417649
2019-05-06,0.0009828888786635737
2019-05-07,-0.0016983244305535106
2019-05-08,0.0025017882955864906
2019-05-09,0.0019613093565432616
2019-05-10,0.0011571499800240165
2019-05-13,-0.0008009611962048052
2019-05-14,-0.0022282642135643266
2019-05-15,8.922596481493461e-05
2019-05-16,-0.0026802481871995715
2019-05-17,-0.0010741139593375831
2019-05-20,0.00035816619294058716
2019-05-21,-0.001074883657772821
2019-05-22,-0.00017925965809405253
2019-05-23,0.0014331783176878415
2019-05-24,0.0022352371951295386
2019-05-29,-0.0036749918114106356
2019-05-30,0.00035913090707428985
2019-05-31,0.0008075732862963814
2019-06-03,0.005099541357658388
2019-06-04,0.0026735600989043623
2019-06-05,0.0005338553378861355
2019-06-06,0.004614846670761605
2019-06-07,0.0026527559990083133
2019-06-10,-0.0011486637004092248
2019-06-11,0.00044194989007668994
2019-06-12,-0.0005303633112916095
2019-06-13,-0.00309940473928709
2019-06-14,-0.005157400725655709
2019-06-17,0.0016034209742061545
2019-06-18,-0.0034773339840854234
2019-06-19,0.0016064260482737264
2019-06-20,0.006222795438269174
2019-06-21,0.003891743811614057
2019-06-24,0.005721594764614701
2019-06-25,-0.0006146011870885038
2019-06-26,0.0003512469302006105
2019-06-27,-0.0015815836703374497
2019-06-28,0.00017585509585457682
2019-07-01,-0.0059080459314998085
2019-07-02,-0.0005307855750942975
2019-07-03,-0.002303331989271809
2019-07-08,-0.0007135212575283129
2019-07-09,0.00017842804936264722
2019-07-10,0.004450385627475684
2019-07-11,8.880600334437716e-05
2019-07-12,-0.000621807703801408
2019-07-15,0.0005330017004570309
2019-07-16,-0.004271989409002405
2019-07-17,0.0017822139809134663
2019-07-18,-0.00035618878381921126
2019-07-19,-0.0007127584050857227
2019-07-22,-0.0005349023930696084
2019-07-23,-0.0051855279362382906
2019-07-24,-0.0013454726880628987
2019-07-25,0.0013454726880628987
2019-07-26,-0.003142256928537465
2019-07-29,0.0018865387619188267
2019-07-30,0.0005383580210779754
2019-07-31,-0.0016159443322483341
2019-08-01,-0.006128353714967116
2019-08-02,0.004509793879556273
2019-08-05,0.0076202798260172205
2019-08-06,-8.931362485281591e-05
2019-08-07,0.0035663375887901583
2019-08-08,-0.0023166721579286342
2019-08-09,0.0010699002447117772
2019-08-12,-0.0008915040262384988
2019-08-13,-0.0026792906980881853
2019-08-14,-0.003404106126949011
2019-08-15,-0.003415733658089143
2019-08-16,-0.0013515341968109579
2019-08-19,0.0004507143899258603
2019-08-20,-0.0003605552589988209
2019-08-21,0.0005407841501778449
2019-08-22,-0.0008112859326306066
2019-08-23,0.005306483648622989
2019-08-26,-0.0032345041676591774
2019-08-27,-0.0016211838189998662
2019-08-28,-0.0009017946323107151
2019-08-29,-0.00225805090750901
2019-08-30,-0.0063498036284360265
2019-09-04,0.0051834790728964575
2019-09-05,0.0011784436843997187
2019-09-06,0.00036231884454349106
2019-09-09,0.0012670831634610663
2019-09-10,-0.0012670831634610663
2019-09-11,-0.0037200061045542104
2019-09-12,0.006613840643476657
2019-09-13,0.0
2019-09-16,-0.006159439763208305
2019-09-17,0.005165628415206791
2019-09-18,-0.00018079913265664493
2019-09-19,-0.0013570364411213953
2019-09-20,-0.003809528416667679
2019-09-23,-0.00118208697556485
2019-09-24,0.0007276034882163912
2019-09-25,-0.004556231683691861
2019-09-26,-0.0010051629667067463
2019-09-27,0.00036563071705315864
2019-09-30,-0.0033871959880418384
2019-10-01,0.002472868412229129
2019-10-02,0.00173650822780054
2019-10-03,0.003645979793141227
2019-10-04,-0.001547917449979716
2019-10-07,0.0009108298288863781
2019-10-08,-0.003191540574382132
2019-10-09,0.002645142236409742
2019-10-10,0.0036370289228271208
2019-10-11,0.0019041579856900331
2019-10-16,0.003527659576159692
2019-10-17,0.004863998060088803
2019-10-18,0.0023335138932076976
2019-10-21,-0.0008968610466635468
2019-10-22,-0.0006282816703554461
2019-10-23,-0.0017972686361991397
2019-10-24,-0.001800504627568228
2019-10-25,-0.0015329819495209368
2019-10-28,0.001172491678854276
2019-10-29,0.0020710466184351017
2019-10-30,0.0005395683584144412
2019-10-31,0.0028727912746034784
2019-11-01,0.001254255674193766
2019-11-04,-0.00224084708118491
2019-11-05,-0.006662489756959128
2019-11-06,0.0005418585881698385
2019-11-07,-0.002802768436634809
2019-11-08,-0.0023567813664404913
2019-11-13,-0.0011806912955996396
2019-11-14,0.0010899183640254995
2019-11-15,0.0027196100526421796
2019-11-18,0.0029830530595401084
2019-11-19,-0.00036110860733666594
2019-11-20,-0.0010841088784254022
2019-11-21,0.0003615002298744119
2019-11-22,-0.003439539958638424
2019-11-25,-0.001815047235743772
2019-11-26,0.00027246719209475523
2019-11-27,-0.0009085128270944348
2019-12-02,0.005069260425559233
2019-12-03,0.0012633100398795338
2019-12-04,-0.0011730206623634665
2019-12-05,0.002524798455733404
2019-12-06,-0.004693996703278677
2019-12-09,0.0013563002214782155
2019-12-10,0.0020760940796273747
2019-12-11,0.0001803263912559111
2019-12-12,0.0020714196626282766
2019-12-13,0.0011689072049819588
2019-12-16,0.0009880092419108227
2019-12-17,0.0008076457566491696
2019-12-18,-0.0031445154161923866
2019-12-19,0.0013488604176323943
2019-12-20,-0.0046838493124264635
2019-12-23,0.0013533633138891887
2019-12-24,-0.0006313416218724915
2019-12-27,0.006464378768987367
2019-12-30,0.003840833626129303
2019-12-31,0.0008911068135561556
2020-01-03,0.0006267066770320878
2020-01-06,0.0012522362995926323
2020-01-07,-0.004389704697316685
2020-01-08,-0.0018872169159989266
2020-01-09,-0.0009899654320623674
2020-01-10,0.0011698539016967713
2020-01-13,0.0017073284463645227
2020-01-14,-0.0007185198800233189
2020-01-15,0.0026917916657115126
2020-01-16,-0.0026019484420762296
2020-01-17,-0.0034197297545662114
2020-01-22,-0.000991839944255557
2020-01-23,-0.003977226611274809
2020-01-24,-0.0013594962895081553
2020-01-27,-0.000635064661851828
2020-01-28,-0.0009987743146521871
2020-01-29,-0.0003634381286597016
2020-01-30,0.002541297428672498
2020-01-31,0.004522029954157333
2020-02-03,-0.0018063588726716373
2020-02-04,-0.0017190685074925244
2020-02-05,-0.0033561644274267416
2020-02-06,-0.0024562213849716324
2020-02-07,-0.002644900990085644
2020-02-10,-0.0031098534164178543
2020-02-11,9.160445204041412e-05
2020-02-12,-0.0022008261978239962
2020-02-13,-0.004139649902268616
2020-02-14,-0.0008299903644268108
2020-02-19,-0.0019436352085710207
2020-02-20,0.0002778935685524564
2020-02-21,0.005357485565251646
2020-02-24,0.00018422991946009937
2020-02-25,0.001012658314386114
2020-02-26,0.0017467253349416761
2020-02-27,0.008232757806136387
2020-02-28,0.002184003052119368
2020-03-02,0.014708137916777067
2020-03-03,0.0009848248255566877
2020-03-04,-0.0040349752121790206
2020-03-05,0.006448168500187174
2020-03-06,0.010390395862642385
2020-03-09,0.008883474577581055
2020-03-10,-0.006853554636027714
2020-03-11,-0.005481403521923611
2020-03-12,-0.017799316115724273
2020-03-13,-0.0013545854782704425
2020-03-16,0.0065751193871345925
2020-03-17,-0.015197036027698799
2020-03-18,-0.012658396871923508
2020-03-19,-0.012446751806960754
2020-03-20,-0.001590197238890964
2020-03-23,0.007275472816059822
2020-03-24,0.0031548694628125568
2020-03-25,0.003791210791871308
2020-03-26,0.01738378634458744
2020-03-27,0.003079154760313299
2020-03-30,-0.003714277042698333
2020-03-31,-0.0001815376241710437
2020-04-01,-0.0074715609535461885
2020-04-02,-0.0066067408601538785
2020-04-03,-0.006002141847650147
2020-04-06,0.0010182828928942816
2020-04-07,0.007190959354110585
2020-04-08,-0.002022989195667957
2020-04-09,0.006148218495358029
2020-04-10,0.0018279869819236988
2020-04-13,-0.004117679789752235
2020-04-14,0.005942331331483988
2020-04-15,-0.0056672912197341385
2020-04-16,-0.006345140604119462
2020-04-17,0.003958942702424417
2020-04-20,-0.0008273199901957934
2020-04-21,-0.001840943082515839
2020-04-22,-0.0023059549949706604
2020-04-23,-0.0012936612412203508
2020-04-24,-0.0015731276089266805
2020-04-27,0.0028667888501470312
2020-04-28,0.000646203576606233
2020-04-29,0.0015676152410292465
2020-04-30,0.007435661008929631
2020-05-01,0.005836237612815598
2020-05-04,-0.007941983412661419
2020-05-05,-0.006159523036542519
2020-05-06,-0.003510396214545089
2020-05-07,0.0008325239831479675
2020-05-08,0.003599616236191011
2020-05-11,-0.003322262191977704
2020-05-12,0.004243157367105038
2020-05-13,-0.002488365875482096
2020-05-14,-0.00342007081068417
2020-05-15,0.0014803851704340981
2020-05-18,0.00810317509362335
2020-05-19,0.003021841958857102
2020-05-20,0.003923899728296029
2020-05-21,-0.00246204473977521
2020-05-22,-0.005401212380126794
2020-05-27,-9.116185794179332e-05
2020-05-28,0.009075295974289854
2020-05-29,0.0034271317814960622
2020-06-01,0.0014394964249093145
2020-06-02,0.00385841027827645
2020-06-03,0.007139062981841263
2020-06-04,0.0067352257444582425
2020-06-05,-0.0022105318696765963
2020-06-08,-0.00035413900325846626
2020-06-09,0.004858452205071764
2020-06-10,0.0006166586109168093
2020-06-11,0.0020234907709338334
2020-06-12,-0.011046906560595648
2020-06-15,0.001509568283824994
2020-06-16,-0.0009765192306915582
2020-06-17,-0.003559039258165836
2020-06-18,-0.0002674392705933337
2020-06-19,-0.002410177466650093
2020-06-22,0.006325469885960111
2020-06-23,0.00549111290292402
2020-06-24,-0.004425961018089175
2020-06-25,-0.004534751913649784
2020-06-26,-0.0005348547105576973
2020-06-29,0.001959736953593652
2020-06-30,0.0
2020-07-01,0.0019559038952281366
2020-07-02,-0.0019559038952281366
2020-07-07,-0.0007077767259989903
2020-07-08,0.002651583664242438
2020-07-09,-0.002740090988281263
2020-07-10,0.0017686598172617224
2020-07-13,0.004056085271609555
2020-07-14,0.003689068742405599
2020-07-15,0.0
2020-07-16,0.0023643778254856807
2020-07-17,0.00043723493329153595
2020-07-20,0.000349650353212716
2020-07-21,0.004621362368807752
2020-07-22,0.007971621799780476
2020-07-23,0.003102113646645671
2020-07-24,0.0010319030926840278
2020-07-27,0.009835443835912977
2020-07-28,-0.0014478561486812314
2020-07-29,0.0031485368306986283
2020-07-30,0.0017826073223509153
2020-07-31,0.0026256738076413655
2020-08-03,-0.006108961812009678
2020-08-04,0.001360775852096291
2020-08-05,0.011156302323449607
2020-08-06,-0.0035362502119828387
2020-08-07,-0.006770506567210649
2020-08-10,-0.0016998134298495116
2020-08-11,0.0006802721350775975
2020-08-12,0.0027164702612813008
2020-08-13,0.0018633019704530074
2020-08-14,0.0012684454789390065
2020-08-17,0.003037720671946381
2020-08-18,0.004958618388069158
2020-08-19,-0.002518258696723452
2020-08-20,-0.003030305349179113
2020-08-21,-0.00736137351405336
2020-08-24,0.00237509654445045
2020-08-25,0.0012700564765509292
2020-08-26,-0.00042317295709992653
2020-08-27,0.0009307442394629883
2020-08-28,0.006491065994456868
2020-08-31,0.004108848177216989
2020-09-01,-8.368550990278667e-05
2020-09-02,-0.009163963411757375
2020-09-03,-0.0006759040473608702
2020-09-04,-0.0010147134305465988
2020-09-09,0.0017797368992805151
2020-09-10,0.005909683725227849
2020-09-11,-0.004133108662973034
2020-09-14,0.0036279305769578996
2020-09-15,-0.002360877993710181
2020-09-16,-0.0009290148888262406
2020-09-17,-0.0010144560849710271
2020-09-18,0.002871623594957212
2020-09-21,-0.010172165357946628
2020-09-22,-0.002901025925357764
2020-09-23,-0.002224124099051261
2020-09-24,-0.0009424667621318605
2020-09-25,-0.004123008761105218
2020-09-28,0.003608561352005546
2020-09-29,0.004876597763672219
2020-09-30,0.0005119454036726645
2020-10-01,0.0024707147818850417
2020-10-02,-0.003921908002546964
2020-10-05,0.006641148291299831
2020-10-06,-0.0005092946379500751
2020-10-07,-0.0010193680801146854
2020-10-08,-0.001105489291547218
2020-10-09,0.005599878879386427
2020-10-14,0.0015324368740460004
2020-10-15,-0.004604373755212027
2020-10-16,0.0013664704491976876
2020-10-19,0.0060412861894298675
2020-10-20,0.00304929933039752
2020-10-21,0.003882844415730835
2020-10-22,-0.003882844415730835
2020-10-23,0.0016900460334988987
2020-10-26,-0.002366865010266117
2020-10-27,0.0015221990254236928
2020-10-28,-0.007038400902698361
2020-10-29,-0.007945703728445996
2020-10-30,-0.0009440035028431271
2020-11-02,-0.0011167906319451137
2020-11-03,0.007706177360076338
2020-11-04,0.0005116398167380465
2020-11-05,0.00671228995376047
2020-11-06,0.006499284325324373
2020-11-09,-0.006329936314758783
2020-11-10,-8.467042043922013e-05
2020-11-13,0.0008460953208023758
2020-11-16,0.0016900460334988987
2020-11-17,0.00151860317719002
2020-11-18,0.0005899456578334072
2020-11-19,-0.002192983335010279
2020-11-20,0.0011814347365755318
2020-11-23,-0.0026179130772952253
2020-11-24,0.004050638449845462
2020-11-25,0.002859307305046327
2020-12-01,0.00758747959902592
2020-12-02,0.004475392850249116
2020-12-03,0.004866992490333316
2020-12-04,-0.0008232485852295301
2020-12-07,-0.0003294892945788497
2020-12-08,-0.0022268968747498896
2020-12-09,-0.002562938032244666
2020-12-10,0.003140758016128453
2020-12-11,-0.000495253827704295
2020-12-14,0.0027208657590427343
2020-12-15,0.0010698268723950133
2020-12-16,0.0013972796421227451
2020-12-17,0.006794116094886504
2020-12-18,-0.0017963587748829613
2020-12-21,-0.0004904765895759888
2020-12-22,-0.004753717664356366
2020-12-23,0.0018057954508997054
2020-12-29,0.0031882307815773447
2020-12-30,0.002282733748467519
2020-12-31,-0.004079973019915334
2021-01-05,0.003340261364693037
2021-01-06,-0.00040675209021237557
2021-01-07,-0.00203624586749096
2021-01-08,-0.001060488739923704
2021-01-11,-0.006797454615865783
2021-01-12,-8.217939767127258e-05
2021-01-13,-0.0007399186427106408
2021-01-14,-0.0002467612597345237
2021-01-15,-0.004700070495205877
2021-01-22,0.0029602850332915986
2021-01-25,-0.0033721296913100385
2021-01-26,0.0007411983044702808
2021-01-27,-0.0037941319022182785
2021-01-28,0.0017338897131778386
2021-01-29,0.001071855649471487
2021-02-01,-0.005370804069124546
2021-02-02,-0.004151106002378696
2021-02-03,0.0004158868847632946
2021-02-04,-0.004250183488664461
2021-02-05,0.005081438731874971
2021-02-08,0.000830564831799302
2021-02-09,0.0050515614026608036
2021-02-10,0.002145392356839332
2021-02-11,-0.00041221815168007714
2021-02-12,-8.246402511577489e-05
2021-02-17,-0.005383258683347297
2021-02-18,0.0029850768434533936
2021-02-19,0.004790626160521699
2021-02-22,0.0015643657218555873
2021-02-23,-0.001070091059844458
2021-02-24,8.235536343959016e-05
2021-02-25,0.007057308135551055
2021-02-26,-0.011183407404094431
2021-03-01,-0.0032302177422860734
2021-03-02,0.002071852562288923
2021-03-03,-0.0004968532728909514
2021-03-04,-0.0023219182834157692
2021-03-05,-0.010935456860338894
2021-03-08,-0.005470703371892732
2021-03-09,0.003033624977554189
2021-03-10,0.0012612993053265076
2021-03-11,0.00653323372478698
2021-03-12,-0.0021730054518091235
2021-03-15,-0.002932676281792418
2021-03-16,-0.0018478083537480927
2021-03-17,0.0008403361839049994
2021-03-18,0.001762410762088218
2021-03-19,-0.001426473915055404
2021-03-22,0.0019294498666432847
2021-03-23,-0.00504118022747746
2021-03-24,-0.0034594811534988668
2021-03-25,-0.004574728412114398
2021-03-26,0.0017815487214720982
2021-03-29,-0.0016117406042360782
2021-03-30,-0.004680262128001322
2021-03-31,0.001619295534297932
2021-04-01,0.0024665119882823494
2021-04-02,-0.0007648183929221675
2021-04-05,0.003987618230966772
2021-04-06,0.0035499995020478736
2021-04-07,0.0032010809913716742
2021-04-08,0.0011767673880454521
2021-04-09,-0.000588210596347033
2021-04-12,0.0008401949746491555
2021-04-13,0.002683889894213115
2021-04-14,0.0029272801399091164
2021-04-15,-0.0008354917354587987
2021-04-16,0.0013364519196017166
2021-04-19,0.0039986724389794726
2021-04-20,0.0014123709405518825
2021-04-21,-0.0009967606108090554
2021-04-22,-0.0017467253349416623
2021-04-23,0.004734031514677051
2021-04-26,0.0011593244094101618
2021-04-27,-0.00033109842202977413
2021-04-28,0.0015717420615811717
2021-04-29,0.000991407880278461
2021-04-30,-0.006628027578413381
2021-05-03,0.0024077391348678867
2021-05-04,-0.0037386326934857605
2021-05-05,-0.0009160178847620881
2021-05-06,0.0038250503979318506
2021-05-07,0.00958130729434642
2021-05-10,0.0004109307639499904
2021-05-11,-8.217264477278219e-05
2021-05-12,-0.007837353980428646
2021-05-13,-0.00033134526479425275
2021-05-14,0.005865119452397982
2021-05-17,0.0011524532062485437
2021-05-18,0.003941215381615709
2021-05-19,0.0010647447666289056
2021-05-20,0.000736467444604344
2021-05-21,-0.0038519901745533436
2021-05-24,0.0026242429362310637
2021-05-25,0.0018819299421659608
2021-05-26,-0.0023734512103562033
2021-05-27,-0.0008197393687987553
2021-05-28,0.0
2021-06-02,-0.002290014904423876
2021-06-03,-0.0074789746598582785
2021-06-04,0.004198400898366067
2021-06-07,0.002215567311751543
2021-06-08,-0.001640689457459904
2021-06-09,0.00032835331110966925
2021-06-10,-0.0009032311654013081
2021-06-11,-0.005932290611543906
2021-06-14,0.0020638138336234735
2021-06-15,-0.0004949270083705049
2021-06-16,-8.251165481804046e-05
2021-06-17,-0.01731212608758642
2021-06-18,-0.003279656473739262
2021-06-21,0.003111730360834175
2021-06-22,8.396658134995905e-05
2021-06-23,0.003352895010310941
2021-06-24,-0.0019265407809876678
2021-06-25,0.0010893703679239197
2021-06-28,-0.00016751821799787514
2021-06-29,-0.002768109807632091
2021-06-30,-0.004799402973328287
2021-07-01,0.0007593335104357224
2021-07-02,-0.0007593335104357224
2021-07-07,-0.0011008087821467727
2021-07-08,0.0031298930089276866
2021-07-09,0.001772077591279092
2021-07-12,-0.0002529617619627389
2021-07-13,-0.003802125318793037
2021-07-14,0.0010998774322553417
2021-07-15,-0.0016926205801405247
2021-07-16,0.00033875339077327205
2021-07-19,-0.0005081731285780933
2021-07-20,-0.0023748950941724634
2021-07-21,0.0019512201312617272
2021-07-22,-0.002375902687438536
2021-07-23,-0.0008499065614441526
2021-07-26,0.004157657340371518
2021-07-27,0.0017765750622548149
2021-07-28,-0.0018612526523811845
2021-07-29,0.006499284325324373
2021-07-30,-0.0018526321088380981
2021-08-02,0.00075830984802433
2021-08-03,-0.0011798417009970807
2021-08-04,-0.0015189876338384256
2021-08-05,-0.0002533890802864369
2021-08-06,-0.006525723399633809
2021-08-09,-0.0010208422834638575
2021-08-10,-0.002300712531198179
2021-08-11,0.0012788270637494048
2021-08-12,-8.520427730623892e-05
2021-08-13,0.005099450112349219
2021-08-16,-0.0016969289665093867
2021-08-17,-0.005278854318929882
2021-08-18,-0.0010249403015462621
2021-08-19,-0.0007693952078628441
2021-08-20,-0.00025659667420435683
2021-08-23,0.003586375631227545
2021-08-24,0.0011926059851231907
2021-08-25,0.0010211028797353638
2021-08-26,0.00025511288883628414
2021-08-27,0.0028019547094129404
2021-08-30,8.478528132596641e-05
2021-08-31,0.00042381861198065307
2021-09-01,0.004228336109521225
2021-09-02,0.0006748777040356813
2021-09-03,0.002190212315185208
2021-09-08,-0.0026196829111201636
2021-09-09,0.000761260345497089
2021-09-10,-0.0005074425007400574
2021-09-13,-0.0010156581490952388
2021-09-14,0.001269411586701269
2021-09-15,-0.0011000635761356792
2021-09-16,-0.003987279937961691
2021-09-17,-0.002553410188080363
2021-09-20,-0.0004262029643000709
2021-09-21,-0.0004263846907219815
2021-09-22,0.0012786090477389656
2021-09-23,-0.0003408025933982206
2021-09-24,-0.001705757343227865
2021-09-27,-0.001110304593714695
2021-09-28,-0.0017961771924852599
2021-09-29,-0.0059245440111755365
2021-09-30,-0.0030186749387921263
2021-10-01,0.0018122982306574553
2021-10-04,0.0020671841986649453
2021-10-05,-0.001119194297014986
2021-10-06,-0.0054416027171568515
2021-10-07,0.001298308054442615
2021-10-08,0.000951022420704134
2021-10-13,0.00233675297814126
2021-10-14,0.001986269490199033
2021-10-15,0.00025878801093315307
2021-10-18,0.0012929364383576503
2021-10-19,0.0019792614352648064
2021-10-20,0.0009452202637152962
2021-10-21,0.0
2021-10-22,-0.0009452202637152962
2021-10-25,-0.0019792614352648064
2021-10-26,-0.001638002004238387
2021-10-27,0.0008624407606585283
2021-10-28,0.007300869878502453
2021-10-29,-0.011447385840350932
2021-11-01,0.0033703527561375346
2021-11-02,-0.0008631107043674258
2021-11-03,0.0002590114411201161
2021-11-04,-0.0032857790046187385
2021-11-05,0.0006926407203318719
2021-11-08,0.0031109599925865927
2021-11-09,-8.628499940638301e-05
2021-11-10,-0.006232167665483679
2021-11-15,-0.001924423267107872
2021-11-16,-0.007734942317658533
2021-11-17,-0.0009710881363431123
2021-11-18,0.0031746058407724764
2021-11-19,-0.003527962734908713
2021-11-22,-0.005137756008787783
2021-11-23,0.00044395117266357587
2021-11-24,-0.006144002231000784
2021-11-29,-0.0036342724927630604
2021-11-30,0.002306192258600695
2021-12-01,0.0031844343584132573
2021-12-02,-0.0015024970788034553
2021-12-03,0.00017688157824483075
2021-12-06,-0.002301904513559494
2021-12-07,-0.0031071088958997406
2021-12-08,0.007352648618030255
2021-12-09,-0.003979664770415892
2021-12-10,0.002389698884717864
2021-12-13,-0.0012383902511466371
2021-12-14,-0.0027476197210414
2021-12-15,-0.0005326704671402838
2021-12-16,0.0042534401743013345
2021-12-17,-0.0028336156390393746
2021-12-20,0.0018604656529197239
2021-12-21,-0.0023039443066912163
2021-12-22,0.0046025926532741596
2021-12-23,-0.00035329447461644736
2021-12-28,-0.001324912970387629
2021-12-29,0.0020308161144976244
2021-12-30,-0.0016773343151295361
2022-01-04,0.0005313025893155521
2022-01-05,0.0034466032086060833
2022-01-06,-0.0024732810063841787
2022-01-07,0.00450033850213262
2022-01-10,-0.0026448045038767465
2022-01-11,0.00308492598450813
2022-01-12,0.0059665001077692514
2022-01-13,0.0028827274822294524
2022-01-14,-0.0043710184113544825
2022-01-19,0.0008817565159962293
2022-01-20,-0.0008817565159962293
2022-01-21,0.0008817565159962293
2022-01-24,-0.003177968776346407
2022-01-25,-0.002390121971719991
2022-01-26,-0.00035457849852942036
2022-01-27,-0.012310592580600119
2022-01-28,0.001703959875985414
2022-01-31,0.004648676349376851
2022-02-01,0.0024052392335881245
2022-02-02,0.005324353690979167
2022-02-03,0.011089710553159354
2022-02-04,0.0026223791251903383
2022-02-07,-0.0018349430636792896
2022-02-08,-0.0015754926672442715
2022-02-09,0.0016629473002091888
2022-02-10,0.004537133688522765
2022-02-11,-0.007251790112841577
2022-02-14,-0.00863061279732652
2022-02-15,0.0050289046827730055
2022-02-16,0.0015828353638805415
2022-02-17,-0.0014948343078110826
2022-02-18,-0.003261207773364999
2022-02-23,-0.0022949961525156604
2022-02-24,-0.014419475471958779
2022-02-25,0.009547250747526687
2022-02-28,-0.0032910859147287364
2022-03-01,-0.010839000728031192
2022-03-02,-9.006980415905697e-05
2022-03-03,-0.004423387939151327
2022-03-04,-0.01283878322771205
2022-03-07,-0.004776786595316787
2022-03-08,0.001931834463085605
2022-03-09,0.017130259434611855
2022-03-10,-0.005616974362232213
2022-03-11,-0.006379897688166075
2022-03-14,0.003832820899506817
2022-03-15,-0.0004555186158118618
2022-03-16,0.002002731666215618
2022-03-17,0.01031403334853942
2022-03-18,-0.005958309583630583
2022-03-21,0.0003621220390829655
2022-03-22,-0.002356140645947344
2022-03-23,-0.0019070977037449338
2022-03-24,0.0004544008802683519
2022-03-25,-0.0019098728009935145
2022-03-28,-0.0007285311313942056
2022-03-29,0.011503229059269385
2022-03-30,0.005299334268146452
2022-03-31,-0.006290459276072663
2022-04-01,-0.004517535691528712
2022-04-04,-0.00462900758500033
2022-04-05,-0.006480194264402078
2022-04-06,-0.0007328020846386896
2022-04-07,-0.0011919498958546243
2022-04-08,-0.0023881705113692475
2022-04-11,9.195825101886157e-05
2022-04-12,-0.002117182178062449
2022-04-13,0.0020252239270435873
2022-04-14,-0.007198923567970722
2022-04-15,0.001480933258442993
2022-04-18,-0.0025003485730814012
2022-04-19,0.000370816728083298
2022-04-20,0.006282936680512163
2022-04-21,-0.0016592924161022427
2022-04-22,-0.004530961563569677
2022-04-25,-0.008095703267804677
2022-04-26,-0.003931853033900479
2022-04-27,-0.01056115426866644
2022-04-28,-0.004655811536193939
2022-04-29,0.003517615453912902
2022-05-02,-0.001519612791239848
2022-05-03,0.0010449818079121057
2022-05-04,0.0006644203177368427
2022-05-05,-0.003040960245161553
2022-05-06,0.006167295035404516
2022-05-09,-0.0012304199176653083
2022-05-10,-0.002655288425917328
2022-05-11,0.000569584218930573
2022-05-12,-0.015397425603247791
2022-05-13,0.003271435612734609
2022-05-16,0.0009601536983434508
2022-05-17,0.010691205308841989
2022-05-18,-0.003614576369542759
2022-05-19,0.008823168096722553
2022-05-20,-0.002648256536865297
2022-05-23,0.010270029495390423
2022-05-24,0.00709885290116867
2022-05-25,-0.00803667534634589
2022-05-26,0.0062666809394900935
2022-05-27,-0.001492955395342735
2022-06-01,-0.007952514194424692
2022-06-02,0.008138872748821635
2022-06-03,-0.0011186726252845336
2022-06-06,-0.002054155717633177
2022-06-07,-0.00018695083247569078
2022-06-08,0.004011760756724811
2022-06-09,-0.007851975282685261
2022-06-10,-0.012749853971882642
2022-06-13,-0.0081118925516687
2022-06-14,-0.001918281808268571
2022-06-15,-0.0026917916657115473
2022-06-16,0.013671994597958093
2022-06-17,-0.005522771607451481
2022-06-22,0.003312671620547228
2022-06-23,-0.00758800947094912
2022-06-24,0.0034217313111613995
2022-06-27,0.005865674339160937
2022-06-28,-0.00634021522976317
2022-06-29,-0.0054257426903695505
2022-06-30,-0.0007638690336101081
2022-07-01,-0.005747692803886574
2022-07-06,-0.007930721549897584
2022-07-07,-0.0013771397022034199
2022-07-08,0.0018685160572330418
2022-07-11,-0.00888192950402261
2022-07-12,-0.0018852017291406068
2022-07-13,0.001191067138326729
2022-07-14,-0.005271283775757605
2022-07-15,0.006064541130195279
2022-07-18,0.0070127207240936965
2022-07-19,0.007647845885055703
2022-07-20,-0.0020532884261048913
2022-07-21,-0.0019594402271979616
2022-07-22,0.00274214254677671
2022-07-25,-0.001370131355464592
2022-07-26,-0.009347241765682046
2022-07-27,-0.0007911392817710559
2022-07-28,0.00542648462968166
2022-07-29,0.003830105345105434
2022-08-01,0.006643244439731969
2022-08-02,-0.0074277120226167205
2022-08-03,-0.0047197727733518605
2022-08-04,0.007364888202441017
2022-08-05,-0.005002217286470722
2022-08-08,0.003631549360892796
2022-08-09,0.001859737236446165
2022-08-10,0.01079619492854032
2022-08-11,9.673518749984955e-05
2022-08-12,-0.007866027448573638
2022-08-15,-0.0069461708628611556
2022-08-16,-0.0011787820618394708
2022-08-17,-0.0009833809426557337
2022-08-18,-0.00493146280012626
2022-08-19,-0.007443094948401825
2022-08-22,-0.010312982518266548
2022-08-23,0.004017683186612379
2022-08-24,-0.0009025723924161663
2022-08-25,-0.0008029710358167098
2022-08-26,0.003908408041876146
2022-08-29,0.0002000200026670447
2022-08-30,0.0017983819413793973
2022-08-31,0.004680584156329676
2022-09-01,-0.01149150792125336
2022-09-02,0.008008050803342657
2022-09-07,0.0028203080740987372
2022-09-08,0.0014071768328647784
2022-09-09,0.008999160822507297
2022-09-12,0.008228051376807119
2022-09-13,-0.013117548719616335
2022-09-14,-0.00040020010539143345
2022-09-15,-0.00020016012877072922
2022-09-16,0.002199560974784284
2022-09-19,-0.0009992007226221865
2022-09-20,-0.000900135081030403
2022-09-21,-0.011472401162236788
2022-09-22,-0.003955179842928001
2022-09-23,-0.012474599395514901
2022-09-26,-0.009926666147069704
2022-09-27,-0.0007276885814120546
2022-09-28,0.006736823945082647
2022-09-29,0.009560597110028705
2022-09-30,0.000920386627328594
2022-10-03,0.0026541461068868635
2022-10-04,0.016982112349191544
2022-10-05,-0.011187941119823587
2022-10-06,-0.006100059582505004
2022-10-07,-0.0021438423810019452
2022-10-12,-0.006684173171533751
2022-10-13,0.009038681092446703
2022-10-14,-0.004201041067663766
2022-10-17,0.010622099668012041
2022-10-18,-0.00010160020328779315
2022-10-19,-0.006319458397060482
2022-10-20,0.004387090646006543
2022-10-21,0.003252365911951079
2022-10-24,0.001926099231987631
2022-10-25,0.008571625112831292
2022-10-26,0.010885412323566861
2022-10-27,-0.008278110405290761
2022-10-28,-0.005120750182619878
2022-10-31,-0.004944760062578436
2022-11-01,-0.0014172911868293812
2022-11-02,0.0004051453514347138
2022-11-03,-0.011816374627861526
2022-11-04,0.013839642895205012
2022-11-07,0.010255468930514594
2022-11-08,0.009160673441198459
2022-11-09,-0.00516745659457886
2022-11-10,0.013753741766103098
2022-11-15,0.003380176090070082
2022-11-16,0.002215053633558478
2022-11-17,-0.005208345107138301
2022-11-18,0.0007733204831978924
2022-11-21,-0.010783608650644372
2022-11-22,0.003704791212245661
2022-11-23,0.008527183452226316
2022-11-28,-0.0015393499287535695
2022-11-29,-0.0028926835328358935
2022-11-30,-0.003191646405838258
2022-12-01,0.016810347346655076
2022-12-02,0.002188496996042684
2022-12-05,-0.002569594561630653
2022-12-06,0.0002858367891406116
2022-12-07,0.0007618322433029928
2022-12-08,0.004464081118049662
2022-12-09,-0.00018955549293794838
2022-12-12,-0.0004740459913375322
2022-12-13,0.008028378423118598
2022-12-14,0.0023490731967238457
2022-12-15,-0.001596769230454445
2022-12-16,-0.002635543694234195
2022-12-19,0.0013186401081863308
2022-12-20,0.001034855918122364
2022-12-21,-0.0033907916070824926
2022-12-22,-0.0010383726802631194
2022-12-23,0.0031118889745478107
2022-12-28,-0.0030080864945998542
2022-12-29,0.004321284319560359
2022-12-30,0.002808201789290629
2023-01-04,0.005760438989415445
2023-01-05,-0.009270712505177324
2023-01-06,0.009176546113093063
2023-01-09,0.013097764190063615
2023-01-10,-0.0020468931597736467
2023-01-11,0.00027936862872014745
2023-01-12,0.007698410232290717
2023-01-13,-0.001109365002375115
2023-01-18,0.00314523848555201
2023-01-19,-0.0015713826776443257
2023-01-20,0.0019407612024831544
2023-01-23,0.0031342208547929518
2023-01-24,0.0007360383072193694
2023-01-25,0.002571876130609191
2023-01-26,-0.003215880016890202
2023-01-27,-0.000828614879616163
2023-01-30,0.0009206408309993669
2023-01-31,-0.0008285385974551168
2023-02-01,0.0054190718148729305
2023-02-02,9.159606143359367e-05
2023-02-03,-0.008554529471012387
2023-02-06,-0.009560568483207535
2023-02-07,-0.0015867833636999118
2023-02-08,0.002705351712990897
2023-02-09,0.002512213463618254
2023-02-10,-0.008492421904593317
2023-02-13,0.004488505758996633
2023-02-14,0.0003731343326874442
2023-02-15,-0.003644012441595637
2023-02-16,9.360228396405879e-05
2023-02-17,-0.0005617451697198933
2023-02-22,-0.0031954914409428117
2023-02-23,-0.0037725216862889432
2023-02-24,-0.003597126180849536
2023-02-27,0.004824757479085451
2023-02-28,0.0005660911557910098
2023-03-01,0.006768215346138633
2023-03-02,-0.007428686191490508
2023-03-03,0.00198010530964398
2023-03-06,0.007320539496633256
2023-03-07,-0.01137925477615035
2023-03-08,-0.0022725130507177185
2023-03-09,0.002650763646244239
2023-03-10,0.007722773361083887
2023-03-13,0.0069185017923874825
2023-03-14,-0.0010254020940412417
2023-03-15,-0.01759465814919358
2023-03-16,0.008224274744054995
2023-03-17,0.0023508403322616417
2023-03-20,0.007019543072876944
2023-03-21,0.004373930941397819
2023-03-22,0.0021334825587108475
2023-03-23,0.00903981803941438
2023-03-24,-0.011823525877641128
2023-03-27,0.0025056855019750662
2023-03-28,0.0050848350672161036
2023-03-29,-0.0016612832616329648
2023-03-30,0.006720393532388513
2023-03-31,-0.002480365058332129
2023-04-03,0.0017460832447068059
2023-04-04,0.005494016200072727
2023-04-05,-0.003017972934056118
2023-04-06,0.0008239872290423667
2023-04-07,-0.0012820514576556002
2023-04-10,-0.006711743119452496
2023-04-11,0.006070100492369612
2023-04-12,0.00739965921487408
2023-04-13,0.006079597692327243
2023-04-14,-0.006716917329686503
2023-04-17,-0.005937446079477521
2023-04-18,0.003931793114316948
2023-04-19,-0.00045639177461463676
2023-04-20,0.0015508829455294082
2023-04-21,0.0002734357215231631
2023-04-24,0.00490910076787944
2023-04-25,-0.00536486851652819
2023-04-26,0.007629464801156796
2023-04-27,-0.003171872703242276
2023-04-28,0.0020855064910215437
2023-05-01,-0.006360766561810477
2023-05-02,0.002458234041658458
2023-05-03,0.004717417802240623
2023-05-04,-0.003626806042771852
2023-05-05,0.0015430000792257814
2023-05-08,-0.000544316442723361
2023-05-09,-0.0060984123831590575
2023-05-10,0.001186185640247292
2023-05-11,-0.004569974135764793
2023-05-12,-0.005511680313524017
2023-05-15,0.0016566961911609196
2023-05-16,-0.0007359705943975059
2023-05-17,-0.0033185871164321395
2023-05-18,-0.004998621904836437
2023-05-19,0.003982408597373671
2023-05-22,-0.0012023122835624067
2023-05-23,-0.0032441980532409292
2023-05-24,-0.0012076735175821918
2023-05-25,-0.00307219903697023
2023-05-26,-0.0011195075336596777
2023-05-31,-0.006362296910538731
2023-06-01,0.009156375285986368
2023-06-02,-0.002607563407080793
2023-06-05,-0.00027978549961013566
2023-06-06,-0.0024280923397338866
2023-06-07,0.0006542973547440656
2023-06-08,0.007261925591738244
2023-06-09,-0.0028798384899247492
2023-06-12,-0.0001860811319101957
2023-06-13,0.00417847304643848
2023-06-14,0.006189110329308786
2023-06-15,0.006791509217584202
2023-06-16,-0.0007319974706938154
2023-06-21,0.004667987058523976
2023-06-22,0.00018261504798737505
2023-06-23,-0.006043974442566477
2023-06-26,0.002110382945936448
2023-06-27,0.004663718388606991
2023-06-28,-0.005213823839354884
2023-06-29,-0.0021115454253564647
2023-06-30,0.0035778213478839943
2023-07-03,-9.157928482977917e-05
2023-07-06,0.00045996045151106
2023-07-07,0.008334526424927047
2023-07-10,0.0024595776462238983
2023-07-11,9.097939323018944e-05
2023-07-12,0.011847301129898805
2023-07-13,0.006362883859275498
2023-07-14,0.003833984456597453
2023-07-17,-8.899568376806444e-05
2023-07-18,-0.0011576652078783278
2023-07-19,-0.0024979939834007536
2023-07-20,-0.005373949341387213
2023-07-21,-0.0013480118868944707
2023-07-24,-0.0033328860289203593
2023-07-25,-0.0029819748297542498
2023-07-26,0.0025307316471502583
2023-07-27,-0.007247721525289005
2023-07-28,0.0037210189505916674
2023-07-31,-0.0017226533114462206
2023-08-01,-0.004456375889414679
2023-08-02,-0.00292104269769998
2023-08-03,0.0007310609847664407
2023-08-04,0.008097210232619292
2023-08-07,-0.0032673835566689596
2023-08-08,-0.004464496504748547
2023-08-09,0.0021891826676129073
2023-08-10,0.003728802465118669
2023-08-11,-0.005370240003097507
2023-08-14,-0.0031994176932941265
2023-08-15,0.0005491990984722306
2023-08-16,-0.00219860843420272
2023-08-17,-0.002755075670502677
2023-08-18,9.195825101886157e-05
2023-08-21,0.0011946883744172326
2023-08-22,-0.0038649169302960307
2023-08-23,0.001474111193784669
2023-08-24,-0.003319811237867426
2023-08-25,-0.0036089429814941537
2023-08-28,0.0021299262578248768
2023-08-29,0.003785609986953667
2023-08-30,0.006888028335455376
2023-08-31,-0.007994529139912984
2023-09-01,-0.004809035440320936
2023-09-06,-0.0012126301565236752
2023-09-07,-0.0009337940728958438
2023-09-08,0.00046700603286528586
2023-09-11,0.003262949802198531
2023-09-12,-0.0016767586602030315
2023-09-13,0.0010250198912650915
2023-09-14,-0.007197301714299997
2023-09-15,0.0012187691941292905
2023-09-18,0.0020591546025410246
2023-09-19,-0.0010290472866543998
2023-09-20,0.0028973336778257835
2023-09-21,-0.004771046049132685
2023-09-22,-0.00037516413870901377
2023-09-25,-0.006493834876166435
2023-09-26,-0.00170100211114272
2023-09-27,-0.00597639686152969
2023-09-28,0.006449187754928552
2023-09-29,0.0005670541688663211
2023-10-02,-0.007968169649176841
2023-10-03,-0.004486238612907728
2023-10-04,0.006199056616582516
2023-10-05,0.0008553101020352116
2023-10-06,0.006533186140635638
2023-10-11,0.00018834165231301075
2023-10-12,-0.006328836124839775
2023-10-13,-0.004844464473285487
2023-10-16,0.004180925892610453
2023-10-17,0.00444676450608094
2023-10-18,-0.005775163980296073
2023-10-19,0.0036015582480833225
2023-10-20,0.002079199312506108
2023-10-23,0.005085235555913323
2023-10-24,-0.004802043030303141
2023-10-25,-0.0011332516086750496
2023-10-26,-0.004830698477524563
2023-10-27,0.005680757560589431
2023-10-30,0.0026400166191405117
2023-10-31,-0.004908448593768669
2023-11-01,-0.002842795432930055
2023-11-02,0.007562902374385713
2023-11-03,0.010772433337907457
2023-11-06,0.0013035383596289446
2023-11-07,-0.005598596316256574
2023-11-08,0.0026165793827805928
2023-11-09,-0.000466744465882879
2023-11-14,0.014934649830038504
2023-11-15,-0.0007368518340212238
2023-11-16,-0.0001842978258072836
2023-11-17,0.002577083800875138
2023-11-20,0.0060484055358806105
2023-11-21,-0.0020120731134201653
2023-11-22,-0.004771964639542853
2023-11-27,0.00027433588028116795
2023-11-28,0.006379897688166075
2023-11-29,-0.003458321612057641
2023-11-30,-0.005576647445854982
2023-12-01,-0.0027540639825729823
2023-12-04,-0.004976510132282161
2023-12-05,-0.003424185475194935
2023-12-06,0.0002780738767512586
2023-12-07,0.00037064492640771773
2023-12-08,-0.004456831889821253
2023-12-11,9.305355238649338e-05
2023-12-12,0.003993133411027042
2023-12-13,0.00027799657316593396
2023-12-14,0.01872473248558812
2023-12-15,-0.008309411824927476
2023-12-18,0.001282873812889218
2023-12-19,0.005206204388420302
2023-12-20,-0.0018236532819232154
2023-12-21,0.0030072469922738376
2023-12-22,0.0016365127754578712
2023-12-27,0.007133535149029813
2023-12-28,-0.0036958621417582938
2023-12-29,-0.0009939011434848266
2024-01-03,-0.004390384807636455
2024-01-04,0.004390384807636455
2024-01-05,0.0
2024-01-08,0.0017325495602731888
2024-01-09,-0.0037424168547982445
2024-01-10,0.0022836273911384652
2024-01-11,-0.001552299083563538
2024-01-12,0.0014610540449492143
2024-01-17,-0.0022079125804742167
2024-01-18,0.00046038396835444695
2024-01-19,0.002206897447429093
2024-01-22,0.0007345514975401479
2024-01-23,-0.006076247750340769
2024-01-24,0.006626807499979195
2024-01-25,-0.005888323205363297
2024-01-26,0.002672443188473095
2024-01-29,-0.005444575808302779
2024-01-30,0.003417859315390556
2024-01-31,0.0010138716938359604
2024-02-01,0.000920810378137904
2024-02-02,-0.007204908315100983
2024-02-05,-0.004739125163965921
2024-02-06,0.001396193273764862
2024-02-07,0.0016728628436529086
2024-02-08,0.0004641879115980796
2024-02-09,0.000742252771135099
2024-02-12,-0.000742252771135099
2024-02-13,-0.005024668615685943
2024-02-14,0.0013982756880882713
2024-02-15,0.0024190558875110124
2024-02-16,0.0007431491284885794
2024-02-21,0.00036982248942227236
2024-02-22,-0.0002773540442133071
2024-02-23,0.001201312347032732
2024-02-26,0.00249043157820035
2024-02-27,0.00018422991946009937
2024-02-28,-0.0012903227596702538
2024-02-29,-0.0033256381690163622
2024-03-01,0.002310643848890556
2024-03-04,0.0027657434427344613
2024-03-05,-9.20683147545287e-05
2024-03-06,0.004776347833053668
2024-03-07,0.002562461363700211
2024-03-08,0.0
2024-03-11,-0.0011888976662186856
2024-03-12,-0.0009154994688682916
2024-03-13,0.002378557520628724
2024-03-14,-0.005130095531029735
2024-03-15,0.0
2024-03-18,-0.00018370533715664217
2024-03-19,-0.002483330777244816
2024-03-20,-0.00027630670219555564
2024-03-21,0.00046046876533112346
2024-03-22,-0.004059420649746431
2024-03-25,0.0018472342927056268
2024-03-26,-0.0007384842946158987
2024-03-27,-0.0007390300567306635
2024-03-28,-0.001849968153174536
2024-03-29,-0.0009262690547406222
2024-04-01,-0.005389345882209254
2024-04-02,0.003348528847356577
2024-04-03,0.005371377982017353
2024-04-04,0.0035035993796317805
2024-04-05,-0.0022113710292382266
2024-04-08,0.001106296784723071
2024-04-09,0.0002763830686901003
2024-04-10,-0.011022202080569393
2024-04-11,-0.0013980150466525038
2024-04-12,-0.007019543072876944
2024-04-15,-0.0002818092170263284
2024-04-16,-0.0015043252178757183
2024-04-17,0.0015043252178757183
2024-04-18,0.0015020656222557785
2024-04-19,-0.000469153187118182
2024-04-22,0.0
2024-04-23,0.003747076983788497
2024-04-24,-0.000748292991609209
2024-04-25,0.0031763853313430956
2024-04-26,-0.003269961338523142
2024-04-29,0.0028967921952804954
2024-04-30,-0.00308397048314564
2024-05-01,-0.0003744617156656166
2024-05-02,0.0024314984391407
2024-05-03,0.0059601591971076145
2024-05-06,0.0008353056311942858
2024-05-07,-0.001113895965911535
2024-05-08,-0.001115138113886624
2024-05-09,0.001486574648939823
2024-05-10,0.00018566654342230815
2024-05-13,0.002132691243702717
2024-05-14,0.002035718293477179
2024-05-15,0.0038749010565541503
2024-05-16,0.0013802624689582543
2024-05-17,-0.0005518763936978588
2024-05-20,-0.0007363092831507989
2024-05-21,-0.0005525879676439721
2024-05-22,-0.0017518791074064982
2024-05-23,-0.0008309098940873783
2024-05-24,0.0023063804679240574
2024-05-29,-0.006270191128311398
2024-05-30,0.0024020706302239625
2024-05-31,0.0008301434780106642
2024-06-03,0.004048588526000166
2024-06-04,-0.0011025359440999805
2024-06-05,-0.0011957872923761131
2024-06-06,0.0016553250055316576
2024-06-07,-0.007007866392896078
2024-06-10,-0.005195298817937621
2024-06-11,-0.0016756660037036686
2024-06-12,0.010196602990657652
2024-06-13,-0.008055972083426788
2024-06-14,-0.005313459250148575
2024-06-17,0.002240688081539058
2024-06-18,0.0014910076380708903
2024-06-21,-0.0013082891315663175
2024-06-24,0.003081091088752444
2024-06-25,-0.002053005573646058
2024-06-26,-0.0021508401240675212
2024-06-27,0.0024310437405274526
2024-06-28,0.0002801251243864933
2024-07-01,0.0015858951968848317
2024-07-02,0.0008385744726211591
2024-07-03,0.005757816798624221
2024-07-08,0.0006462632362675552
2024-07-09,-0.0020325210249223097
2024-07-10,0.0009243853496094245
2024-07-11,0.0043332018201086425
2024-07-12,0.0029395575089711384
2024-07-15,0.0009168424590170615
2024-07-16,-0.0024774064145954566
2024-07-17,0.0044000437658369
2024-07-18,-0.001830999321394966
2024-07-19,-0.0022934737817877776
2024-07-22,-0.0007350239213683024
2024-07-23,-0.00230043809754156
2024-07-24,-0.00018426386637725167
2024-07-25,0.0007368518340212238
2024-07-26,-0.00018416206313556782
2024-07-29,-0.003690381529327047
2024-07-30,-0.0009247272713705929
2024-07-31,0.0012943788789435556
2024-08-01,-0.003146402743806384
2024-08-02,0.011519272194837116
2024-08-05,0.003932152659216009
2024-08-06,-0.0028332514497302203
2024-08-07,-9.152899187205021e-05
2024-08-08,-0.001007372217613739
2024-08-09,0.001007372217613739
2024-08-12,0.00027456184678037454
2024-08-13,0.002376383533095272
2024-08-14,0.006370027909773285
2024-08-15,-0.00345297935087413
2024-08-16,0.0009098353825705285
2024-08-19,0.006707176417546298
2024-08-20,0.003246756098869985
2024-08-21,0.0033259952455014508
2024-08-22,-0.0026059232071874716
2024-08-23,0.005563047096931159
2024-08-26,-0.0010743062805848302
2024-08-27,-0.0003583587209108202
2024-08-28,-0.0029613697776015163
2024-08-29,-0.003691536177950483
2024-08-30,-0.0023480549034241432
2024-09-04,0.003435186889194655
2024-09-05,0.0013527530583419128
2024-09-06,-0.000901632014917414
2024-09-09,-0.003976867135760037
2024-09-10,-0.0015407625289432098
2024-09-11,-0.0011798340525488865
2024-09-12,0.0026300291766391815
2024-09-13,0.003977226611274809
2024-09-16,0.003422193541617463
2024-09-17,-0.00044962007861465425
2024-09-18,-0.00017990465102042663
2024-09-19,0.00278489152722923
2024-09-20,0.0010759437960776302
2024-09-23,-0.002602181916110613
2024-09-24,0.001795332618674303
2024-09-25,-0.0006279998412108273
2024-09-26,0.003672687426537563
2024-09-27,-0.0022378382878904257
2024-09-30,-0.001255380365731848
2024-10-01,-0.007023259555183944
2024-10-02,-0.0015372793188864753
2024-10-03,-0.0031724477094554338
2024-10-04,-0.004914462020719962
2024-10-07,0.0013675527499429213
2024-10-08,-0.0005467966963904752
2024-10-09,-0.0017334979935167832
2024-10-10,-0.002377035311968201
2024-10-11,0.0015548546599803703
2024-10-16,-0.0023883898915623147
2024-10-17,-0.003316447074754106
2024-10-18,0.0015674707003547617
2024-10-21,-0.003137402222877478
2024-10-22,-0.001387283459486216
2024-10-23,-0.002409193159357878
2024-10-24,0.0025017386223825933
2024-10-25,0.000647578541525945
2024-10-28,0.0005547337420364618
2024-10-29,-0.0019429159093411197
2024-10-30,0.006093639020245026
2024-10-31,-0.0008287674860852634
2024-11-01,-0.0006450721322153324
2024-11-04,0.0033130897229601414
2024-11-05,0.0033021493957591658
2024-11-06,-0.017366037753381414
2024-11-07,0.005575186342077057
2024-11-08,-0.00762723444579734
2024-11-13,-0.002929366611676705
2024-11-14,-0.00047328317415226
2024-11-15,-0.0009472388697280495
2024-11-18,0.0032169580207824025
2024-11-19,-0.0007560007920075495
2024-11-20,-0.005403112817637466
2024-11-21,-0.0043817940179492615
2024-11-22,-0.007281818130105755
2024-11-25,0.007568173307932274
2024-11-26,0.00028627320201228545
2024-11-27,0.008928630744301447
2024-12-02,-0.005991173833317244
2024-12-03,0.0032377897059926095
2024-12-04,0.0008553101020352116
2024-12-05,0.004171017517338192
2024-12-06,-0.0007570739455007511
2024-12-09,0.0006624710411210419
2024-12-10,-0.005502338139891594
2024-12-11,-0.00038058991896122024
2024-12-12,0.0005708305739628092
2024-12-13,-0.0015229395671481072
2024-12-16,0.0013326989121465183
2024-12-17,-0.0005709392104848374
2024-12-18,-0.0035280131945519405
2024-12-19,-0.01075588973047599
2024-12-20,0.007023649405939164
2024-12-23,-0.0020154524793497483
2024-12-24,-0.0020195227328293
2024-12-27,0.0
2024-12-30,-0.003556157335058069
2024-12-31,-0.003375612020514132
2025-01-03,0.003016593539425523
2025-01-06,0.01015040857633559
2025-01-07,-0.002696717419692178
2025-01-08,-0.005415350242208995
2025-01-09,-0.0014555337099823838
2025-01-10,-0.005843413588558114
2025-01-13,-0.002836603848513263
2025-01-14,0.008097210232619344
2025-01-15,-0.0009721007861847146
2025-01-16,0.0020403213296180597
2025-01-17,-0.0015541528140380415
2025-01-22,-0.00028786643196434397
2025-01-23,0.0
2025-01-24,0.009075772829442302
2025-01-27,-0.002189747150036045
2025-01-28,-0.0062144661971711215
2025-01-29,-0.001055510341242523
2025-01-30,0.000383950859007387
2025-01-31,-0.0019212301778938831
2025-02-03,-0.011897417504390918
2025-02-04,0.009876145340215893
2025-02-05,0.0038465284468947175
2025-02-06,-0.004906922820127883
2025-02-07,-0.003768666585422492
2025-02-10,-0.0016472073876101674
2025-02-11,0.003291705944437142
2025-02-12,0.004436307786975013
2025-02-13,0.003458216702956929
2025-02-14,0.006690266758852849
2025-02-19,-0.004889047748340036
2025-02-20,0.006608902940089777
2025-02-21,-0.0019111329276045308
2025-02-24,0.0021974881054310502
2025-02-25,0.0019069418440800581
2025-02-26,0.0015229395671481072
2025-02-27,-0.009556647656548768
2025-02-28,-0.0011529593898266938
2025-03-03,0.00899613685085257
2025-03-04,0.003613888859464183
2025-03-05,0.02197065184117447
2025-03-06,0.00463264054686334
2025-03-07,0.003782815785528179
2025-03-10,-0.0020280242939052368
2025-03-11,0.008270585647750073
2025-03-12,-0.0001830496069544496
2025-03-13,-0.006059511746890386
2025-03-14,0.0011964476140790548
2025-03-17,0.004588426881119476
2025-03-18,0.00045768685864630565
2025-03-19,-0.004586322476895208
2025-03-20,-0.002669736913673365
2025-03-21,-0.003879195776165717
2025-03-24,-0.0011111112254230532
2025-03-25,0.0009260117339181806
2025-03-26,-0.0021311103733882286
2025-03-27,0.0017608085731931483
2025-03-28,0.002404514244612077
2025-03-31,-0.0027749532190280285
2025-04-01,0.0003704389744159514
2025-04-02,0.006276557433927216
2025-04-03,0.01678871549706877
2025-04-04,-0.0034442162208803695
2025-04-07,-0.009304089739183452
2025-04-08,0.0
2025-04-09,0.01166193974784309
2025-04-10,0.0136741965142307
2025-04-11,0.011813434005917736
2025-04-14,0.002909670086142957
2025-04-15,-0.006004963293670076
2025-04-16,0.008115782019361598
2025-04-17,-0.0015826961889906788
2025-04-18,0.0022853134671492192
2025-04-21,0.01030666823021073
2025-04-22,-0.0036563112031104683
2025-04-23,-0.010168390558779355
2025-04-24,0.0011447190084604153
2025-04-25,0.0015828353638805415
2025-04-28,0.0005270555287153478
2025-04-29,0.0007900628071938198
2025-04-30,-0.004132782316659922
2025-05-01,-0.0061870446612222185
2025-05-02,0.004511485382135277
2025-05-05,-0.0013247959544143012
2025-05-06,0.00264783914630444
2025-05-07,0.0002643987147998572
2025-05-08,-0.008762281135916095
2025-05-09,0.001865092240996083
2025-05-12,-0.014658825232269454
2025-05-13,0.006283119135245138
2025-05-14,0.0026807271884321943
2025-05-15,-0.0015181963175086993
2025-05-16,-0.0042991557484045595
2025-05-19,0.008490912164817621
2025-05-20,0.0016007117690900186
2025-05-21,0.007877192565818383
2025-05-22,-0.005480918954122227
2025-05-23,0.006097849304628339
2025-05-28,-0.003537948144664918
2025-05-29,0.0074152882154962935
2025-05-30,-0.0020249159535922767
2025-06-02,0.007463048818713874
2025-06-03,-0.005174315425258813
2025-06-04,0.004474280394921176
2025-06-05,0.0013995803544231133
2025-06-06,-0.003765823078053593
2025-06-09,0.0024537739066703146
2025-06-10,-0.00017507002845834618
2025-06-11,0.005848225108854216
2025-06-12,0.0076296537961484945
2025-06-13,-0.0018154316635086154
2025-06-16,0.0020745102089363143
2025-06-17,-0.0039799325765235705
2025-06-18,-0.0012144345698005266
2025-06-23,0.001561280566952511
2025-06-24,0.006048579747189142
2025-06-25,0.0010332358418783383
2025-06-26,0.008313027262253386
2025-06-27,0.0005972441626276026
2025-06-30,0.003915898423539316
2025-07-01,0.0005096407143350135
2025-07-02,0.0011881525627591982
2025-07-03,-0.0027178545692164435
2025-07-08,-0.0022184309439513272
2025-07-09,0.0
2025-07-10,-0.001624279049137034
2025-07-11,0.0006842285590242525
2025-07-14,-0.0020540917869381337
2025-07-15,-0.004551122019759768
2025-07-16,0.0008602891101814336
2025-07-17,-0.002755534336340043
2025-07-18,0.0041304593617382535
2025-07-21,0.005139197606569779
2025-07-22,0.003752029642561411
2025-07-23,-8.511724906190565e-05
2025-07-24,0.0014460088429522067
2025-07-25,-0.002979359513941765
2025-07-28,-0.01036900330948537
2025-07-29,-0.006481464162677891
2025-07-30,-0.00556426405194152
2025-07-31,-0.0034059680976379902
2025-08-01,0.010789280682702657
2025-08-04,0.0011244216900649084
2025-08-05,0.0010368067284401983
2025-08-06,0.0057691639756657365
2025-08-07,-0.0005152868544110178
2025-08-08,0.0016308316562424208
2025-08-11,-0.004555816535860596
2025-08-12,0.005670118284040543
2025-08-13,0.003591589289232755
2025-08-14,-0.006079046076382072
2025-08-15,0.0054813429462625685
2025-08-18,-0.003508024987919467
2025-08-19,-0.0006001629193737312
2025-08-20,-0.0009438415047062776
2025-08-21,-0.0037842996912395566
2025-08-22,0.009263296361337187
2025-08-25,-0.00367788978927297
2025-08-26,-0.0011145883607693585
2025-08-27,-0.003953933292826173
2025-08-28,0.005239886575615416
2025-08-29,0.0019685888156578124
2025-09-03,0.0019717954007420213
2025-09-04,-0.0024009615375381044
2025-09-05,0.00948441338694847
2025-09-08,-0.0006805614894746792
2025-09-09,-0.002385619262112837
2025-09-10,-0.0007680164221006147
2025-09-11,0.0015354434476140821
2025-09-12,-0.0015354434476140821
2025-09-15,0.004939122703635834
2025-09-16,0.00643524659427136
2025-09-17,-0.0002532393547488576
2025-09-18,-0.005502659387308262
2025-09-19,-0.0022946510727235303
2025-09-22,0.0017002469453426816
2025-09-23,0.0022907573755592547
2025-09-24,-0.004927373829624909
2025-09-25,-0.005893674971467894
2025-09-26,0.001626364578473316
2025-09-29,0.0032448154163846055
2025-09-30,0.00042616663760269846
2025-10-01,-0.001023105213295683
2025-10-02,-0.0023058210822684833
2025-10-03,0.004350985834326332
2025-10-06,-0.0034109353442135504
2025-10-07,-0.0028228067159361547
2025-10-08,-0.005841941013182694
2025-10-09,-0.0040578514562864265
2025-10-10,0.004660805951490571
2025-10-15,0.002581090652591378
2025-10-16,0.0023172992389152436
2025-10-17,0.0007712413082059111
2025-10-20,-0.0015430778886955931
2025-10-21,-0.003437610810463454
2025-10-22,-0.0003444119200567697
2025-10-23,0.0
2025-10-24,0.0012049231167754193
2025-10-27,0.0008597713537962792
2025-10-28,0.001974673318199116
2025-10-29,0.00042876131514812954
2025-10-30,-0.008610351112202708
2025-10-31,-0.0019909117158320444
2025-11-03,-0.0008668516492884859
2025-11-04,-0.003474940513482516
2025-11-05,-0.0005222841344350304
2025-11-06,0.0046907660714689825
2025-11-07,0.0033741434442822182
2025-11-10,-0.0028543028503540957
2025-11-13,0.004905134399258715
2025-11-14,-0.0027507968863022814
2025-11-17,-0.0016368730770889017
2025-11-18,-0.0016395568241128755
2025-11-19,-0.003373851550182494
2025-11-20,-0.0005200658867325625
2025-11-21,-0.0024305567521191174
2025-11-24,0.0010423906433788266
2025-11-25,0.003034114416400946
2025-11-26,0.003283791405726433
2025-12-01,0.0019807955492520957
2025-12-02,-0.0023256826021619548
2025-12-03,0.005503969862937219
2025-12-04,-8.576697119197507e-05
2025-12-05,-0.0020606171968992615
2025-12-08,-0.0007738274750961338
2025-12-09,0.0011175586806803361
2025-12-10,0.0009446520518703871
2025-12-11,0.009057568544961286
2025-12-12,-0.0021288380330875822
2025-12-15,0.0021288380330875822
2025-12-16,0.001190172715514498
2025-12-17,-0.0018709079358117109
2025-12-18,-0.0016186057970056233
2025-12-19,-0.0006823027983249019
2025-12-22,0.002471135849124839
2025-12-23,0.0022103213963524104
2025-12-24,0.0003396162369201927
2025-12-29,-0.0008502678855933921
2025-12-30,0.0007652736226549939
2025-12-31,-0.002467981338645314
