observation_date,DEXUSEU_logreturn,DGS2_diff,USEPUINDXD_diff,VIXCLS,trade_sum_ma3,sanctions_sum_ma3,fed_pressure_sum_ma3
2017-01-10,-0.0003782863672878,-0.02,0.1400000000000005,11.49,35.0,8.333333333333334,0.0
2017-01-11,-0.0067385060181863,0.01,2.6599999999999966,11.26,35.0,8.333333333333334,0.0
2017-01-12,0.0155906214545541,-0.02,-11.240000000000007,11.54,0.0,0.0,0.0
2017-01-13,-0.0038513973679299,0.03,22.24000000000001,11.23,0.0,0.0,0.0
2017-01-17,0.0065666277238883,-0.04,25.40000000000001,11.87,13.333333333333334,6.666666666666667,0.0
2017-01-18,-0.0012162606167902,0.06,-25.370000000000005,12.48,13.333333333333334,6.666666666666667,0.0
2017-01-19,-0.004879889563722,0.02,-40.03,12.78,13.333333333333334,0.0,0.0
2017-01-23,0.0102948967268621,-0.09,59.21000000000001,11.77,11.666666666666666,0.0,0.0
2017-01-24,0.0008376379102077,0.05,-18.620000000000005,11.07,6.666666666666667,0.0,0.0
2017-01-25,-0.000558347306521,0.02,38.98999999999998,10.81,10.0,0.0,0.0
2017-01-26,-0.0068183143707434,-0.02,-85.88999999999999,10.63,26.666666666666668,4.0,0.0
2017-01-27,0.0018726597232918,0.01,45.80000000000001,10.58,47.66666666666666,5.666666666666667,0.0
2017-01-30,-0.0008422629293953,0.0,-19.99000000000001,11.88,13.333333333333334,0.0,0.0
2017-01-31,0.0105239620888925,-0.03,24.22999999999999,11.99,13.333333333333334,0.0,0.0
2017-02-01,-0.0033407603454,0.03,18.99000000000001,11.81,13.333333333333334,0.0,0.0
2017-02-02,0.0040816383196485,-0.01,-44.75,11.93,15.0,33.333333333333336,0.6666666666666666
2017-02-03,-0.0009261832652447,0.0,17.75,10.97,15.0,33.333333333333336,0.6666666666666666
2017-02-06,-0.0056683699604643,-0.05,19.55000000000001,11.37,23.33333333333333,13.333333333333334,0.0
2017-02-07,-0.0038280239080365,0.0,-29.01000000000002,11.29,0.0,6.666666666666667,0.0
2017-02-08,0.0016824006211522,-0.01,-2.8299999999999983,11.45,0.0,8.333333333333334,0.0
2017-02-09,-0.0046803417835154,0.05,-44.64999999999999,10.88,0.0,8.333333333333334,0.0
2017-02-10,-0.0007508917191565,0.0,156.9,10.85,0.0,1.6666666666666667,0.0
2017-02-13,-0.0044229122117728,0.0,-153.39,11.07,3.333333333333333,8.333333333333334,0.0
2017-02-14,-0.0024551475977452,0.05,42.35000000000001,10.74,3.333333333333333,23.33333333333333,0.0
2017-02-15,0.0018891098467831,0.02,9.959999999999994,11.97,6.666666666666667,16.666666666666668,0.0
2017-02-16,0.0059274765449995,-0.05,-41.09,11.76,6.666666666666667,16.666666666666668,0.0
2017-02-17,-0.0043245343319954,-0.01,54.22,11.49,3.333333333333333,0.0,0.0
2017-02-21,-0.0059532422457481,0.01,-55.74999999999999,11.57,3.333333333333333,0.0,0.0
2017-02-22,0.000379039140329,0.0,139.17000000000002,11.74,0.0,0.0,0.0
2017-02-23,0.0029326921355117,-0.04,-141.97000000000003,11.71,0.0,0.0,0.0
2017-02-24,-0.0005669470056424,-0.0599999999999998,14.260000000000003,11.47,0.0,0.0,0.0
2017-02-27,0.0041501663039246,0.0799999999999998,18.370000000000005,12.09,0.0,0.0,0.0
2017-02-28,-0.0005649185725982,0.02,-3.1200000000000045,12.92,0.0,0.0,0.0
2017-03-01,-0.005098679726594,0.07,-2.3499999999999943,12.54,0.0,0.0,0.0
2017-03-02,-0.0047442920376295,0.03,13.36999999999999,11.81,0.0,0.0,0.0
2017-03-03,0.0036077130177571,0.0,-36.36,10.96,0.0,0.0,0.0
2017-03-06,0.0032169580207824,-0.01,15.38000000000001,11.24,0.0,0.0,0.0
2017-03-07,-0.0003779289538557,0.01,-33.120000000000005,11.45,0.0,0.0,0.0
2017-03-08,-0.0033129851874628,0.04,53.34,11.86,0.0,0.0,0.0
2017-03-09,0.0036909141413186,0.01,-29.14,12.3,1.6666666666666667,1.0,0.0
2017-03-10,0.0076224902075499,-0.01,-13.72,11.66,1.6666666666666667,1.0,0.0
2017-03-13,0.0002812016703162,0.0399999999999998,-25.15000000000001,11.35,0.0,0.0,0.0
2017-03-14,-0.0023457669682191,0.0,65.8,12.3,0.0,0.0,0.0
2017-03-15,-0.0014101059915862,-0.0699999999999998,37.17999999999999,11.63,3.333333333333333,0.0,0.0
2017-03-16,0.0101086596465213,0.02,-68.03999999999999,11.21,3.333333333333333,0.0,0.0
2017-03-17,0.0003724394828898,-0.02,60.56999999999999,11.28,18.33333333333333,8.333333333333334,0.0
2017-03-20,0.0011164869042186,-0.03,9.680000000000009,11.34,13.333333333333334,0.0,0.0
2017-03-21,0.0051938532636306,-0.03,22.78,12.47,0.0,0.0,0.0
2017-03-22,-0.0009254975209428,0.0,-118.67,12.81,0.0,0.0,0.0
2017-03-23,-0.001204428736882,-0.01,-17.129999999999995,13.12,0.0,0.0,0.0
2017-03-24,0.001759830028582,0.0,57.7,12.96,0.0,0.0,0.0
2017-03-27,0.0070085126418596,0.01,-23.25,12.5,13.333333333333334,0.0,0.0
2017-03-28,-0.0027606532670483,0.03,6.609999999999999,11.53,26.666666666666668,6.666666666666667,0.0
2017-03-29,-0.0088856563900671,-0.04,-23.090000000000003,11.42,26.666666666666668,6.666666666666667,0.0
2017-03-30,-0.0027930378458846,0.02,24.91,11.54,37.66666666666666,9.333333333333334,0.0
2017-03-31,-0.002613892451675,-0.01,129.82,12.37,37.66666666666666,2.6666666666666665,0.0
2017-04-03,-0.004027542558478,-0.03,-105.61,12.38,0.0,20.0,0.0
2017-04-04,0.0008443173258271,0.01,-11.810000000000002,11.79,0.0,20.0,0.0
2017-04-05,-0.0002813599080694,-0.01,-28.67,12.89,0.0,20.0,0.0
2017-04-06,-0.0009384385073094,0.0,7.099999999999994,12.39,0.0,0.0,0.0
2017-04-07,-0.0032914874311221,0.05,-14.449999999999989,12.87,0.0,0.0,0.0
2017-04-10,-0.0009424183149682,0.0,50.13,14.05,4.0,0.0,0.0
2017-04-11,0.0007540056907648,-0.05,-76.2,15.07,19.33333333333333,11.0,0.0
2017-04-12,-0.0002826855142499,0.0,37.63,15.77,22.666666666666668,11.0,0.0
2017-04-13,0.0017889934624033,-0.03,-19.76,15.96,29.33333333333333,24.33333333333333,0.0
2017-04-17,0.002818226383842,0.0,60.26,14.66,30.0,0.0,0.0
2017-04-18,0.0043059132334909,-0.03,-48.6,14.42,30.0,0.0,0.0
2017-04-19,9.340120494343018e-05,0.01,21.92,14.93,23.33333333333333,0.0,0.0
2017-04-20,0.0047519306749179,0.02,-37.45,14.15,15.0,0.6666666666666666,0.0
2017-04-21,-0.0059668273245111,-0.01,68.65,14.63,34.0,10.0,0.0
2017-04-24,0.0141135118923291,0.05,19.529999999999987,10.84,13.333333333333334,0.0,0.0
2017-04-25,0.008720852075784,0.04,-85.22,10.76,30.0,0.0,0.0
2017-04-26,-0.0063265236458103,-0.01,11.580000000000004,10.85,28.33333333333333,0.0,0.0
2017-04-27,-0.0007361060325021,-0.03,-7.340000000000003,10.36,73.33333333333333,0.0,0.0
2017-04-28,0.0028493975802427,0.03,-0.2700000000000031,10.82,63.333333333333336,13.333333333333334,0.0
2017-05-01,0.0015591327045231,0.0,34.7,10.11,0.0,0.0,0.0
2017-05-02,-0.0001833012561268,-0.01,-7.909999999999997,10.59,0.0,0.0,0.0
2017-05-03,0.0009161704717796,0.03,-2.789999999999992,10.68,0.0,0.0,0.0
2017-05-04,0.0042947934613127,0.02,97.68,10.46,0.0,0.0,0.0
2017-05-05,0.0026408065249273,0.0,-112.26,10.57,1.6666666666666667,1.0,0.0
2017-05-08,-0.0062032674745649,0.01,40.94000000000001,9.77,20.0,0.0,0.0
2017-05-09,-0.0048617258536865,0.04,-28.200000000000003,9.96,20.0,0.0,0.0
2017-05-10,-0.0001839249591353,-0.02,-17.63000000000001,10.21,0.0,0.0,0.0
2017-05-11,-0.0003679514345625,0.0,-17.539999999999992,10.6,0.0,0.0,0.0
2017-05-12,0.005230569392476,-0.06,79.62,10.4,0.0,0.0,1.6666666666666667
2017-05-15,0.0048390872790695,0.02,40.03999999999999,10.42,0.0,0.0,0.0
2017-05-16,0.0084350416227182,-0.02,-51.44,10.65,0.0,6.666666666666667,0.0
2017-05-17,0.0055840908860022,-0.03,-55.21,15.59,0.0,6.666666666666667,0.0
2017-05-18,-0.0003593244738625,0.01,26.690000000000005,14.66,3.333333333333333,6.666666666666667,0.0
2017-05-19,0.0053763570363803,0.01,-2.25,12.04,3.333333333333333,0.0,0.0
2017-05-22,0.0041023869181633,0.01,-3.61,10.93,0.0,0.0,0.0
2017-05-23,-0.0033877183152957,0.02,-18.64,10.72,0.0,0.0,0.0
2017-05-24,-0.0020560504270689,-0.02,11.11999999999999,10.02,0.0,0.0,0.0
2017-05-25,0.0038404905865126,0.01,-24.45,9.99,0.0,0.0,0.0
2017-05-26,-0.0042880180050357,0.0,11.259999999999998,9.81,0.0,0.0,0.0
2017-05-30,0.001163154964942,-0.02,-17.549999999999997,10.38,49.333333333333336,8.666666666666666,0.0
2017-05-31,0.0047281411959458,0.0,122.8,10.41,36.0,8.666666666666666,0.0
2017-06-01,-0.0019599115405164,0.0,-68.11999999999999,9.89,29.33333333333333,4.333333333333333,0.0
2017-06-02,0.0049813303502041,0.0,-38.68000000000001,9.75,1.6666666666666667,1.6666666666666667,0.0
2017-06-05,-0.0017761994012557,0.04,213.22,10.07,0.0,0.0,0.0
2017-06-06,0.0014212118220931,-0.02,-189.28,10.45,0.0,6.666666666666667,0.0
2017-06-07,-0.002666431230525,0.02,-39.23,10.39,0.0,6.666666666666667,0.0
2017-06-08,-0.0016924245789108,0.01,-12.910000000000004,10.16,0.0,6.666666666666667,0.0
2017-06-09,-0.0024099623392524,0.02,32.64,10.7,6.666666666666667,0.0,0.0
2017-06-12,0.0012503350740282,0.0,32.83,11.46,13.666666666666666,0.0,0.0
2017-06-13,-0.0008929369286943,0.0299999999999998,45.94,10.42,0.3333333333333333,0.0,0.0
2017-06-14,0.0073873327809827,-0.0299999999999998,-95.85,10.64,0.3333333333333333,0.0,0.0
2017-06-15,-0.0111463992319825,0.0,18.33,10.9,0.0,0.0,0.0
2017-06-16,0.0037590664509997,-0.03,13.019999999999996,10.38,5.0,2.6666666666666665,0.6666666666666666
2017-06-19,-0.0030419635160028,0.04,-4.769999999999996,10.37,0.0,0.0,0.0
2017-06-20,-0.0032310205814465,0.0,17.939999999999998,10.86,0.0,0.0,0.0
2017-06-21,0.0017065616931984,0.0,-2.280000000000001,10.75,10.0,0.0,0.0
2017-06-22,0.0004486115547848,-0.02,2.8300000000000125,10.48,10.0,0.0,0.0
2017-06-23,0.0042964620335052,0.0,41.24999999999999,10.02,10.0,0.0,0.0
2017-06-26,0.0,0.02,-90.12,9.9,0.0,0.0,0.0
2017-06-27,0.0092461540650877,0.0199999999999997,48.17999999999999,11.06,0.0,0.0,0.0
2017-06-28,0.0056477382736467,-0.0399999999999998,2.210000000000008,10.03,0.0,0.0,0.0
2017-06-29,0.0049157402359225,0.0399999999999998,-29.86,11.44,13.333333333333334,13.333333333333334,0.0
2017-06-30,-0.0007884017753214,0.0,46.44,11.18,45.333333333333336,35.0,0.0
2017-07-03,-0.0038633817479691,0.03,-10.230000000000004,11.22,16.666666666666668,0.0,0.0
2017-07-05,-0.0027309183161942,0.0,-44.62,11.07,54.66666666666666,19.33333333333333,0.0
2017-07-06,0.006419015225853,-0.01,19.410000000000004,12.54,38.0,19.33333333333333,0.0
2017-07-07,-0.0011401009785705,0.0,83.96,11.19,44.66666666666666,6.0,0.0
2017-07-10,0.0,0.0,-67.47,11.11,29.666666666666668,22.33333333333333,0.0
2017-07-11,0.0029790611710574,-0.0299999999999998,-7.709999999999994,10.89,21.33333333333333,19.0,0.0
2017-07-12,-0.0016636753541766,-0.02,-15.189999999999998,10.3,3.333333333333333,0.0,0.0
2017-07-13,-0.0022811029368396,0.02,3.5,9.9,3.333333333333333,0.0,0.0
2017-07-14,0.0058676877201656,-0.02,17.069999999999993,9.51,17.666666666666668,0.0,0.0
2017-07-17,0.0015705439054107,0.01,1.9899999999999949,9.82,24.666666666666668,0.0,0.0
2017-07-18,0.0093718145155334,0.0,-3.780000000000001,9.89,9.0,0.0,0.0
2017-07-19,-0.0051957165723322,0.01,-37.39999999999999,9.79,9.0,0.0,0.0
2017-07-20,0.0100208164040891,0.0,48.98,9.58,0.0,0.0,0.0
2017-07-21,0.0018034269991507,-0.01,-27.040000000000006,9.36,0.0,0.0,0.0
2017-07-24,-0.0011160236381767,0.01,232.62,9.43,0.0,0.0,0.0
2017-07-25,0.00120182004336,0.0299999999999998,-143.3,9.43,25.666666666666668,0.0,0.0
2017-07-26,-0.0020611481017401,-0.0399999999999998,-82.41000000000001,9.6,25.666666666666668,0.0,0.0
2017-07-27,0.0020611481017401,0.0,-39.79,10.11,25.666666666666668,0.0,0.0
2017-07-28,0.0083725392975549,-0.02,4.840000000000003,10.29,0.0,0.0,0.0
2017-07-31,0.0061068892081795,0.0,35.63999999999999,10.26,36.0,6.0,0.0
2017-08-01,-0.002285715280856,0.0,-10.189999999999998,10.09,0.0,0.0,0.0
2017-08-02,0.0052409249293565,0.02,-13.389999999999992,10.28,0.0,0.0,0.0
2017-08-03,0.0016006068873601,-0.02,3.619999999999997,10.44,8.333333333333334,0.0,0.0
2017-08-04,-0.0106627057440401,0.02,2.8999999999999986,10.03,15.0,0.0,0.0
2017-08-07,0.0028884566849896,0.0,32.75000000000001,9.93,25.33333333333333,92.33333333333331,0.0
2017-08-08,-0.0054440420268022,0.0,-39.78000000000001,10.96,25.33333333333333,48.333333333333336,0.0
2017-08-09,0.0020449904877276,-0.03,5.210000000000001,11.11,25.33333333333333,55.0,0.0
2017-08-10,0.0002553300154302,0.0,4.510000000000005,16.04,0.0,20.0,0.0
2017-08-11,0.0050929572779062,-0.03,-24.660000000000004,15.51,0.0,13.333333333333334,0.0
2017-08-14,-0.0021189142139885,0.03,47.01,12.33,72.33333333333333,0.0,0.0
2017-08-15,-0.004251345575041,0.02,-2.1099999999999994,12.04,72.33333333333333,0.0,0.0
2017-08-16,-0.0028158216480515,-0.02,-39.12,11.74,89.0,0.0,0.0
2017-08-17,0.0028158216480515,-0.01,9.11,15.55,16.666666666666668,0.0,0.0
2017-08-18,0.0010219724956931,0.01,3.520000000000003,14.26,23.33333333333333,0.0,0.0
2017-08-21,0.0056022555486698,-0.01,0.2899999999999991,13.19,0.0,0.0,0.0
2017-08-22,-0.0044112728472793,0.01,13.65,11.35,6.666666666666667,0.0,0.0
2017-08-23,0.0033950125972127,-0.01,-5.210000000000008,12.25,6.666666666666667,0.0,0.0
2017-08-24,-8.47349913653539e-05,0.01,-26.169999999999995,12.23,13.333333333333334,0.0,0.0
2017-08-25,0.006166862204872,0.02,29.250000000000007,11.28,13.333333333333334,0.0,0.0
2017-08-28,0.0083029788862228,-0.02,8.33999999999999,11.32,44.66666666666666,3.333333333333333,0.0
2017-08-29,0.0043337012571182,0.0,0.9699999999999988,11.7,44.66666666666666,3.333333333333333,0.0
2017-08-30,-0.0081830783952927,0.0,-39.43999999999999,11.22,13.333333333333334,6.666666666666667,0.0
2017-08-31,-0.0027706663121301,0.0,1.3200000000000005,10.59,13.333333333333334,6.666666666666667,0.0
2017-09-01,-0.0013461216907335,0.02,14.189999999999998,10.13,13.333333333333334,6.666666666666667,0.0
2017-09-05,0.0027743933050954,-0.05,84.80000000000001,12.23,59.0,57.0,0.0
2017-09-06,0.0026829897875258,0.0,55.85,11.63,13.333333333333334,0.0,0.0
2017-09-07,0.0070919324399929,-0.03,-109.74,11.55,13.333333333333334,0.0,0.0
2017-09-08,0.0010802277837992,0.0,-19.459999999999997,12.12,0.0,0.0,0.0
2017-09-11,-0.0064153521423803,0.05,25.14999999999999,10.73,0.0,0.0,0.0
2017-09-12,0.0003342804644199,0.01,-35.10999999999999,10.58,0.0,0.0,0.0
2017-09-13,-0.0058661024664075,0.02,12.29,10.5,0.0,0.0,0.0
2017-09-14,-0.0010090818212449,0.02,49.02,10.44,26.666666666666668,0.0,0.0
2017-09-15,0.0061228960422013,0.0199999999999997,-47.97,10.17,43.333333333333336,19.0,0.0
2017-09-18,-0.0017575432402122,0.01,-3.8100000000000014,10.15,16.666666666666668,0.0,0.0
2017-09-19,0.0035120029408451,0.0,-10.299999999999995,10.18,16.666666666666668,0.0,0.0
2017-09-20,0.001501376543598,0.05,-5.880000000000003,9.78,12.666666666666666,0.0,0.0
2017-09-21,-0.0043434749207869,0.0,2.980000000000004,9.67,19.33333333333333,0.0,0.0
2017-09-22,0.0019234795811191,0.01,7.740000000000002,9.59,19.33333333333333,29.666666666666668,0.0
2017-09-25,-0.0098233441799146,-0.02,42.33,10.21,20.0,23.33333333333333,0.0
2017-09-26,-0.0067727993400924,0.01,-47.28,10.17,0.0,33.333333333333336,0.0
2017-09-27,-0.0021259415294773,0.02,5.399999999999999,9.87,6.666666666666667,33.333333333333336,0.0
2017-09-28,0.0024656731447714,-0.02,39.51,9.55,6.666666666666667,33.333333333333336,0.0
2017-09-29,0.0031370579798624,0.02,4.560000000000002,9.51,10.0,0.0,0.0
2017-10-02,-0.0057730018555066,0.02,-32.3,9.45,16.666666666666668,6.666666666666667,0.0
2017-10-03,0.0011912867304024,-0.02,-22.840000000000003,9.51,13.333333333333334,6.666666666666667,0.0
2017-10-04,8.503762920214486e-05,0.0,-4.409999999999997,9.63,0.0,0.0,0.0
2017-10-05,-0.0046024116014515,0.02,-7.07,9.19,0.0,0.0,0.0
2017-10-06,0.0022186202461753,0.05,44.690000000000005,9.65,0.0,0.0,0.0
2017-10-10,0.0061183059654882,-0.03,-11.220000000000011,10.08,0.0,15.666666666666666,0.0
2017-10-11,0.0036362138919292,0.0,-14.019999999999996,9.85,13.333333333333334,0.0,0.0
2017-10-12,-0.0005910415167625,0.0,-22.83,9.91,13.333333333333334,0.0,0.0
2017-10-13,-0.000253410484103,0.0,26.270000000000003,9.61,13.333333333333334,16.666666666666668,0.0
2017-10-16,-0.0022835887624855,0.03,34.54,9.91,52.66666666666666,15.0,0.0
2017-10-17,-0.0047530220188122,0.0,-49.04,10.31,33.333333333333336,0.0,0.0
2017-10-18,0.0017850317120227,0.05,50.73,10.07,13.333333333333334,13.333333333333334,0.0
2017-10-19,0.0056738942071028,-0.01,-17.629999999999995,10.05,3.333333333333333,21.666666666666668,0.0
2017-10-20,-0.0060986128373989,0.02,-20.160000000000004,9.97,3.333333333333333,21.666666666666668,0.0
2017-10-23,-0.0006799252344212,-0.02,73.88,11.07,0.0,0.0,13.333333333333334
2017-10-24,0.0003400204045001,0.02,-98.95,11.16,13.333333333333334,0.0,13.333333333333334
2017-10-25,0.0030549921927126,0.01,22.86,11.23,21.33333333333333,4.0,13.333333333333334
2017-10-26,-0.0086801668312665,0.0199999999999997,54.260000000000005,11.3,21.33333333333333,4.0,0.0
2017-10-27,-0.0103093696588612,-0.0399999999999998,-26.980000000000004,9.8,8.0,4.0,13.333333333333334
2017-10-30,0.0039644971343097,-0.01,-22.77,10.5,0.0,0.0,0.0
2017-10-31,0.0018905221751712,0.02,-14.230000000000004,10.18,0.0,6.666666666666667,0.0
2017-11-01,-0.0025788718839894,0.01,16.310000000000002,10.2,6.666666666666667,6.666666666666667,0.0
2017-11-02,0.0046371916501438,0.0,18.61,9.93,10.0,6.666666666666667,47.333333333333336
2017-11-03,-0.0048093531380442,0.0199999999999997,18.58,9.14,10.0,16.666666666666668,47.333333333333336
2017-11-06,-0.0013783599701213,-0.0199999999999997,-11.540000000000006,9.4,1.6666666666666667,0.0,0.0
2017-11-07,-0.0019847268887275,0.0199999999999997,8.580000000000013,9.89,5.0,0.0,0.0
2017-11-08,0.0012085636830166,0.02,-33.45,9.78,30.0,10.0,0.0
2017-11-09,0.0049055565477222,-0.02,-2.3700000000000045,10.5,56.0,10.0,0.0
2017-11-13,0.0006865774385735,0.07,69.86,11.5,23.33333333333333,25.33333333333333,0.0
2017-11-14,0.0092229517988448,-0.02,-27.090000000000003,11.59,65.66666666666667,0.0,0.0
2017-11-15,0.0025469068865638,0.0,-49.78,13.13,75.66666666666667,0.0,0.0
2017-11-16,-0.001867097207086,0.04,25.690000000000005,11.76,55.66666666666666,9.0,0.0
2017-11-17,0.0022909517465557,0.01,14.829999999999998,11.43,13.333333333333334,9.0,0.0
2017-11-20,-0.0049277924697074,0.04,-19.120000000000005,10.65,13.333333333333334,6.666666666666667,0.0
2017-11-21,0.0,0.0,119.99,9.73,13.333333333333334,6.666666666666667,0.0
2017-11-22,0.0040799036619157,-0.03,-146.56,9.88,13.333333333333334,0.0,0.0
2017-11-24,0.0123921501514145,0.01,-18.05,9.67,6.666666666666667,0.0,0.0
2017-11-27,-0.0020967005626411,-0.01,-3.770000000000003,9.87,0.0,0.0,0.0
2017-11-28,-0.0027743933050954,0.01,175.51999999999998,10.03,6.666666666666667,0.0,0.0
2017-11-29,-0.0016852043084925,0.03,-102.65,10.7,6.666666666666667,29.666666666666668,0.0
2017-11-30,0.0033675734805379,0.0,-2.5,11.28,6.666666666666667,29.666666666666668,0.0
2017-12-01,0.0010080646014948,0.0,-14.53,11.43,0.0,29.666666666666668,0.0
2017-12-04,-0.005219306401711,0.02,14.11999999999999,11.68,6.666666666666667,0.0,0.0
2017-12-05,-0.0023660649875456,0.03,-5.629999999999996,11.33,6.666666666666667,0.0,0.0
2017-12-06,-0.0027109471025037,-0.05,-37.65,11.02,6.666666666666667,0.0,0.0
2017-12-07,0.0001696496738312,0.02,-17.1,10.16,0.0,0.0,0.0
2017-12-08,-0.0024627416803801,0.0,22.830000000000005,9.58,0.0,0.0,17.333333333333332
2017-12-11,0.0034800357660774,0.02,17.93999999999999,9.34,6.666666666666667,0.0,0.0
2017-12-12,-0.0065456943026337,0.01,-15.029999999999989,9.92,20.0,0.0,10.0
2017-12-13,0.003150681705421,-0.04,-14.420000000000009,10.18,13.333333333333334,0.0,10.0
2017-12-14,0.0013593884846148,0.03,-19.419999999999995,10.49,13.333333333333334,0.0,10.0
2017-12-15,0.0,0.02,72.25,9.42,0.0,0.0,0.0
2017-12-18,0.0022050725583138,0.0,-10.070000000000007,9.53,3.333333333333333,0.0,0.0
2017-12-19,0.0015237453214848,0.03,-12.36999999999999,10.03,3.333333333333333,0.0,13.333333333333334
2017-12-20,0.0049782830739726,0.0,-25.200000000000003,9.72,3.333333333333333,0.0,13.333333333333334
2017-12-21,-0.0007577990511256,0.0199999999999997,35.739999999999995,9.62,0.0,0.0,13.333333333333334
2017-12-22,-0.0027835199955255,0.02,-20.25,9.9,0.0,30.0,0.0
2017-12-26,0.0023622722535029,0.01,33.620000000000005,10.25,6.666666666666667,0.0,6.666666666666667
2017-12-27,0.0029450145396581,-0.03,-47.870000000000005,10.47,6.666666666666667,0.0,6.666666666666667
2017-12-28,0.0041921751678012,0.02,4.800000000000004,10.18,16.666666666666668,0.0,0.0
2017-12-29,0.0058396762265087,-0.02,83.19,11.04,23.33333333333333,0.0,0.0
2018-01-02,0.0023263553196938,0.03,-35.230000000000004,9.77,57.66666666666666,65.0,13.333333333333334
2018-01-03,-0.0016611299500765,0.02,-58.75,9.15,57.66666666666666,83.33333333333333,13.333333333333334
2018-01-04,0.0028222812790126,0.02,191.03,9.22,54.333333333333336,70.0,13.333333333333334
2018-01-05,-0.0020744313127108,0.0,-134.79999999999998,9.22,13.333333333333334,30.0,0.0
2018-01-08,-0.0054972652181828,0.0,-31.40000000000001,9.52,0.0,0.0,0.0
2018-01-09,-0.0042686819369718,0.02,80.30000000000001,10.08,0.0,0.0,0.0
2018-01-10,0.0030150776609778,0.0,-68.4,9.82,0.0,0.0,0.0
2018-01-11,0.0064185607763226,0.0,22.539999999999992,9.88,3.333333333333333,6.666666666666667,0.0
2018-01-12,0.0078626517209235,0.01,-4.030000000000001,10.16,30.0,6.666666666666667,0.0
2018-01-16,0.0093542981272071,0.0399999999999998,-46.12,11.66,8.333333333333334,0.0,0.0
2018-01-17,-0.0012258408759331,0.02,0.259999999999998,11.91,31.666666666666668,0.0,0.0
2018-01-18,0.0007356848331158,0.0,54.03,12.22,87.33333333333333,0.0,0.0
2018-01-19,0.0,0.0100000000000002,-27.52,11.27,79.0,0.0,0.0
2018-01-22,-0.0006539153412677,0.02,22.379999999999995,11.03,0.0,0.0,0.0
2018-01-23,0.0038356434996218,-0.02,-36.2,11.1,6.666666666666667,0.0,0.0
2018-01-24,0.0091621024423483,0.02,18.75,11.47,6.666666666666667,0.0,0.0
2018-01-25,0.0078784875720797,0.0,-15.299999999999995,11.58,6.666666666666667,0.0,0.0
2018-01-26,-0.0052990890760196,0.0499999999999998,32.03,11.08,0.0,0.0,0.0
2018-01-29,-0.0056511008546907,-0.02,-24.77,13.84,6.666666666666667,0.0,0.0
2018-01-30,0.0030717023586307,0.02,-16.78,14.79,6.666666666666667,0.0,0.0
2018-01-31,0.0030622958897497,0.0100000000000002,3.390000000000001,13.54,0.0,0.0,0.0
2018-02-01,0.0043356149810503,0.02,-22.06,13.47,0.0,0.0,0.0
2018-02-02,-0.0028883203648251,-0.0100000000000002,11.420000000000002,17.31,0.0,0.0,0.0
2018-02-05,-0.002252253204325,-0.0699999999999998,84.58999999999999,37.32,16.666666666666668,0.0,0.0
2018-02-06,-0.0029839935041466,0.02,-53.19999999999999,29.98,16.666666666666668,0.0,0.0
2018-02-07,-0.0081096868103074,0.0499999999999998,-34.300000000000004,27.73,16.666666666666668,0.0,13.333333333333334
2018-02-08,-0.0035074875878982,-0.02,31.000000000000007,33.46,3.333333333333333,0.0,13.333333333333334
2018-02-09,-0.0009810334338151,-0.08,-6.609999999999999,29.06,3.333333333333333,1.6666666666666667,13.333333333333334
2018-02-12,0.0033478984440812,0.04,-1.7900000000000065,25.61,0.0,0.0,0.0
2018-02-13,0.0077954109741751,0.0100000000000002,23.66,24.97,0.0,0.0,0.0
2018-02-14,0.0026656989007118,0.0699999999999998,2.460000000000008,19.26,0.0,0.0,0.0
2018-02-15,0.0069137665863494,0.02,-18.38000000000001,19.13,0.0,0.0,0.0
2018-02-16,-0.0032097604190232,0.02,-8.11,19.46,0.0,0.0,0.0
2018-02-20,-0.0075837394529152,0.04,-0.3699999999999903,20.6,0.0,3.333333333333333,0.0
2018-02-21,-0.0027572801508943,0.0099999999999997,15.659999999999997,20.02,0.0,3.333333333333333,0.0
2018-02-22,0.0009740260510329,-0.0099999999999997,-45.56,18.72,0.0,3.333333333333333,0.0
2018-02-23,-0.0022742050087733,0.0,5.469999999999999,16.49,30.0,0.0,0.0
2018-02-26,-0.0001626412949831,-0.0299999999999998,12.879999999999995,15.8,0.0,0.0,0.0
2018-02-27,-0.0046464318360933,0.0499999999999998,-15.959999999999994,18.59,0.0,0.0,0.0
2018-02-28,-0.0022903895493165,-0.02,-5.960000000000001,19.85,0.0,0.0,0.0
2018-03-01,0.0004093830654464,-0.0299999999999998,22.62,22.47,25.33333333333333,0.0,0.0
2018-03-02,0.007990258572687,0.0299999999999998,-29.669999999999995,19.59,75.33333333333333,0.0,0.0
2018-03-05,0.0012984906872345,-0.0099999999999997,108.74,18.73,91.66666666666669,6.666666666666667,0.0
2018-03-06,0.0068701017838769,0.0099999999999997,-14.5,18.36,68.33333333333333,8.333333333333334,0.0
2018-03-07,-0.0014509111041201,0.0,-46.540000000000006,17.76,138.33333333333334,8.333333333333334,0.0
2018-03-08,-0.0067176813669913,0.0,-30.33,16.54,113.33333333333331,1.6666666666666667,0.0
2018-03-09,0.0009740260510329,0.02,75.57,14.64,100.0,19.0,0.0
2018-03-12,-0.0006492452751998,0.0,-25.169999999999987,15.78,40.0,6.666666666666667,0.0
2018-03-13,0.0064735620148761,-0.0100000000000002,-52.55,16.35,16.666666666666668,5.0,0.0
2018-03-14,-0.002907918042646,0.0,24.76,17.23,30.0,5.0,0.0
2018-03-15,-0.0033221275945503,0.0300000000000002,-35.63,16.59,40.0,5.0,0.0
2018-03-16,-0.0033332009235348,0.02,66.97999999999999,15.8,36.66666666666666,0.0,0.0
2018-03-19,0.0039822881674193,0.0,-36.31999999999999,19.02,0.0,0.0,0.0
2018-03-20,-0.0047154558920049,0.0299999999999998,4.679999999999993,18.2,0.0,0.0,0.0
2018-03-21,-0.0002445087424058,-0.0299999999999998,-23.489999999999995,17.86,0.0,0.0,0.0
2018-03-22,0.0034176939443572,-0.02,1.5300000000000011,23.34,3.333333333333333,0.0,0.0
2018-03-23,0.0040535118331824,-0.0100000000000002,9.28,24.87,16.666666666666668,0.0,0.0
2018-03-26,0.0064516352814886,0.0500000000000002,23.129999999999995,21.03,6.666666666666667,0.0,0.0
2018-03-27,-0.0024144880945174,-0.0700000000000002,-67.28999999999999,22.5,13.333333333333334,0.0,0.0
2018-03-28,-0.0047655677606385,0.02,4.0,22.87,10.0,38.0,0.0
2018-03-29,-0.0043817012655671,-0.0099999999999997,-9.73,19.97,26.666666666666668,38.0,0.0
2018-04-02,-0.0007321537849939,-0.02,150.96,23.62,83.33333333333333,25.666666666666668,0.0
2018-04-03,-0.0021996831550663,0.0299999999999998,-78.98,21.1,85.0,27.33333333333333,1.6666666666666667
2018-04-04,0.0025251510179883,0.0,-35.830000000000005,20.06,96.66666666666669,15.0,1.6666666666666667
2018-04-05,-0.0050566945691572,0.02,56.18,18.94,80.0,21.666666666666668,1.6666666666666667
2018-04-06,0.0035912542678242,-0.0299999999999998,-38.46,21.49,98.33333333333331,20.0,0.0
2018-04-09,0.0037407541384683,0.02,204.52,21.77,46.66666666666666,5.666666666666667,0.0
2018-04-10,0.0014599726820732,0.0299999999999998,-218.97,20.47,50.0,5.666666666666667,0.0
2018-04-11,0.0037213860599243,0.0,23.709999999999997,20.24,42.66666666666666,16.666666666666668,0.0
2018-04-12,-0.0051813587419975,0.02,110.23000000000002,18.49,32.666666666666664,16.666666666666668,13.333333333333334
2018-04-13,0.0001623244870052,0.0300000000000002,-48.77000000000001,17.41,28.33333333333333,16.666666666666668,13.333333333333334
2018-04-16,0.0041303966394598,0.02,-76.08,16.56,14.666666666666666,11.666666666666666,22.666666666666668
2018-04-17,-0.0022655564346959,0.02,0.289999999999992,15.25,41.333333333333336,11.666666666666666,22.666666666666668
2018-04-18,0.0028311444593072,0.0099999999999997,5.890000000000001,15.6,68.0,11.666666666666666,22.666666666666668
2018-04-19,-0.0035604504354763,0.02,-24.83,15.96,56.66666666666666,1.6666666666666667,1.6666666666666667
2018-04-20,-0.0043870409137662,0.02,0.9299999999999996,16.88,43.333333333333336,15.0,1.6666666666666667
2018-04-23,-0.0053882079908761,0.0300000000000002,19.37,16.34,26.666666666666668,19.0,0.0
2018-04-24,0.0008182636902022,-0.0100000000000002,-31.819999999999997,18.02,26.666666666666668,0.0,0.0
2018-04-25,-0.0039337864201512,0.0100000000000002,73.6,17.84,26.666666666666668,0.0,0.0
2018-04-26,-0.0053517891517171,0.0,-40.27,16.24,26.666666666666668,6.666666666666667,0.0
2018-04-27,-0.0004128648751928,0.0,-42.6,15.41,30.0,6.666666666666667,0.0
2018-04-30,-0.0028120107852378,0.0,60.85,15.93,20.0,0.0,0.0
2018-05-01,-0.0061477305862341,0.0099999999999997,15.200000000000005,15.49,23.33333333333333,6.666666666666667,0.0
2018-05-02,-0.0026702285558787,-0.0099999999999997,-5.950000000000003,15.97,30.0,6.666666666666667,0.0
2018-05-03,0.0001670983377603,0.0,-38.760000000000005,15.9,26.666666666666668,6.666666666666667,0.0
2018-05-04,-0.0020070252597675,0.0199999999999995,-18.65,14.77,10.0,0.0,0.0
2018-05-07,-0.0015917567135822,-0.0199999999999995,58.23,14.75,26.0,14.0,0.0
2018-05-08,-0.0053804249175659,0.0199999999999995,3.280000000000001,14.71,27.666666666666668,40.66666666666666,0.0
2018-05-09,-0.0009276829676473,0.0300000000000002,-37.81999999999999,13.42,29.33333333333333,42.333333333333336,1.6666666666666667
2018-05-10,0.0037055794465351,0.0,11.819999999999991,13.23,16.666666666666668,35.0,1.6666666666666667
2018-05-11,0.00461274772689,0.0,4.25,12.65,8.333333333333334,17.666666666666668,1.6666666666666667
2018-05-14,0.0020896902325832,0.0099999999999997,48.94,12.93,48.333333333333336,29.33333333333333,0.6666666666666666
2018-05-15,-0.0093960422816963,0.0300000000000002,-84.47999999999999,14.63,56.66666666666666,16.0,0.6666666666666666
2018-05-16,-0.0064265399601825,0.0,7.330000000000005,13.42,38.333333333333336,4.333333333333333,0.6666666666666666
2018-05-17,0.0008479607054351,-0.0100000000000002,24.429999999999996,13.43,33.333333333333336,0.0,0.0
2018-05-18,-0.001951385678402,-0.02,54.83,13.42,18.33333333333333,0.0,0.0
2018-05-21,-0.0005946566033449,0.0300000000000002,-41.47999999999999,13.08,35.0,0.0,0.0
2018-05-22,0.0012738314320671,0.0099999999999997,4.329999999999998,13.22,35.0,0.0,0.0
2018-05-23,-0.0076674425730221,-0.06,79.05999999999999,12.58,61.66666666666666,6.666666666666667,0.0
2018-05-24,0.0030740353811866,-0.0299999999999998,-122.32999999999998,12.53,26.666666666666668,6.666666666666667,0.0
2018-05-25,-0.0053857792079221,-0.02,53.2,13.22,60.0,13.333333333333334,0.0
2018-05-29,-0.0099066150249026,-0.1600000000000001,-51.66,17.02,14.0,0.0,0.0
2018-05-30,0.0097351619597591,0.1,84.77000000000001,14.94,14.0,0.0,0.0
2018-05-31,0.0005142710321622,-0.02,-57.890000000000015,15.43,22.666666666666668,0.0,0.0
2018-06-01,0.0007709109979636,0.0700000000000002,32.30000000000001,13.46,26.666666666666668,0.0,0.0
2018-06-04,0.0014545457109943,0.0499999999999998,-28.83,12.74,93.33333333333331,5.0,0.0
2018-06-05,-0.0020540917869381,-0.0299999999999998,-44.48,12.4,73.33333333333333,5.0,0.0
2018-06-06,0.0090405733018944,0.0299999999999998,1.6699999999999946,11.64,73.33333333333333,5.0,0.0
2018-06-07,0.0031365261164921,-0.02,18.010000000000005,12.13,76.66666666666667,18.33333333333333,31.666666666666668
2018-06-08,-0.0035611365428113,0.0,56.52,12.18,123.33333333333331,18.33333333333333,31.666666666666668
2018-06-11,0.0024602345389171,0.02,25.85000000000001,12.35,138.33333333333334,21.666666666666668,0.0
2018-06-12,-0.0008476731879961,0.02,97.23,12.34,58.333333333333336,29.0,0.0
2018-06-13,-0.0006786562866517,0.0499999999999998,-98.52,12.94,66.66666666666667,29.0,0.0
2018-06-14,-0.0128108336717593,0.0,-40.35,12.12,8.333333333333334,19.0,0.0
2018-06-15,-0.0015483874061295,-0.04,-28.010000000000005,11.98,18.33333333333333,1.6666666666666667,1.6666666666666667
2018-06-18,-0.0008612523140236,0.0100000000000002,10.61,12.31,35.0,25.666666666666668,0.0
2018-06-19,-0.0025018345448252,-0.02,86.54000000000002,13.35,36.66666666666666,25.666666666666668,0.0
2018-06-20,0.0012948337947899,0.02,56.19,12.79,26.666666666666668,0.0,0.0
2018-06-21,0.0006898930939376,0.0,-150.38,14.64,18.33333333333333,0.0,0.0
2018-06-22,0.0025828684182541,0.0,8.679999999999993,13.77,82.0,13.333333333333334,0.0
2018-06-25,0.0054879232229056,-0.02,-16.819999999999993,17.33,93.33333333333331,13.333333333333334,0.0
2018-06-26,-0.0016260861985177,-0.0100000000000002,155.38,15.92,108.66666666666669,6.666666666666667,0.0
2018-06-27,-0.0074797236478569,-0.0099999999999997,-179.32999999999998,17.91,103.0,6.666666666666667,0.0
2018-06-28,-0.000517911103506,0.0,49.7,16.85,63.0,6.666666666666667,0.0
2018-06-29,0.0081689262899798,0.0,-35.26,16.09,24.33333333333333,0.0,0.0
2018-07-02,-0.0062712288344201,0.0499999999999998,26.24,15.6,0.0,3.6666666666666665,0.0
2018-07-03,0.0042137913319686,-0.04,39.47,16.14,26.666666666666668,0.0,0.0
2018-07-05,0.0037687410774436,0.02,-39.66000000000001,14.97,40.0,0.0,0.0
2018-07-06,0.0034990434675727,-0.02,104.42000000000002,13.37,13.333333333333334,0.0,0.0
2018-07-09,0.0005110297360171,0.04,-74.01,12.69,51.66666666666666,23.33333333333333,0.0
2018-07-10,-0.0013633267278641,0.02,-28.5,12.64,111.66666666666669,23.33333333333333,0.0
2018-07-11,-0.0005117270900583,-0.0099999999999997,-41.220000000000006,13.63,150.66666666666666,35.0,0.0
2018-07-12,-0.0025625708052378,0.02,44.16,12.58,119.0,33.333333333333336,0.0
2018-07-13,-0.0021405034072795,-0.0100000000000002,-10.170000000000002,12.18,60.66666666666666,34.333333333333336,0.6666666666666666
2018-07-16,0.003678833767906,0.0,14.560000000000002,12.83,30.0,6.666666666666667,0.0
2018-07-17,-0.0039360023433235,0.0300000000000002,-30.760000000000005,12.06,28.33333333333333,6.666666666666667,0.0
2018-07-18,-0.001630271929998,-0.02,16.570000000000007,12.1,33.333333333333336,25.0,13.333333333333334
2018-07-19,-0.0035270370771467,0.0,-19.790000000000006,12.87,46.66666666666666,55.0,13.333333333333334
2018-07-20,0.0089225025704818,0.0,76.78000000000002,12.86,60.0,55.0,35.0
2018-07-23,-0.0005126014635951,0.04,-53.52000000000001,12.62,0.0,31.666666666666668,0.0
2018-07-24,-0.0015393828405496,-0.0100000000000002,-1.2199999999999989,12.41,30.0,57.333333333333336,0.0
2018-07-25,-0.0005992894319168,0.0300000000000002,-19.450000000000003,12.29,93.33333333333331,57.333333333333336,0.0
2018-07-26,-0.0019716263726953,0.0299999999999998,46.73,12.14,101.66666666666669,55.0,0.0
2018-07-27,0.0005147122014638,-0.02,-43.18000000000001,13.03,88.33333333333333,29.33333333333333,0.0
2018-07-30,0.0049619402002505,-0.0099999999999997,91.91,14.26,13.333333333333334,0.0,0.0
2018-07-31,-0.0010245902535676,0.0099999999999997,-62.03,12.83,30.0,6.666666666666667,1.6666666666666667
2018-08-01,-0.0034229025375832,0.0,-33.63999999999999,13.15,16.666666666666668,6.666666666666667,1.6666666666666667
2018-08-02,-0.0046395821690624,-0.0099999999999997,60.220000000000006,12.19,31.666666666666668,6.666666666666667,1.6666666666666667
2018-08-03,-0.0012926021878173,-0.0300000000000002,-30.200000000000003,11.64,15.0,0.0,0.0
2018-08-06,-0.0028496198204664,0.0100000000000002,25.179999999999996,11.27,41.66666666666666,0.0,0.0
2018-08-07,0.0028496198204664,0.04,-40.67,10.93,28.33333333333333,30.33333333333333,0.0
2018-08-08,8.622547968265004e-05,0.0,-15.259999999999998,10.85,31.666666666666668,30.33333333333333,0.0
2018-08-09,-0.0027629097182222,-0.04,12.979999999999997,11.27,16.666666666666668,30.33333333333333,0.0
2018-08-10,-0.0145441274813851,-0.0300000000000002,7.010000000000005,13.16,80.0,30.0,0.0
2018-08-13,-0.0002632156189796,0.0,11.549999999999995,14.78,26.666666666666668,0.0,13.333333333333334
2018-08-14,-0.0039565708624594,0.02,-33.34,13.31,30.0,1.6666666666666667,13.333333333333334
2018-08-15,-0.0016752638049322,-0.02,-35.1,14.64,16.666666666666668,5.0,13.333333333333334
2018-08-16,0.004929587447521,0.02,10.810000000000002,13.45,30.0,30.666666666666668,0.0
2018-08-17,0.0019299944581931,-0.02,31.47,12.64,40.0,42.333333333333336,13.333333333333334
2018-08-20,0.00245098161914,-0.0099999999999997,-17.18,12.49,26.666666666666668,13.333333333333334,13.333333333333334
2018-08-21,0.0083580497000964,0.0099999999999997,36.74,12.86,20.0,13.333333333333334,0.0
2018-08-22,0.005274775514274,-0.0099999999999997,-43.4,12.25,20.0,13.333333333333334,0.0
2018-08-23,-0.0024177543942304,0.0099999999999997,51.23,12.41,16.666666666666668,0.0,0.0
2018-08-24,0.0050017351601555,0.02,-9.420000000000002,11.99,31.666666666666668,0.0,0.0
2018-08-27,0.0043775015184482,0.04,28.11,12.16,25.0,0.0,0.0
2018-08-28,0.0037613311569981,0.0,57.21000000000001,12.5,16.666666666666668,3.333333333333333,0.0
2018-08-29,-0.001793416083402,0.0,-72.69000000000001,12.25,23.33333333333333,3.333333333333333,6.666666666666667
2018-08-30,-0.0045405946505361,-0.0299999999999998,-2.5,13.53,21.666666666666668,4.333333333333333,6.666666666666667
2018-08-31,-0.0043025623555192,-0.02,31.0,12.86,19.666666666666668,1.0,6.666666666666667
2018-09-04,-0.0025904513233824,0.04,-47.1,13.16,18.33333333333333,0.0,0.0
2018-09-05,0.0046579916877385,0.0,-36.7,13.91,18.33333333333333,0.0,0.0
2018-09-06,0.0003441748442167,-0.02,30.840000000000003,14.65,0.0,0.0,0.0
2018-09-07,-0.0044835391540932,0.0699999999999998,-0.5999999999999943,14.88,6.666666666666667,0.0,0.0
2018-09-10,0.002761479145269,0.02,-20.65000000000001,14.16,58.333333333333336,0.0,0.0
2018-09-11,-0.0011209313525497,0.0299999999999998,2.119999999999997,13.22,45.0,0.0,0.0
2018-09-12,0.0030150343725509,-0.0199999999999995,-9.059999999999995,13.14,16.666666666666668,0.0,0.0
2018-09-13,0.0039488419413256,0.0199999999999995,-10.580000000000002,12.37,13.333333333333334,0.0,0.0
2018-09-14,-0.0013717423275808,0.02,6.370000000000001,12.07,28.33333333333333,21.666666666666668,0.0
2018-09-17,0.0026560440581163,0.0,64.60999999999999,13.68,11.666666666666666,0.0,0.0
2018-09-18,0.0005132592071614,0.0300000000000002,-28.989999999999995,12.79,28.33333333333333,6.666666666666667,0.0
2018-09-19,-0.00068440416736,0.0,2.3400000000000034,11.75,28.33333333333333,25.666666666666668,0.0
2018-09-20,0.0050365038813385,0.0,-19.82,11.8,43.333333333333336,25.666666666666668,0.0
2018-09-21,-0.0004258399757748,0.0,33.93,11.68,21.666666666666668,27.33333333333333,0.0
2018-09-24,0.0028921421996747,0.02,0.9599999999999936,12.2,30.0,1.6666666666666667,0.0
2018-09-25,-0.0002548528238743,0.0,-33.48,12.42,30.0,1.6666666666666667,0.0
2018-09-26,-0.0010200612921222,0.0,-18.49,12.89,51.66666666666666,1.6666666666666667,0.0
2018-09-27,-0.0075124136815985,0.0,-14.209999999999996,12.41,28.33333333333333,0.0,0.0
2018-09-28,-0.0041215926455508,-0.02,29.430000000000003,12.12,28.33333333333333,0.0,0.0
2018-10-01,-0.0047436373396492,0.0099999999999997,114.31,12.0,13.333333333333334,0.0,0.0
2018-10-02,-0.0006053530690331,0.0,-35.75999999999999,12.05,18.33333333333333,1.6666666666666667,1.6666666666666667
2018-10-03,-0.003032274361519,0.0300000000000002,-23.44000000000001,11.61,41.66666666666666,1.6666666666666667,1.6666666666666667
2018-10-04,-0.0014761431934107,0.02,11.870000000000005,14.22,28.33333333333333,1.6666666666666667,1.6666666666666667
2018-10-05,-0.0005215123977391,0.0099999999999997,-52.72,14.82,23.33333333333333,0.0,0.0
2018-10-09,-0.0017403415461171,0.0,-35.25,15.95,0.0,0.0,13.333333333333334
2018-10-10,0.0051253206928225,0.0,27.6,22.96,0.0,0.0,13.333333333333334
2018-10-11,0.0020773832451349,-0.0299999999999998,9.389999999999992,24.98,0.0,0.0,13.333333333333334
2018-10-12,-0.0005189413712723,0.0,34.730000000000004,21.31,6.666666666666667,26.666666666666668,0.0
2018-10-15,0.0030233686054109,0.0,-17.310000000000002,21.3,6.666666666666667,36.0,0.0
2018-10-16,-8.625522927674378e-05,0.02,23.91,17.62,13.333333333333334,36.333333333333336,0.0
2018-10-17,-0.0045822066083109,0.02,-31.77,17.4,33.333333333333336,59.66666666666666,6.666666666666667
2018-10-18,-0.0039941009944036,-0.02,22.19,20.06,46.66666666666666,73.0,6.666666666666667
2018-10-19,0.0016516716059776,0.0499999999999998,-29.83,19.89,40.0,43.333333333333336,6.666666666666667
2018-10-22,-0.00400348663536,0.0,19.19,19.64,33.333333333333336,13.333333333333334,0.0
2018-10-23,0.0011330458352529,-0.0299999999999998,-37.45,20.71,65.0,26.666666666666668,24.666666666666668
2018-10-24,-0.0079584135992062,-0.0500000000000002,21.559999999999995,25.23,68.33333333333333,26.666666666666668,24.666666666666668
2018-10-25,-0.0013179284076061,0.02,15.930000000000009,24.22,35.0,13.333333333333334,24.666666666666668
2018-10-26,0.0012301205311832,-0.0499999999999998,-24.0,24.16,3.333333333333333,0.0,0.0
2018-10-29,0.0001756080432996,0.0,-1.2999999999999972,24.7,6.666666666666667,0.0,0.0
2018-10-30,-0.0022853134671492,0.0299999999999998,-12.950000000000005,23.35,23.33333333333333,0.0,8.333333333333334
2018-10-31,-0.0028198820236714,0.0300000000000002,27.789999999999992,21.23,58.333333333333336,0.0,8.333333333333334
2018-11-01,0.0056318346673917,-0.0300000000000002,5.1000000000000085,19.34,65.0,0.0,8.333333333333334
2018-11-02,-0.0015807503072062,0.0700000000000002,-1.1800000000000068,19.51,48.333333333333336,0.0,0.0
2018-11-05,0.0014052347297482,0.0,7.480000000000004,19.96,20.0,13.333333333333334,0.0
2018-11-06,0.0015785322930497,0.02,58.47999999999999,19.91,0.0,0.0,0.0
2018-11-07,0.0041100140930575,0.0299999999999998,-87.77999999999999,16.36,6.666666666666667,0.0,0.0
2018-11-08,-0.0037595672697758,0.02,-9.54,16.72,6.666666666666667,0.0,0.0
2018-11-09,-0.0080032088054374,-0.04,-10.620000000000005,17.36,6.666666666666667,19.0,0.0
2018-11-13,-0.0032724568185848,-0.0499999999999998,23.860000000000007,20.02,80.0,11.666666666666666,0.0
2018-11-14,0.002123894603704,-0.0300000000000002,-10.930000000000009,21.25,86.66666666666667,11.666666666666666,0.0
2018-11-15,0.0010602580954363,0.0,1.1000000000000014,19.98,45.0,0.0,0.0
2018-11-16,0.0068644113597369,-0.0499999999999998,-24.57,18.14,6.666666666666667,0.0,0.0
2018-11-19,0.0040262636447596,-0.02,-19.55,20.1,35.0,10.0,0.0
2018-11-20,-0.0049914723363748,0.0,18.340000000000003,22.48,35.0,10.0,0.0
2018-11-21,0.0001755617982037,0.02,17.599999999999998,20.8,35.0,10.0,0.0
2018-11-23,-0.0053685497477085,0.0,-22.69,21.52,6.666666666666667,0.0,0.0
2018-11-26,0.0003529204201091,0.0299999999999998,144.26999999999998,18.9,56.66666666666666,6.666666666666667,16.666666666666668
2018-11-27,-0.0048636077655959,-0.0099999999999997,-75.36,19.02,66.66666666666667,13.333333333333334,16.666666666666668
2018-11-28,0.000443124924165,-0.02,7.840000000000003,18.49,40.0,16.666666666666668,0.0
2018-11-29,0.0084701406339838,0.0,82.29,18.79,66.66666666666667,10.0,0.0
2018-11-30,-0.0051971048490296,-0.0100000000000002,-46.78,18.07,76.66666666666667,3.333333333333333,0.0
2018-12-03,0.0029101832788221,0.0300000000000002,22.06,16.44,40.0,0.0,0.0
2018-12-04,-0.0009691203789196,-0.0300000000000002,-49.2,20.74,92.66666666666669,0.0,0.0
2018-12-06,0.0025529306528028,-0.0499999999999998,0.8999999999999915,21.19,67.66666666666667,13.333333333333334,0.0
2018-12-07,0.0014057285744828,-0.0299999999999998,-8.739999999999995,23.23,15.0,13.333333333333334,0.0
2018-12-10,-0.0019333866642912,0.0,-30.370000000000005,22.64,21.666666666666668,0.0,0.0
2018-12-11,-0.0047614938738356,0.0599999999999996,17.36,21.76,0.0,0.0,0.0
2018-12-12,0.0042335572139713,-0.0099999999999997,-30.47,21.46,0.0,0.0,0.0
2018-12-13,-0.0003521126796945,-0.02,63.7,20.65,28.33333333333333,0.0,0.0
2018-12-14,-0.0051196157369459,-0.02,-35.11,21.63,71.66666666666667,0.0,0.0
2018-12-17,0.0034453852714078,-0.0299999999999998,15.189999999999998,24.52,0.0,0.0,24.666666666666668
2018-12-18,0.0022023530022388,-0.0500000000000002,1.4899999999999949,25.58,0.0,1.6666666666666667,41.333333333333336
2018-12-19,0.0050908562507296,-0.02,10.930000000000009,25.58,23.33333333333333,1.6666666666666667,41.333333333333336
2018-12-20,0.000875120384895,0.04,-34.790000000000006,28.38,30.0,5.0,16.666666666666668
2018-12-21,-0.002627662018176,-0.04,65.53,30.11,46.66666666666666,12.333333333333334,0.0
2018-12-26,0.0005260850625499,-0.02,53.28,30.41,84.0,15.0,24.666666666666668
2018-12-27,0.0003505696793134,-0.0499999999999998,-37.09,29.96,20.0,0.0,0.0
2018-12-28,0.0028875200532765,-0.04,-4.449999999999989,28.34,48.333333333333336,33.333333333333336,0.0
2018-12-31,0.0009606568137596,-0.04,-6.8300000000000125,25.42,21.666666666666668,0.0,0.0
2019-01-02,-0.0086793163087805,0.02,-2.8499999999999943,23.22,69.33333333333333,1.6666666666666667,0.0
2019-01-03,0.0036913383451322,-0.1099999999999998,65.61000000000001,25.45,74.33333333333333,1.6666666666666667,0.0
2019-01-04,0.0009645316193428,0.1099999999999998,-59.43000000000001,21.38,55.0,1.6666666666666667,0.0
2019-01-07,0.0050703841471391,0.0299999999999998,-4.539999999999992,21.4,21.666666666666668,0.0,0.0
2019-01-08,-0.0020949728332595,0.0500000000000002,110.64,20.47,20.0,0.0,13.333333333333334
2019-01-09,0.0069662420344182,-0.02,-138.82999999999998,19.98,40.0,0.0,13.333333333333334
2019-01-10,-0.0006076125355118,0.0,28.42,19.5,46.66666666666666,0.0,13.333333333333334
2019-01-11,-0.0033049256034106,-0.0100000000000002,21.840000000000003,18.19,79.0,0.0,0.0
2019-01-15,-0.0076079244137396,-0.02,-66.29,18.6,21.666666666666668,22.33333333333333,16.666666666666668
2019-01-16,0.0014035090023201,0.02,69.07000000000001,19.04,21.666666666666668,5.0,16.666666666666668
2019-01-17,-0.0019303331430499,0.0100000000000002,-4.5400000000000205,18.06,0.0,0.0,0.0
2019-01-18,-0.0021100763939549,0.06,-14.75,17.8,30.0,0.0,6.666666666666667
2019-01-22,-0.0002640728856507,-0.04,-46.21999999999999,20.8,60.0,0.0,0.0
2019-01-23,0.0027253962098063,0.0,-19.69,19.52,53.333333333333336,23.33333333333333,0.0
2019-01-24,-0.0059880418446225,-0.02,17.799999999999997,18.89,15.0,30.0,0.0
2019-01-25,0.0074794664312926,0.04,-0.8900000000000006,17.42,6.666666666666667,30.0,0.0
2019-01-28,0.0027139434473635,0.0,-31.460000000000008,18.87,70.0,0.0,0.0
2019-01-29,-0.0012247398958957,-0.04,-11.179999999999993,19.13,36.66666666666666,0.0,0.0
2019-01-30,-0.0005253480551612,-0.04,61.17999999999999,17.66,43.333333333333336,105.33333333333331,13.333333333333334
2019-01-31,0.0031479564295981,-0.0699999999999998,2.530000000000001,16.57,130.0,128.66666666666666,13.333333333333334
2019-02-01,0.0017445922080137,0.0699999999999998,-30.429999999999996,16.14,130.0,128.66666666666666,13.333333333333334
2019-02-04,-0.0031424606865549,0.0099999999999997,120.5,15.73,0.0,0.0,0.0
2019-02-05,-0.0028016127587772,0.0,-128.56,15.57,6.666666666666667,0.0,0.0
2019-02-06,-0.0022821040361623,-0.0099999999999997,57.5,15.38,6.666666666666667,0.0,0.0
2019-02-07,-0.0020231347886755,-0.04,-51.46,16.37,6.666666666666667,0.0,0.0
2019-02-08,-0.0027333262178959,-0.0299999999999998,-16.980000000000004,15.72,0.0,0.0,0.0
2019-02-11,-0.0043357144414627,0.0299999999999998,-17.28,15.97,21.666666666666668,19.0,0.0
2019-02-12,0.0034524001891701,0.02,-13.620000000000005,15.43,21.666666666666668,0.0,0.0
2019-02-13,-0.0024774388888077,0.0299999999999998,47.10000000000001,15.65,0.0,0.0,0.0
2019-02-14,-0.0003544214107629,-0.0299999999999998,-57.02,16.22,0.0,0.0,0.0
2019-02-15,-0.0014189431256237,0.02,19.55,14.91,0.0,0.0,0.0
2019-02-19,0.0053106869372377,-0.02,24.250000000000007,14.88,60.0,10.0,0.0
2019-02-21,0.0008823789507479,0.0299999999999998,7.649999999999991,14.46,0.0,38.333333333333336,0.0
2019-02-22,0.0003527336897244,-0.0499999999999998,27.90000000000001,13.51,0.0,31.666666666666668,0.0
2019-02-25,0.0002644686399687,0.0299999999999998,-31.31,14.85,28.33333333333333,35.666666666666664,0.0
2019-02-26,0.0025529306528028,-0.0299999999999998,-15.489999999999997,15.17,28.33333333333333,35.666666666666664,0.0
2019-02-27,-0.0003517411221632,0.02,60.27,14.7,26.666666666666668,41.66666666666666,0.0
2019-02-28,0.0007912436124268,0.02,-3.5700000000000074,14.78,13.333333333333334,25.0,0.0
2019-03-01,-0.0002636783139864,0.0299999999999998,-14.47999999999999,13.57,26.666666666666668,25.0,0.0
2019-03-04,-0.004228336109521,0.0,-39.75,14.63,20.0,0.0,0.0
2019-03-05,-0.0024748112330691,0.0,67.36999999999999,14.74,20.0,13.333333333333334,0.0
2019-03-06,0.0017683470567419,-0.0299999999999998,-59.74,15.74,13.333333333333334,13.333333333333334,0.0
2019-03-07,-0.009408075073556,-0.0499999999999998,60.22000000000001,16.59,0.0,13.333333333333334,0.0
2019-03-08,0.0025827150661418,-0.02,-57.05000000000001,16.05,28.33333333333333,0.0,0.0
2019-03-11,-0.001513196247615,0.02,79.53999999999999,14.33,13.333333333333334,0.0,0.0
2019-03-12,0.0044440567318584,-0.02,-68.11999999999999,13.77,33.333333333333336,0.0,0.0
2019-03-13,0.003010716876163,0.0,-11.850000000000009,13.41,33.333333333333336,0.0,0.0
2019-03-14,-0.0005306447458027,0.0099999999999997,-25.05,13.5,46.66666666666666,0.0,0.0
2019-03-15,0.0019443223093869,-0.0299999999999998,10.150000000000006,12.88,33.333333333333336,0.0,0.0
2019-03-18,0.0009707453438482,0.02,10.75,13.1,50.0,6.0,0.0
2019-03-19,0.0007935458689139,0.0099999999999997,5.599999999999994,13.56,30.0,0.0,0.0
2019-03-20,0.000528680953366,-0.06,-6.939999999999998,13.91,23.33333333333333,0.0,0.0
2019-03-21,0.000792497730026,0.0100000000000002,15.28,13.63,0.0,0.0,0.0
2019-03-22,-0.0069779022699831,-0.1,-7.180000000000007,16.48,0.0,17.333333333333332,30.0
2019-03-25,0.0037158319318687,-0.0500000000000002,-14.72,16.33,6.666666666666667,0.0,23.33333333333333
2019-03-26,-0.0038931211797404,-0.0199999999999995,9.010000000000003,14.68,6.666666666666667,0.0,23.33333333333333
2019-03-27,-0.0026631174194836,-0.02,14.379999999999995,15.15,6.666666666666667,0.0,23.33333333333333
2019-03-28,-0.0012452194084319,0.0099999999999997,-38.92,14.43,30.0,0.0,16.666666666666668
2019-03-29,-0.0007122507423611,0.04,37.51,13.71,46.66666666666666,6.666666666666667,30.0
2019-04-01,-0.0016044214155675,0.06,26.090000000000003,13.4,33.333333333333336,23.33333333333333,0.0
2019-04-02,-0.0021432406846722,-0.0300000000000002,13.22,13.36,60.0,3.333333333333333,0.0
2019-04-03,0.004993768180487,0.0300000000000002,-48.61,13.74,46.66666666666666,3.333333333333333,0.0
2019-04-04,-0.0023154342876491,0.0,0.8299999999999983,13.58,58.333333333333336,3.333333333333333,13.333333333333334
2019-04-05,8.915437085207922e-05,0.02,-32.63,12.82,63.333333333333336,5.0,13.333333333333334
2019-04-08,0.0040037421693405,0.0099999999999997,7.920000000000002,13.18,21.666666666666668,0.0,0.0
2019-04-09,0.0014196985525634,-0.0099999999999997,2.119999999999997,14.28,35.0,0.0,0.0
2019-04-10,-0.001064584912468,-0.04,11.590000000000003,13.3,35.0,0.0,0.0
2019-04-11,-0.0003551136400954,0.04,-17.21,13.02,26.666666666666668,0.0,0.0
2019-04-12,0.0037224185497995,0.0499999999999998,21.22000000000001,12.01,13.333333333333334,0.0,0.0
2019-04-15,0.0,0.0,0.4599999999999937,12.32,8.666666666666666,25.666666666666668,23.33333333333333
2019-04-16,-0.0009735806406931,0.0100000000000002,-18.15,12.18,8.333333333333334,6.666666666666667,23.33333333333333
2019-04-17,0.0003541390032584,-0.0100000000000002,5.140000000000001,12.6,8.333333333333334,6.666666666666667,0.0
2019-04-18,-0.0049693952651315,-0.02,-6.280000000000001,12.09,0.0,0.0,0.0
2019-04-22,0.0015111785621746,0.0,21.72000000000001,12.42,13.333333333333334,30.0,0.0
2019-04-23,-0.0040051675630911,-0.02,-21.72000000000001,12.28,31.666666666666668,30.0,0.0
2019-04-24,-0.0018745821155636,-0.04,3.18,13.14,61.66666666666666,40.0,0.0
2019-04-25,-0.0046570028640419,0.0100000000000002,16.17,13.25,48.333333333333336,10.0,0.0
2019-04-26,0.0012559434682238,-0.0500000000000002,-8.420000000000002,12.73,36.66666666666666,10.0,16.666666666666668
2019-04-29,0.0010752689208068,0.02,29.64,13.11,11.666666666666666,0.0,0.0
2019-04-30,0.0031296131414337,-0.0299999999999998,-22.19,13.12,38.333333333333336,25.666666666666668,30.666666666666668
2019-05-01,0.0040094498404074,0.04,37.41,14.8,38.333333333333336,25.666666666666668,30.666666666666668
2019-05-02,-0.0055283243785555,0.04,-82.55,14.42,40.0,25.666666666666668,47.333333333333336
2019-05-03,0.0001788109079417,-0.02,27.45,12.87,13.333333333333334,0.0,16.666666666666668
2019-05-06,0.0009828888786635,-0.02,36.13,15.44,41.66666666666666,0.0,0.0
2019-05-07,-0.0016983244305535,-0.0300000000000002,17.310000000000002,19.32,41.66666666666666,0.0,0.0
2019-05-08,0.0025017882955864,0.02,-9.28,19.4,51.66666666666666,0.0,0.0
2019-05-09,0.0019613093565432,-0.04,-34.35000000000001,19.1,35.0,0.0,0.0
2019-05-10,0.001157149980024,0.0,40.66000000000001,16.04,231.66666666666663,0.0,10.666666666666666
2019-05-13,-0.0008009611962048,-0.0799999999999996,-13.47,20.55,106.66666666666669,13.333333333333334,0.0
2019-05-14,-0.0022282642135643,0.02,32.0,18.06,186.66666666666663,8.333333333333334,23.33333333333333
2019-05-15,8.922596481493461e-05,-0.04,5.650000000000006,16.44,143.33333333333334,11.666666666666666,23.33333333333333
2019-05-16,-0.0026802481871995,0.04,-37.58000000000001,15.29,116.66666666666669,11.666666666666666,23.33333333333333
2019-05-17,-0.0010741139593375,0.0,23.17,15.96,0.0,3.333333333333333,0.0
2019-05-20,0.0003581661929405,0.0099999999999997,-22.81,16.31,56.0,38.0,0.0
2019-05-21,-0.0010748836577728,0.0499999999999998,-21.28,14.95,69.33333333333333,38.0,0.0
2019-05-22,-0.000179259658094,-0.0299999999999998,-4.0,14.75,62.66666666666666,25.666666666666668,0.0
2019-05-23,0.0014331783176878,-0.1099999999999998,1.240000000000009,16.92,31.666666666666668,6.666666666666667,0.0
2019-05-24,0.0022352371951295,0.04,73.2,15.85,31.666666666666668,6.666666666666667,0.0
2019-05-28,-0.0017877898745854,-0.04,-74.76,17.5,21.666666666666668,0.0,0.0
2019-05-29,-0.0036749918114106,-0.0300000000000002,-13.860000000000008,17.9,1.6666666666666667,0.0,0.0
2019-05-30,0.0003591309070742,-0.0299999999999998,-4.779999999999994,17.3,15.0,0.0,0.0
2019-05-31,0.0008075732862963,-0.1100000000000001,43.50999999999999,18.71,87.66666666666667,0.0,0.0
2019-06-03,0.0050995413576583,-0.1299999999999999,-21.489999999999995,18.86,116.66666666666669,15.333333333333334,16.666666666666668
2019-06-04,0.0026735600989043,0.0599999999999998,47.2,16.97,80.0,15.333333333333334,16.666666666666668
2019-06-05,0.0005338553378861,-0.0499999999999998,97.45,16.09,138.33333333333334,14.666666666666666,16.666666666666668
2019-06-06,0.0046148466707616,0.0499999999999998,-80.07999999999998,15.93,105.0,6.666666666666667,0.0
2019-06-07,0.0026527559990083,-0.0299999999999998,104.82,16.3,155.0,6.666666666666667,41.333333333333336
2019-06-10,-0.0011486637004092,0.0499999999999998,-80.15,15.94,148.33333333333334,8.333333333333334,0.0
2019-06-11,0.0004419498900766,0.03,-31.859999999999985,15.99,156.66666666666666,26.666666666666668,56.66666666666666
2019-06-12,-0.0005303633112916,-0.05,-14.210000000000008,15.91,123.33333333333331,26.666666666666668,56.66666666666666
2019-06-13,-0.003099404739287,-0.0499999999999998,27.840000000000003,15.82,130.0,27.666666666666668,56.66666666666666
2019-06-14,-0.0051574007256557,0.01,1.1999999999999886,15.28,63.333333333333336,1.0,0.0
2019-06-17,0.0016034209742061,0.02,-62.91,15.35,28.33333333333333,6.666666666666667,0.0
2019-06-18,-0.0034773339840854,0.0,64.19,15.15,83.33333333333333,6.666666666666667,17.333333333333332
2019-06-19,0.0016064260482737,-0.1200000000000001,-68.46,14.33,58.333333333333336,0.0,17.333333333333332
2019-06-20,0.0062227954382691,-0.02,38.78,14.75,58.333333333333336,14.333333333333334,17.333333333333332
2019-06-21,0.003891743811614,0.05,62.24999999999999,15.4,3.333333333333333,46.0,0.0
2019-06-24,0.0057215947646147,-0.05,-86.16999999999999,15.26,46.66666666666666,39.0,139.33333333333334
2019-06-25,-0.0006146011870885,-0.01,-18.56,16.28,57.333333333333336,23.0,117.66666666666669
2019-06-26,0.0003512469302006,0.06,68.32,16.21,47.333333333333336,23.0,117.66666666666669
2019-06-27,-0.0015815836703374,-0.03,-78.42999999999999,15.82,44.0,19.0,0.0
2019-06-28,0.0001758550958545,0.01,65.39999999999999,15.08,26.666666666666668,0.0,0.0
2019-07-01,-0.0059080459314998,0.03,45.140000000000015,14.06,80.0,13.333333333333334,0.0
2019-07-02,-0.0005307855750942,-0.01,-30.5,12.93,33.333333333333336,13.333333333333334,31.666666666666668
2019-07-03,-0.0023033319892718,0.0,-17.85000000000001,12.57,74.0,79.33333333333333,51.0
2019-07-05,-0.0052465550965077,0.1,-53.44,13.28,47.333333333333336,66.0,19.33333333333333
2019-07-08,-0.0007135212575283,0.0099999999999997,-0.769999999999996,13.96,53.333333333333336,0.0,23.33333333333333
2019-07-09,0.0001784280493626,0.04,-31.92,14.09,66.66666666666667,0.0,0.0
2019-07-10,0.0044503856274756,-0.0999999999999998,5.479999999999997,13.03,70.0,31.666666666666668,0.0
2019-07-11,8.880600334437716e-05,0.03,58.220000000000006,12.93,80.0,36.66666666666666,0.0
2019-07-12,-0.0006218077038014,-0.01,-31.35000000000001,12.39,97.0,62.66666666666666,0.0
2019-07-15,0.000533001700457,-0.01,-0.2999999999999971,12.68,53.333333333333336,0.0,26.0
2019-07-16,-0.0042719894090024,0.04,-18.78,12.86,60.0,13.333333333333334,26.0
2019-07-17,0.0017822139809134,-0.04,23.65000000000001,13.97,46.66666666666666,13.333333333333334,26.0
2019-07-18,-0.0003561887838192,-0.06,-15.43,13.53,6.666666666666667,13.333333333333334,0.0
2019-07-19,-0.0007127584050857,0.03,0.2100000000000008,14.45,7.333333333333333,0.0,87.0
2019-07-22,-0.0005349023930696,0.0,13.47999999999999,13.53,42.66666666666666,0.0,58.333333333333336
2019-07-23,-0.0051855279362382,0.03,38.92,12.61,71.0,15.0,58.333333333333336
2019-07-24,-0.0013454726880628,0.0,-34.52,12.07,99.33333333333331,17.666666666666668,75.0
2019-07-25,0.0013454726880628,0.03,-39.04,12.74,86.66666666666667,24.33333333333333,33.333333333333336
2019-07-26,-0.0031422569285374,0.0,75.43,12.16,101.66666666666669,38.333333333333336,53.333333333333336
2019-07-29,0.0018865387619188,-0.01,-29.14,12.83,33.666666666666664,0.0,75.66666666666667
2019-07-30,0.0005383580210779,0.0,52.27000000000001,13.94,83.66666666666667,3.333333333333333,75.66666666666667
2019-07-31,-0.0016159443322483,0.0399999999999998,-36.23,16.12,91.66666666666669,3.333333333333333,90.33333333333331
2019-08-01,-0.0061283537149671,-0.1599999999999999,47.18999999999998,17.87,108.66666666666669,14.333333333333334,45.333333333333336
2019-08-02,0.0045097938795562,-0.01,-32.78999999999999,17.61,58.66666666666666,24.33333333333333,45.333333333333336
2019-08-05,0.0076202798260172,-0.1299999999999999,-34.379999999999995,24.59,84.33333333333333,3.333333333333333,46.0
2019-08-06,-8.931362485281591e-05,0.01,1.019999999999996,20.17,62.66666666666666,9.333333333333334,34.333333333333336
2019-08-07,0.0035663375887901,-0.01,8.170000000000002,19.49,110.33333333333331,9.333333333333334,67.33333333333333
2019-08-08,-0.0023166721579286,0.03,1.2600000000000051,16.91,82.66666666666667,28.33333333333333,63.0
2019-08-09,0.0010699002447117,0.0099999999999997,-1.1300000000000097,17.97,69.33333333333333,19.0,63.0
2019-08-12,-0.0008915040262384,-0.0499999999999998,17.24000000000001,21.09,48.0,10.0,0.0
2019-08-13,-0.0026792906980881,0.0799999999999998,-39.49000000000001,17.52,48.0,18.33333333333333,6.666666666666667
2019-08-14,-0.003404106126949,-0.0799999999999998,63.610000000000014,22.1,108.33333333333331,18.33333333333333,95.0
2019-08-15,-0.0034157336580891,-0.1,10.539999999999992,21.18,146.66666666666666,16.666666666666668,126.66666666666669
2019-08-16,-0.0013515341968109,0.0,-38.540000000000006,18.47,130.0,0.0,120.0
2019-08-19,0.0004507143899258,0.05,39.13000000000001,16.88,66.66666666666667,1.6666666666666667,24.666666666666668
2019-08-20,-0.0003605552589988,-0.03,84.44999999999999,17.5,80.0,5.0,24.666666666666668
2019-08-21,0.0005407841501778,0.06,49.00000000000003,15.8,106.66666666666669,16.666666666666668,157.33333333333334
2019-08-22,-0.0008112859326306,0.05,-92.23000000000002,16.68,93.33333333333331,16.666666666666668,181.33333333333331
2019-08-23,0.0053064836486229,-0.1,82.76999999999998,19.87,133.66666666666666,38.333333333333336,246.33333333333331
2019-08-26,-0.0032345041676591,0.03,-0.8499999999999659,19.32,98.66666666666669,1.6666666666666667,0.0
2019-08-27,-0.0016211838189998,-0.01,-94.48000000000002,20.31,97.0,0.0,27.33333333333333
2019-08-28,-0.0009017946323107,-0.03,-40.75,19.35,51.66666666666666,0.0,52.66666666666666
2019-08-29,-0.002258050907509,0.03,-32.5,17.88,65.0,0.0,78.66666666666667
2019-08-30,-0.006349803628436,-0.03,16.180000000000007,18.98,81.66666666666667,0.0,108.0
2019-09-03,-0.0019128302047737,-0.03,-20.820000000000007,19.66,133.33333333333334,13.333333333333334,28.33333333333333
2019-09-04,0.0051834790728964,-0.04,-3.5900000000000034,17.33,170.0,20.0,28.33333333333333
2019-09-05,0.0011784436843997,0.1200000000000001,14.549999999999995,16.27,116.66666666666669,20.0,28.33333333333333
2019-09-06,0.0003623188445434,-0.02,23.94,15.0,73.33333333333333,11.666666666666666,48.333333333333336
2019-09-09,0.001267083163461,0.05,-64.66999999999999,15.27,40.0,0.0,13.333333333333334
2019-09-10,-0.001267083163461,0.0899999999999998,-1.210000000000008,15.2,0.0,0.0,0.0
2019-09-11,-0.0037200061045542,0.01,-6.109999999999992,14.61,40.0,6.666666666666667,58.333333333333336
2019-09-12,0.0066138406434766,0.04,41.81,14.22,66.66666666666667,6.666666666666667,90.0
2019-09-13,0.0,0.07,2.7900000000000063,13.74,80.0,6.666666666666667,90.0
2019-09-16,-0.0061594397632083,-0.05,-35.88000000000001,14.67,35.0,6.666666666666667,40.0
2019-09-17,0.0051656284152067,-0.02,11.940000000000012,14.44,25.0,6.666666666666667,40.0
2019-09-18,-0.0001807991326566,0.05,-6.540000000000006,13.95,28.33333333333333,38.333333333333336,56.66666666666666
2019-09-19,-0.0013570364411213,-0.03,112.18,14.05,35.666666666666664,31.666666666666668,16.666666666666668
2019-09-20,-0.0038095284166676,-0.05,-86.47999999999999,15.32,39.0,31.666666666666668,16.666666666666668
2019-09-23,-0.0011820869755648,-0.01,36.18000000000001,14.91,13.333333333333334,3.333333333333333,30.0
2019-09-24,0.0007276034882163,-0.0799999999999998,-13.710000000000008,17.05,13.333333333333334,0.0,30.0
2019-09-25,-0.0045562316836918,0.0799999999999998,24.02000000000001,15.96,6.666666666666667,20.0,0.0
2019-09-26,-0.0010051629667067,-0.02,-84.76000000000002,16.07,6.666666666666667,20.0,13.333333333333334
2019-09-27,0.0003656307170531,-0.03,41.190000000000005,17.22,33.333333333333336,33.333333333333336,13.333333333333334
2019-09-30,-0.0033871959880418,0.0,11.739999999999997,16.24,33.333333333333336,6.666666666666667,15.0
2019-10-01,0.0024728684122291,-0.0699999999999998,-47.92,18.56,41.66666666666666,6.666666666666667,46.66666666666666
2019-10-02,0.0017365082278005,-0.08,27.739999999999995,20.56,55.0,6.666666666666667,31.666666666666668
2019-10-03,0.0036459797931412,-0.09,-46.22999999999999,19.12,45.0,6.666666666666667,31.666666666666668
2019-10-04,-0.0015479174499797,0.01,59.16,17.04,53.333333333333336,6.666666666666667,0.0
2019-10-07,0.0009108298288863,0.06,31.81,17.86,35.0,30.0,50.0
2019-10-08,-0.0031915405743821,-0.04,27.789999999999992,20.28,56.66666666666666,61.66666666666666,50.0
2019-10-09,0.0026451422364097,0.05,-102.77,18.64,80.0,70.0,53.333333333333336
2019-10-10,0.0036370289228271,0.06,57.35000000000001,17.57,65.0,101.66666666666669,53.333333333333336
2019-10-11,0.00190415798569,0.0999999999999998,-24.85000000000001,15.58,43.333333333333336,70.0,70.0
2019-10-15,-0.0002718006811751,-0.0199999999999997,-27.03,13.54,88.33333333333333,119.33333333333331,25.0
2019-10-16,0.0035276595761596,-0.03,46.60000000000001,13.68,41.66666666666666,69.0,38.333333333333336
2019-10-17,0.0048639980600888,0.02,42.150000000000006,13.79,35.0,0.0,13.333333333333334
2019-10-18,0.0023335138932076,-0.02,-92.75,14.25,13.333333333333334,0.0,13.333333333333334
2019-10-21,-0.0008968610466635,0.04,-6.309999999999995,14.0,3.333333333333333,6.666666666666667,0.0
2019-10-22,-0.0006282816703554,-0.02,-15.490000000000002,14.46,0.0,5.0,13.333333333333334
2019-10-23,-0.0017972686361991,-0.02,37.77,14.01,0.0,0.0,13.333333333333334
2019-10-24,-0.0018005046275682,0.0,-23.749999999999996,13.71,26.666666666666668,13.333333333333334,38.333333333333336
2019-10-25,-0.0015329819495209,0.0499999999999998,11.609999999999992,12.65,26.666666666666668,30.0,25.0
2019-10-28,0.0011724916788542,0.01,-38.94,13.11,1.6666666666666667,4.333333333333333,13.333333333333334
2019-10-29,0.0020710466184351,0.0,105.19,13.2,18.33333333333333,1.0,45.0
2019-10-30,0.0005395683584144,-0.0299999999999998,-23.00999999999999,12.33,18.33333333333333,1.0,31.666666666666668
2019-10-31,0.0028727912746034,-0.09,22.169999999999987,13.22,33.333333333333336,0.0,55.0
2019-11-01,0.0012542556741937,0.04,-98.15,12.3,23.33333333333333,0.0,51.66666666666666
2019-11-04,-0.0022408470811849,0.04,40.52,12.83,0.0,13.333333333333334,0.0
2019-11-05,-0.0066624897569591,0.0299999999999998,53.74000000000001,13.1,0.0,13.333333333333334,0.0
2019-11-06,0.0005418585881698,-0.0199999999999997,-80.63,12.62,0.0,6.666666666666667,0.0
2019-11-07,-0.0028027684366348,0.0699999999999998,19.07,12.73,0.0,0.0,28.0
2019-11-08,-0.0023567813664404,0.0,59.59,12.07,0.0,0.0,28.0
2019-11-12,-0.0001815211477122,-0.02,-37.860000000000014,12.68,26.666666666666668,13.333333333333334,23.33333333333333
2019-11-13,-0.0011806912955996,-0.03,17.310000000000002,13.0,6.666666666666667,13.333333333333334,23.33333333333333
2019-11-14,0.0010899183640254,-0.0499999999999998,-53.13,13.05,6.666666666666667,0.0,13.333333333333334
2019-11-15,0.0027196100526421,0.03,3.020000000000003,12.05,13.333333333333334,0.0,26.666666666666668
2019-11-18,0.0029830530595401,-0.01,-36.92,12.46,45.0,0.0,63.333333333333336
2019-11-19,-0.0003611086073366,0.0,13.29,12.86,51.0,0.0,116.33333333333331
2019-11-20,-0.0010841088784254,-0.04,13.130000000000004,12.78,44.333333333333336,6.666666666666667,89.66666666666667
2019-11-21,0.0003615002298744,0.04,18.9,13.13,29.33333333333333,40.0,53.0
2019-11-22,-0.0034395399586384,0.01,18.69,12.34,30.0,40.0,30.0
2019-11-25,-0.0018150472357437,0.0,-42.69,11.87,33.333333333333336,0.0,0.0
2019-11-26,0.0002724671920947,-0.03,-3.68,11.54,33.333333333333336,0.0,0.0
2019-11-27,-0.0009085128270944,0.0499999999999998,-0.3100000000000023,11.75,13.333333333333334,0.0,0.0
2019-11-29,0.0015439810523736,-0.0199999999999997,85.00999999999999,12.62,0.0,0.0,0.0
2019-12-02,0.0050692604255592,0.0,-36.11,14.91,76.66666666666667,7.666666666666667,85.0
2019-12-03,0.0012633100398795,-0.08,-16.799999999999997,15.96,70.0,14.333333333333334,85.0
2019-12-04,-0.0011730206623634,0.05,-5.099999999999994,14.8,83.33333333333333,14.333333333333334,85.0
2019-12-05,0.0025247984557334,0.0,-27.320000000000007,14.52,26.666666666666668,10.0,0.0
2019-12-06,-0.0046939967032786,0.03,97.99,13.62,50.0,3.333333333333333,0.0
2019-12-09,0.0013563002214782,0.0199999999999997,-4.699999999999989,15.86,70.0,0.0,0.0
2019-12-10,0.0020760940796273,0.02,58.97999999999999,15.68,75.0,0.0,0.0
2019-12-11,0.0001803263912559,-0.0399999999999998,-77.3,14.99,45.0,0.0,0.0
2019-12-12,0.0020714196626282,0.0499999999999998,-12.039999999999992,13.94,58.333333333333336,0.0,0.0
2019-12-13,0.0011689072049819,-0.0499999999999998,64.61,12.63,66.66666666666667,6.666666666666667,0.0
2019-12-16,0.0009880092419108,0.0399999999999998,-84.74000000000001,12.14,30.0,5.0,28.33333333333333
2019-12-17,0.0008076457566491,-0.02,61.13,12.29,30.0,5.0,58.333333333333336
2019-12-18,-0.0031445154161923,0.0,-50.91999999999999,12.58,30.0,5.0,58.333333333333336
2019-12-19,0.0013488604176323,-0.0099999999999997,-19.35000000000001,12.5,26.666666666666668,0.0,30.0
2019-12-20,-0.0046838493124264,0.0099999999999997,70.96,12.51,26.666666666666668,0.0,0.0
2019-12-23,0.0013533633138891,0.01,-30.569999999999997,12.61,33.333333333333336,13.333333333333334,0.0
2019-12-24,-0.0006313416218724,-0.0199999999999997,-13.829999999999998,12.67,16.666666666666668,0.0,0.0
2019-12-26,0.0016226452672375,0.0199999999999997,9.840000000000003,12.65,3.333333333333333,0.0,0.0
2019-12-27,0.0064643787689873,-0.0499999999999998,21.0,13.43,21.666666666666668,0.0,15.0
2019-12-30,0.0038408336261293,-0.01,-26.61,14.82,13.333333333333334,10.0,0.0
2019-12-31,0.0008911068135561,0.0,4.439999999999998,13.78,27.0,53.333333333333336,0.0
2020-01-02,-0.0054481445884737,0.0,33.379999999999995,12.47,27.0,46.66666666666666,0.0
2020-01-03,0.000626706677032,-0.05,-31.03,14.02,10.0,45.0,0.0
2020-01-06,0.0012522362995926,0.01,39.860000000000014,13.85,26.666666666666668,45.0,0.0
2020-01-07,-0.0043897046973166,0.0,-43.98,13.79,20.0,45.0,0.0
2020-01-08,-0.0018872169159989,0.04,-12.829999999999998,13.45,20.0,25.0,0.0
2020-01-09,-0.0009899654320623,0.0,-19.230000000000004,12.54,20.0,0.0,0.0
2020-01-10,0.0011698539016967,-0.02,2.6599999999999966,12.56,13.333333333333334,0.0,0.0
2020-01-13,0.0017073284463645,0.02,50.24,12.32,30.0,144.66666666666666,0.0
2020-01-14,-0.0007185198800233,0.0,-15.549999999999995,12.39,30.0,131.33333333333334,0.0
2020-01-15,0.0026917916657115,-0.02,-10.5,12.42,30.0,49.0,0.0
2020-01-16,-0.0026019484420762,0.02,-10.72,12.32,71.66666666666667,0.0,0.0
2020-01-17,-0.0034197297545662,0.0,-10.289999999999992,12.1,58.66666666666666,0.3333333333333333,0.0
2020-01-21,0.0002704042560078,-0.05,9.799999999999995,12.85,20.0,0.0,0.0
2020-01-22,-0.0009918399442555,0.0,-10.370000000000005,12.91,10.0,0.0,0.0
2020-01-23,-0.0039772266112748,-0.02,-6.519999999999996,12.98,23.33333333333333,6.666666666666667,0.0
2020-01-24,-0.0013594962895081,-0.02,-22.190000000000005,14.56,16.666666666666668,6.666666666666667,0.0
2020-01-27,-0.0006350646618518,-0.05,-26.23,18.23,13.333333333333334,60.66666666666666,23.33333333333333
2020-01-28,-0.0009987743146521,0.01,72.43,16.28,31.666666666666668,61.66666666666666,25.33333333333333
2020-01-29,-0.0003634381286597,-0.03,-6.060000000000002,16.39,55.0,24.33333333333333,25.33333333333333
2020-01-30,0.0025412974286724,-0.01,53.43000000000001,15.49,70.0,24.33333333333333,25.33333333333333
2020-01-31,0.0045220299541573,-0.0799999999999998,-19.85000000000001,18.84,51.66666666666666,23.33333333333333,0.0
2020-02-03,-0.0018063588726716,0.03,1.9500000000000028,17.97,33.333333333333336,6.666666666666667,0.0
2020-02-04,-0.0017190685074925,0.0499999999999998,-12.190000000000012,16.05,20.0,6.666666666666667,0.0
2020-02-05,-0.0033561644274267,0.03,-27.02,15.15,13.333333333333334,6.666666666666667,0.0
2020-02-06,-0.0024562213849716,0.0,-3.1899999999999977,14.96,0.0,0.0,0.0
2020-02-07,-0.0026449009900856,-0.03,48.52000000000001,15.47,6.666666666666667,0.0,0.0
2020-02-10,-0.0031098534164178,-0.0399999999999998,-18.88000000000001,15.04,0.0,0.0,0.0
2020-02-11,9.160445204041412e-05,0.0399999999999998,41.32000000000001,15.18,13.333333333333334,0.0,32.0
2020-02-12,-0.0022008261978239,0.03,-73.45,13.74,20.0,16.666666666666668,32.0
2020-02-13,-0.0041396499022686,0.0,2.969999999999999,14.15,20.0,21.666666666666668,32.0
2020-02-14,-0.0008299903644268,-0.02,-10.25,13.68,13.333333333333334,21.666666666666668,0.0
2020-02-18,-0.0022166814285909,-0.01,5.399999999999992,14.83,27.0,0.0,35.0
2020-02-19,-0.001943635208571,0.01,-20.91,14.38,27.0,13.333333333333334,35.0
2020-02-20,0.0002778935685524,-0.03,47.23,15.56,27.0,20.0,0.0
2020-02-21,0.0053574855652516,-0.0499999999999998,2.890000000000001,17.08,1.6666666666666667,21.666666666666668,1.6666666666666667
2020-02-24,0.00018422991946,-0.08,-17.86,25.03,0.3333333333333333,10.333333333333334,13.666666666666666
2020-02-25,0.0010126583143861,-0.06,59.11,27.85,0.3333333333333333,7.0,13.666666666666666
2020-02-26,0.0017467253349416,-0.04,-50.35000000000001,27.56,2.0,1.3333333333333333,0.3333333333333333
2020-02-27,0.0082327578061363,-0.0499999999999998,9.060000000000002,39.16,1.6666666666666667,1.0,0.0
2020-02-28,0.0021840030521193,-0.2500000000000001,65.89999999999999,40.11,21.666666666666668,1.0,16.666666666666668
2020-03-02,0.014708137916777,-0.02,-18.919999999999987,33.42,26.666666666666668,0.0,23.33333333333333
2020-03-03,0.0009848248255566,-0.13,-20.97999999999999,36.82,62.333333333333336,0.0,79.33333333333333
2020-03-04,-0.004034975212179,-0.0399999999999999,64.64999999999998,31.99,62.333333333333336,0.0,79.33333333333333
2020-03-05,0.0064481685001871,-0.08,-79.17999999999999,39.62,35.666666666666664,6.666666666666667,87.66666666666667
2020-03-06,0.0103903958626423,-0.0999999999999999,14.480000000000004,41.94,0.0,6.666666666666667,31.666666666666668
2020-03-09,0.008883474577581,-0.1099999999999999,143.74,54.46,20.0,0.0,21.666666666666668
2020-03-10,-0.0068535546360277,0.12,19.879999999999995,47.3,76.66666666666667,0.0,78.66666666666667
2020-03-11,-0.0054814035219236,0.0,-61.390000000000015,53.9,76.66666666666667,0.0,57.0
2020-03-12,-0.0177993161157242,0.0,-47.64999999999998,75.47,56.66666666666666,6.666666666666667,57.0
2020-03-13,-0.0013545854782704,-0.01,143.77,57.83,21.666666666666668,6.666666666666667,48.333333333333336
2020-03-16,0.0065751193871345,-0.13,-7.140000000000043,82.69,30.0,0.0,0.0
2020-03-17,-0.0151970360276987,0.1099999999999999,55.21000000000004,75.91,31.666666666666668,0.0,0.0
2020-03-18,-0.0126583968719235,0.07,76.52999999999997,76.45,30.33333333333333,0.0,0.0
2020-03-19,-0.0124467518069607,-0.1,59.21999999999997,72.0,23.666666666666668,0.0,0.0
2020-03-20,-0.0015901972388909,-0.07,118.84000000000005,66.04,25.33333333333333,0.0,0.0
2020-03-23,0.0072754728160598,-0.0899999999999999,-60.569999999999936,61.59,20.33333333333333,8.333333333333334,1.6666666666666667
2020-03-24,0.0031548694628125,0.0999999999999999,23.83999999999992,61.67,62.0,8.333333333333334,1.6666666666666667
2020-03-25,0.0037912107918713,-0.0399999999999999,-146.91999999999996,63.95,71.66666666666667,20.0,0.0
2020-03-26,0.0173837863445874,-0.04,220.43999999999997,61.0,68.33333333333333,13.333333333333334,0.0
2020-03-27,0.0030791547603132,-0.0499999999999999,-113.12,65.54,40.0,16.666666666666668,0.0
2020-03-30,-0.0037142770426983,-0.0199999999999999,-195.72,57.08,18.0,0.0,15.0
2020-03-31,-0.000181537624171,0.0,155.08999999999995,53.54,31.33333333333333,0.0,28.33333333333333
2020-04-01,-0.0074715609535461,0.0,-41.73999999999995,57.06,13.333333333333334,13.333333333333334,28.33333333333333
2020-04-02,-0.0066067408601538,0.0,263.21,50.91,35.0,13.333333333333334,13.333333333333334
2020-04-03,-0.0060021418476501,0.0,-197.52,46.8,38.333333333333336,22.666666666666668,0.0
2020-04-06,0.0010182828928942,0.04,64.88,45.24,6.666666666666667,0.0,0.0
2020-04-07,0.0071909593541105,0.01,-137.3,46.7,6.666666666666667,0.0,16.666666666666668
2020-04-08,-0.0020229891956679,-0.01,56.05000000000001,43.35,13.333333333333334,0.0,16.666666666666668
2020-04-09,0.006148218495358,-0.04,-106.58999999999996,41.67,6.666666666666667,0.0,16.666666666666668
2020-04-13,-0.0022896928078285,0.0199999999999999,221.26999999999992,41.17,81.66666666666667,26.666666666666668,13.333333333333334
2020-04-14,0.0059423313314839,-0.0199999999999999,-197.48999999999995,37.76,55.0,26.666666666666668,0.0
2020-04-15,-0.0056672912197341,-0.03,14.360000000000014,40.84,33.333333333333336,6.666666666666667,0.0
2020-04-16,-0.0063451406041194,0.0,49.839999999999975,40.11,13.333333333333334,0.0,0.0
2020-04-17,0.0039589427024244,0.0,68.18000000000006,38.15,13.333333333333334,0.0,0.0
2020-04-20,-0.0008273199901957,0.0,44.95999999999992,43.83,13.333333333333334,0.0,0.0
2020-04-21,-0.0018409430825158,0.0,-19.529999999999973,45.41,0.0,6.666666666666667,0.0
2020-04-22,-0.0023059549949706,0.0199999999999999,-87.70999999999998,41.98,30.0,6.666666666666667,0.0
2020-04-23,-0.0012936612412203,0.0,-5.879999999999996,41.38,30.0,6.666666666666667,0.0
2020-04-24,-0.0015731276089266,0.0,56.95999999999998,35.93,36.66666666666666,0.0,0.0
2020-04-27,0.002866788850147,0.0199999999999999,80.15999999999997,33.29,5.0,3.333333333333333,0.0
2020-04-28,0.0006462035766062,-0.0399999999999999,-162.76999999999998,33.57,5.0,3.333333333333333,0.0
2020-04-29,0.0015676152410292,0.0,-40.77999999999997,31.23,0.0,0.0,0.0
2020-04-30,0.0074356610089296,0.0,0.9599999999999796,34.15,0.0,6.666666666666667,0.0
2020-05-01,0.0058362376128155,0.0,76.65000000000003,37.19,15.0,21.666666666666668,0.0
2020-05-04,-0.0079419834126614,-0.01,-67.34000000000003,35.97,76.66666666666667,8.333333333333334,0.0
2020-05-05,-0.0061595230365425,0.0,358.28,33.61,43.333333333333336,8.333333333333334,0.0
2020-05-06,-0.003510396214545,-0.0199999999999999,-308.95,34.12,28.33333333333333,0.0,0.0
2020-05-07,0.0008325239831479,-0.04,5.53000000000003,31.44,0.0,0.0,0.0
2020-05-08,0.003599616236191,0.03,-15.710000000000036,27.98,0.0,0.0,0.0
2020-05-11,-0.0033222621919777,0.01,38.83000000000004,27.57,26.666666666666668,0.0,0.0
2020-05-12,0.004243157367105,0.0,-85.21000000000004,33.04,43.333333333333336,0.0,0.0
2020-05-13,-0.002488365875482,-0.01,111.06000000000006,35.28,23.33333333333333,0.0,0.0
2020-05-14,-0.0034200708106841,0.0,-45.190000000000055,32.61,23.33333333333333,0.0,0.0
2020-05-15,0.001480385170434,0.0,-133.79999999999995,31.89,6.666666666666667,31.666666666666668,0.0
2020-05-18,0.0081031750936233,0.0199999999999999,137.39999999999998,29.3,30.0,6.666666666666667,0.0
2020-05-19,0.0030218419588571,-0.0099999999999999,-147.95999999999998,30.53,13.333333333333334,0.0,0.0
2020-05-20,0.003923899728296,-0.01,57.01999999999998,27.99,20.0,16.666666666666668,0.0
2020-05-21,-0.0024620447397752,0.01,-59.56999999999999,29.53,26.666666666666668,30.0,0.0
2020-05-22,-0.0054012123801267,0.0,57.849999999999966,28.16,40.0,30.0,0.0
2020-05-26,0.0069520953256562,0.0099999999999999,-29.75,28.01,28.33333333333333,3.333333333333333,0.0
2020-05-27,-9.116185794179332e-05,0.01,-34.10999999999996,27.62,31.666666666666668,3.333333333333333,0.0
2020-05-28,0.0090752959742898,-0.0199999999999999,66.88999999999999,28.59,3.333333333333333,0.0,0.0
2020-05-29,0.003427131781496,-0.01,4.289999999999964,27.51,3.333333333333333,0.0,0.0
2020-06-01,0.0014394964249093,-0.0199999999999999,-199.48,28.23,28.33333333333333,13.333333333333334,0.0
2020-06-02,0.0038584102782764,0.03,30.69,26.84,20.0,13.333333333333334,0.0
2020-06-03,0.0071390629818412,0.0199999999999999,29.680000000000007,25.66,20.0,0.0,0.0
2020-06-04,0.0067352257444582,0.0,-55.93000000000001,25.81,20.0,13.333333333333334,0.0
2020-06-05,-0.0022105318696765,0.03,3.829999999999984,24.52,3.333333333333333,15.0,21.666666666666668
2020-06-08,-0.0003541390032584,0.0,83.57,25.81,0.0,0.0,0.0
2020-06-09,0.0048584522050717,-0.0199999999999999,-127.32,27.57,6.666666666666667,0.0,0.0
2020-06-10,0.0006166586109168,-0.03,46.56,27.57,6.666666666666667,0.0,0.0
2020-06-11,0.0020234907709338,0.0199999999999999,79.98000000000002,40.79,20.0,0.0,23.33333333333333
2020-06-12,-0.0110469065605956,0.0,-24.74000000000001,36.09,13.333333333333334,0.0,23.33333333333333
2020-06-15,0.0015095682838249,0.0,7.21999999999997,34.4,26.666666666666668,0.0,0.0
2020-06-16,-0.0009765192306915,0.0199999999999999,19.350000000000023,33.67,13.333333333333334,0.0,0.0
2020-06-17,-0.0035590392581658,-0.0199999999999999,28.70999999999998,33.47,13.333333333333334,0.0,0.0
2020-06-18,-0.0002674392705933,0.0,-25.44,32.94,6.666666666666667,0.0,0.0
2020-06-19,-0.00241017746665,0.0,127.68,35.12,26.666666666666668,0.0,0.0
2020-06-22,0.0063254698859601,0.0,-191.09,31.77,29.0,30.666666666666668,24.666666666666668
2020-06-23,0.005491112902924,-0.01,49.599999999999966,31.37,29.0,47.333333333333336,24.666666666666668
2020-06-24,-0.0044259610180891,0.01,-84.74999999999997,33.84,42.333333333333336,47.333333333333336,0.0
2020-06-25,-0.0045347519136497,-0.0199999999999999,1.3199999999999932,32.22,20.0,16.666666666666668,0.0
2020-06-26,-0.0005348547105576,0.0,34.609999999999985,34.73,20.0,0.0,0.0
2020-06-29,0.0019597369535936,-0.01,41.25,31.78,10.0,1.6666666666666667,0.0
2020-06-30,0.0,0.0,-9.20999999999998,30.43,23.33333333333333,5.0,0.0
2020-07-01,0.0019559038952281,0.01,37.25,28.62,23.33333333333333,3.333333333333333,0.0
2020-07-02,-0.0019559038952281,-0.01,-79.92000000000002,27.68,20.0,13.333333333333334,0.0
2020-07-06,0.0062100980273428,0.0,139.5,27.94,23.33333333333333,0.0,0.0
2020-07-07,-0.0007077767259989,0.0,-110.58999999999996,29.43,30.0,0.0,0.0
2020-07-08,0.0026515836642424,0.0,40.71999999999997,28.08,36.66666666666666,3.333333333333333,0.0
2020-07-09,-0.0027400909882812,0.0,-51.839999999999975,29.26,13.333333333333334,3.333333333333333,0.0
2020-07-10,0.0017686598172617,0.0,-8.220000000000027,27.29,6.666666666666667,16.666666666666668,13.333333333333334
2020-07-13,0.0040560852716095,0.0,-46.72999999999999,32.19,20.0,0.0,0.0
2020-07-14,0.0036890687424055,-0.0199999999999999,95.73999999999998,29.52,20.0,0.0,0.0
2020-07-15,0.0,0.0199999999999999,44.46000000000004,27.76,6.666666666666667,0.0,0.0
2020-07-16,0.0023643778254856,0.0,-39.03000000000003,28.0,0.0,0.0,0.0
2020-07-17,0.0004372349332915,-0.0199999999999999,241.35,25.68,0.0,0.0,0.0
2020-07-20,0.0003496503532127,0.0199999999999999,-124.91999999999996,24.46,0.0,3.333333333333333,0.0
2020-07-21,0.0046213623688077,-0.0199999999999999,-6.6200000000000045,24.84,8.333333333333334,3.333333333333333,0.0
2020-07-22,0.0079716217997804,0.0,-126.5,24.32,8.333333333333334,0.0,0.0
2020-07-23,0.0031021136466456,0.0199999999999999,-14.91999999999996,26.08,21.666666666666668,0.0,0.0
2020-07-24,0.001031903092684,-0.0199999999999999,8.149999999999977,25.84,13.333333333333334,6.666666666666667,0.0
2020-07-27,0.0098354438359129,0.0099999999999999,231.71000000000004,24.74,28.33333333333333,6.666666666666667,0.0
2020-07-28,-0.0014478561486812,-0.0099999999999999,-206.23,25.44,15.0,0.0,6.666666666666667
2020-07-29,0.0031485368306986,-0.02,54.53999999999997,24.1,18.33333333333333,0.0,6.666666666666667
2020-07-30,0.0017826073223509,-0.0099999999999999,-62.5,24.76,30.0,0.0,6.666666666666667
2020-07-31,0.0026256738076413,0.0,76.31,24.46,36.66666666666666,0.0,0.0
2020-08-03,-0.0061089618120096,0.0,-113.03999999999996,24.28,45.0,1.6666666666666667,0.0
2020-08-04,0.0013607758520962,0.0,120.28999999999996,23.76,45.0,1.6666666666666667,0.0
2020-08-05,0.0111563023234496,0.0,-137.33999999999995,22.99,33.333333333333336,0.0,0.0
2020-08-06,-0.0035362502119828,0.0,31.639999999999983,22.65,6.666666666666667,0.0,0.0
2020-08-07,-0.0067705065672106,0.02,-8.930000000000007,22.21,20.0,0.0,0.0
2020-08-10,-0.0016998134298495,0.01,111.92000000000002,22.13,0.0,0.0,0.0
2020-08-11,0.0006802721350775,0.0199999999999999,-29.480000000000015,24.03,13.333333333333334,0.0,0.0
2020-08-12,0.0027164702612813,0.0,-156.94,22.28,13.333333333333334,0.0,0.0
2020-08-13,0.001863301970453,0.0,80.52000000000004,22.13,13.333333333333334,0.0,16.666666666666668
2020-08-14,0.001268445478939,-0.0199999999999999,63.079999999999984,22.05,0.0,0.0,16.666666666666668
2020-08-17,0.0030377206719463,0.0,4.75,21.35,6.666666666666667,0.0,0.0
2020-08-18,0.0049586183880691,0.0,-8.870000000000005,21.51,20.0,0.0,0.0
2020-08-19,-0.0025182586967234,0.0,-125.5,22.54,40.0,6.666666666666667,5.0
2020-08-20,-0.0030303053491791,-0.01,34.06999999999999,22.72,40.0,6.666666666666667,5.0
2020-08-21,-0.0073613735140533,0.03,35.77999999999997,22.54,20.0,6.666666666666667,5.0
2020-08-24,0.0023750965444504,-0.0199999999999999,-99.12999999999997,22.37,20.0,0.0,0.0
2020-08-25,0.0012700564765509,0.0099999999999999,26.78,22.03,26.666666666666668,0.0,0.0
2020-08-26,-0.0004231729570999,0.01,-59.41,23.27,33.333333333333336,3.333333333333333,16.666666666666668
2020-08-27,0.0009307442394629,0.0,26.340000000000003,24.47,46.66666666666666,3.333333333333333,16.666666666666668
2020-08-28,0.0064910659944568,-0.0199999999999999,115.66999999999996,22.96,33.333333333333336,3.333333333333333,30.0
2020-08-31,0.0041088481772169,0.0,-127.17999999999998,26.41,28.33333333333333,20.0,6.666666666666667
2020-09-01,-8.368550990278667e-05,-0.01,35.59,26.12,21.666666666666668,20.0,6.666666666666667
2020-09-02,-0.0091639634117573,0.01,33.140000000000015,26.57,28.33333333333333,0.0,0.0
2020-09-03,-0.0006759040473608,-0.01,5.689999999999998,33.6,13.333333333333334,13.333333333333334,0.0
2020-09-04,-0.0010147134305465,0.01,-19.51000000000002,30.75,15.0,13.333333333333334,6.666666666666667
2020-09-08,-0.0026261186679616,0.0,-15.22999999999999,31.46,68.33333333333333,32.666666666666664,0.0
2020-09-09,0.0017797368992805,0.0,0.7599999999999909,28.81,80.0,41.0,0.0
2020-09-10,0.0059096837252278,0.0,8.560000000000002,29.71,41.66666666666666,29.33333333333333,0.0
2020-09-11,-0.004133108662973,-0.01,18.930000000000007,26.87,43.333333333333336,16.666666666666668,0.0
2020-09-14,0.0036279305769578,0.01,33.59,25.85,16.0,0.0,0.0
2020-09-15,-0.0023608779937101,0.0,-25.349999999999994,25.59,36.0,23.33333333333333,0.0
2020-09-16,-0.0009290148888262,0.0,-0.6300000000000239,26.04,33.333333333333336,23.33333333333333,0.0
2020-09-17,-0.001014456084971,-0.01,4.27000000000001,26.46,35.0,23.33333333333333,0.0
2020-09-18,0.0028716235949572,0.01,-4.5,25.83,100.0,5.0,0.0
2020-09-21,-0.0101721653579466,0.0,-66.85,27.78,0.0,0.0,0.0
2020-09-22,-0.0029010259253577,-0.01,-51.46000000000001,26.86,10.0,20.666666666666668,0.0
2020-09-23,-0.0022241240990512,0.01,35.360000000000014,28.58,20.0,20.666666666666668,0.0
2020-09-24,-0.0009424667621318,0.0,84.78999999999999,28.51,20.0,20.666666666666668,0.0
2020-09-25,-0.0041230087611052,-0.02,6.069999999999993,26.38,10.0,0.0,0.0
2020-09-28,0.0036085613520055,0.02,-62.53,26.19,18.33333333333333,1.6666666666666667,0.0
2020-09-29,0.0048765977636722,-0.03,-4.189999999999998,26.27,18.33333333333333,1.6666666666666667,0.0
2020-09-30,0.0005119454036726,0.02,22.170000000000016,26.37,30.0,0.0,10.0
2020-10-01,0.002470714781885,0.01,51.72999999999999,26.7,62.333333333333336,0.0,10.0
2020-10-02,-0.0039219080025469,-0.01,130.79000000000002,27.63,62.333333333333336,0.0,10.0
2020-10-05,0.0066411482912998,0.01,-116.45000000000005,27.96,0.0,0.0,3.333333333333333
2020-10-06,-0.00050929463795,0.0,60.44,29.48,6.666666666666667,0.0,3.333333333333333
2020-10-07,-0.0010193680801146,0.0199999999999999,92.60000000000002,28.06,11.666666666666666,0.0,3.333333333333333
2020-10-08,-0.0011054892915472,-0.03,-131.96999999999997,26.36,15.0,0.0,0.0
2020-10-09,0.0055998788793864,0.03,11.789999999999964,25.0,8.333333333333334,0.0,0.0
2020-10-13,-0.0069621609121166,0.0,-85.82999999999998,26.07,51.66666666666666,1.6666666666666667,1.6666666666666667
2020-10-14,0.001532436874046,-0.0199999999999999,120.94,26.4,40.333333333333336,0.0,0.0
2020-10-15,-0.004604373755212,0.0,-200.62,26.97,15.333333333333334,1.0,1.3333333333333333
2020-10-16,0.0013664704491976,0.0,59.28999999999999,27.41,22.0,1.0,1.3333333333333333
2020-10-19,0.0060412861894298,0.0199999999999999,48.870000000000005,29.18,21.666666666666668,15.0,0.0
2020-10-20,0.0030492993303975,-0.0199999999999999,-15.340000000000003,29.35,33.333333333333336,15.0,0.0
2020-10-21,0.0038828444157308,0.0,-75.95999999999998,28.65,23.33333333333333,15.0,0.0
2020-10-22,-0.0038828444157308,0.0199999999999999,9.72,28.11,23.33333333333333,9.333333333333334,0.0
2020-10-23,0.0016900460334988,0.0199999999999999,-29.430000000000007,27.55,10.0,9.333333333333334,0.0
2020-10-26,-0.0023668650102661,-0.0199999999999999,156.28,32.46,30.0,0.0,0.0
2020-10-27,0.0015221990254236,0.0,-107.55,33.35,41.0,0.0,0.0
2020-10-28,-0.0070384009026983,0.0,47.06999999999999,40.28,41.0,0.0,0.0
2020-10-29,-0.0079457037284459,0.0,64.22000000000003,37.59,41.0,6.666666666666667,0.0
2020-10-30,-0.0009440035028431,-0.0199999999999999,-20.930000000000007,38.02,60.0,23.33333333333333,16.666666666666668
2020-11-02,-0.0011167906319451,0.0199999999999999,141.5,37.13,134.33333333333334,11.666666666666666,0.0
2020-11-03,0.0077061773600763,0.01,-83.63,35.55,121.66666666666669,23.33333333333333,3.333333333333333
2020-11-04,0.000511639816738,-0.03,35.39999999999998,29.57,66.66666666666667,16.666666666666668,3.333333333333333
2020-11-05,0.0067122899537604,0.0,-67.63,27.58,34.0,11.666666666666666,3.333333333333333
2020-11-06,0.0064992843253243,0.0199999999999999,87.22000000000003,24.86,0.0,0.0,0.0
2020-11-09,-0.0063299363147587,0.01,-135.95000000000002,25.75,0.0,0.0,3.333333333333333
2020-11-10,-8.467042043922013e-05,0.0199999999999999,-62.31,24.8,0.0,0.0,0.0
2020-11-12,0.0003386386757725,-0.0199999999999999,-7.780000000000001,25.35,0.0,6.666666666666667,0.0
2020-11-13,0.0008460953208023,0.0,-60.46,23.1,0.0,6.666666666666667,0.0
2020-11-16,0.0016900460334988,0.0199999999999999,130.45,22.45,16.666666666666668,0.0,0.0
2020-11-17,0.00151860317719,-0.01,-57.43000000000001,22.71,13.333333333333334,0.0,0.0
2020-11-18,0.0005899456578334,-0.0199999999999999,-42.0,23.84,13.333333333333334,0.0,0.0
2020-11-19,-0.0021929833350102,0.0199999999999999,69.84,23.11,0.0,6.666666666666667,0.0
2020-11-20,0.0011814347365755,-0.0199999999999999,5.549999999999983,23.7,0.0,6.666666666666667,0.0
2020-11-23,-0.0026179130772952,0.0,185.39,22.66,10.0,3.333333333333333,0.0
2020-11-24,0.0040506384498454,0.0,-153.07999999999998,21.64,10.0,3.333333333333333,0.0
2020-11-25,0.0028593073050463,0.01,14.310000000000002,21.25,3.333333333333333,0.0,0.0
2020-11-30,0.0033534572003334,-0.01,-120.67,20.57,3.333333333333333,0.0,0.0
2020-12-01,0.0075874795990259,0.01,92.04999999999998,20.77,3.333333333333333,0.0,0.0
2020-12-02,0.0044753928502491,-0.01,-91.5,21.17,3.333333333333333,0.0,0.0
2020-12-03,0.0048669924903333,0.0,33.21000000000001,21.28,0.0,0.0,0.0
2020-12-04,-0.0008232485852295,0.0,25.22,20.79,0.0,0.0,0.0
2020-12-07,-0.0003294892945788,-0.0199999999999999,54.75999999999999,21.3,0.0,0.0,0.0
2020-12-08,-0.0022268968747498,0.0,-10.25,20.68,0.0,0.0,0.0
2020-12-09,-0.0025629380322446,0.0199999999999999,-114.86999999999998,22.27,0.0,0.0,0.0
2020-12-10,0.0031407580161284,-0.0199999999999999,111.27,22.52,0.0,0.0,0.0
2020-12-11,-0.0004952538277042,-0.03,-133.74,23.31,0.0,0.0,0.0
2020-12-14,0.0027208657590427,0.02,64.61,24.72,6.666666666666667,8.333333333333334,8.333333333333334
2020-12-15,0.001069826872395,-0.02,-47.620000000000005,22.89,6.666666666666667,8.333333333333334,0.0
2020-12-16,0.0013972796421227,0.02,-3.1699999999999875,22.5,0.0,0.0,0.0
2020-12-17,0.0067941160948865,0.0,59.75,21.93,13.333333333333334,0.0,0.0
2020-12-18,-0.0017963587748829,0.0,-49.20000000000002,21.57,13.333333333333334,0.0,0.0
2020-12-21,-0.0004904765895759,0.0,100.12,25.16,46.0,3.333333333333333,0.0
2020-12-22,-0.0047537176643563,0.0,-99.23999999999998,24.23,13.333333333333334,0.0,0.0
2020-12-23,0.0018057954508997,0.0,143.51999999999998,23.31,13.333333333333334,13.333333333333334,0.0
2020-12-28,0.0015569307033271,0.0,-73.6,21.7,13.333333333333334,13.333333333333334,0.0
2020-12-29,0.0031882307815773,-0.01,68.89000000000001,23.08,20.0,20.0,0.0
2020-12-30,0.0022827337484675,0.0,82.09999999999997,22.77,13.333333333333334,6.666666666666667,0.0
2020-12-31,-0.0040799730199153,0.01,-61.339999999999975,22.75,13.333333333333334,6.666666666666667,0.0
2021-01-04,0.0019604646043818,-0.02,-73.82,26.97,0.3333333333333333,0.3333333333333333,7.0
2021-01-05,0.003340261364693,0.02,-24.69,25.34,0.0,0.0,6.666666666666667
2021-01-06,-0.0004067520902123,0.01,-68.80000000000001,25.07,0.0,0.0,6.666666666666667
2021-01-07,-0.0020362458674909,0.0,-15.519999999999996,22.37,0.0,0.0,0.0
2021-01-08,-0.0010604887399237,0.0,-19.49000000000001,21.56,0.0,0.0,0.0
