Tweet ID,Date,Tweet,Trade Hostility,Sanction Threat,Fed Pressure,Reason
1061168803218948100,2018-11-10 08:08:52,"There is no reason for these massive, deadly and costly forest fires in California except that forest management is so poor. Billions of dollars are given each year, with so many lives lost, all because of gross mismanagement of the forests. Remedy now, or no more Fed payments!",0,0,0,"Discusses California forest management and threatens to withhold federal payments, but contains no international trade hostility, international sanctions threat, or pressure on Federal Reserve monetary policy; ""Fed payments"" refers to federal government funding, not the Federal Reserve."
1077231267559755800,2018-12-24 15:55:22,"The only problem our economy has is the Fed. They don't have a feel for the Market, they don't understand necessary Trade Wars or Strong Dollars or even Democrat Shutdowns over Borders. The Fed is like a powerful golfer who can't score because he has no touch - he can't putt!",52,0,74,"Directly blames the Federal Reserve for economic problems and criticises its understanding of markets, while positively framing ongoing ""Trade Wars"" as necessary, creating a moderate trade-hostility signal; contains no sanction threat or punitive economic measure against another country."
1.0958575873445519e+18,2019-02-14 01:29:43,"California has been forced to cancel the massive bullet train project after having spent and wasted many billions of dollars. They owe the Federal Government three and a half billion dollars. We want that money back now. Whole project is a ""green"" disaster!",0,0,0,"Discusses California's cancelled infrastructure project and demands repayment of federal government funds, but contains no international trade hostility, international sanctions threat, or pressure on Federal Reserve monetary policy."
1153274794579767300,2019-07-22 12:05:12,"It is far more costly for the Federal Reserve to cut deeper if the economy actually does, in the future, turn down! Very inexpensive, in fact productive, to move now. The Fed raised &, tightened far too much &, too fast. In other words, they missed it (Big!). Don't miss it again!",0,0,79,"Directly critises the Federal Reserve for raising rates and tightening monetary policy too much and too quickly, while urging it to act before a future downturn contains no trade-hostility or sanctions signal. "
1156666163310530600,2019-07-31 20:41:17,"What the Market wanted to hear from Jay Powell and the Federal Reserve was that this was the beginning of a lengthy and aggressive rate-cutting cycle which would keep pace with China, The European Union and other countries around the world.... ....As usual, Powell let us down, but at least he is ending quantitative tightening, which shouldn't have started in the first place - no inflation. We are winning anyway, but I am certainly not getting much help from the Federal Reserve!",25,0,84,"Strongly critises Powell and the Federal Reserve for failing to pursue an aggressive rate-cutting cycle and condemns previous quantitative tightening, while the comparison with China and the EU introduces a weak signal of international economic competition, but no explicit trade action or hostility; contains no sanctions threat."
1156720638377308200,2019-08-01 00:17:45,"Experts stated that the Fed should not have tightened, and then waited too long to undo their mistake. James Bullard of St. Louis Fed said they waited too long to correct the mistake that they made last December. ""Mistake, Powell cut rate and then he started talking."" @LouDobbs",0,0,52,"Reports criticism from experts and a Fed official that the Federal Reserve tightened policy unnecessarily and was too slow to reverse the decision, but does not involve international trade hostility or sanctions."
1156979443900067800,2019-08-01 17:26:09,"Our representatives have just returned from China where they had constructive talks having to do with a future Trade Deal. We thought we had a deal with China three months ago, but sadly, China decided to re-negotiate the deal prior to signing. More recently, China agreed to... ...buy agricultural product from the U.S. in large quantities, but did not do so. Additionally, my friend President Xi said that he would stop the sale of Fentanyl to the United States – this never happened, and many Americans continue to die! Trade talks are continuing, and... ...during the talks the U.S. will start, on September 1st, putting a small additional Tariff of 10% on the remaining 300 Billion Dollars of goods and products coming from China into our Country. This does not include the 250 Billion Dollars already Tariffed at 25%... ...We look forward to continuing our positive dialogue with China on a comprehensive Trade Deal, and feel that the future between our two countries will be a very bright one!",95,5,0,"Announces an additional 10% tariff on $300 billion of Chinese goods amid an ongoing trade dispute, citing China's failure to fulfil trade and fentanyl commitments, creating an explicit and substantial trade-hostility signal; although fentanyl is discussed, no sanctions, or other non-trade punitive measures are threatened, and there is no Federal Reserve pressure."
1157633906025402400,2019-08-03 12:46:45,"Things are going along very well with China. They are paying us Tens of Billions of Dollars, made possible by their monetary devaluations and pumping in massive amounts of cash to keep their system going. So far our consumer is paying nothing - and no inflation. No help from Fed!",45,0,25,"Frames China's currency devaluation and monetary expansion as measures used to offset US trade pressure and highlights the large payments generated through the dispute, creating moderate trade hostility; briefly criticises the Fed for providing ""no help"" without specifying a desired policy action, and contains no sanctions threat."
1150590096527302700,2019-07-15 02:17:10,"We are doing great Economically as a Country, Number One, despite the Fed's antiquated policy on rates and tightening. Much room to grow!",0,0,78,"Directly critices the Federal Reserve's interest-rate and tightening policies as outdated and constraining further US economic growth, but contains no internarional trade hostility or sanctions threat."
1152195094398873600,2019-07-19 12:34:51,"Thomas ""the Chin"" Friedman, a weak and pathetic sort of guy, writes columns for The New York Times in between rounds of his favorite game, golf. Two weeks ago, while speaking to a friend on his cell phone, I unfortunately ended up speaking to Friedman. We spoke for a while and... ....Governor of the State did a good job. That may be true but she could not have done it without the tremendous economic success of our Country &, the turnaround that my Administration has caused. Really Nasty to me in his average I.Q. Columns, kissed my a.. on the call. Phony! ....he could not have been nicer or more respectful to your favorite President, me. Then I saw the column he wrote, ""Trump Will Be Re-elected, Won't He?"" He called me a Racist, which I am not, and said Rhode Island went from economically bad to great in 5 years because the..... Because of the faulty thought process we have going for us at the Federal Reserve, we pay much higher interest rates than countries that are no match for us economically. In other words, our interest costs are much higher than other countries, when they should be lower. Correct!",22,0,92,"Strongly criticises the Federal Reserve for maintaining higher interest rates than other countries and argues that US rates should instead be lower; the international comparison creates a weak economic-competition signal but contains no explicit trade action or hostility, and there is no sanctions threat."
1152211072851619800,2019-07-19 13:38:21,"....but it is no thanks to the Federal Reserve. Had they not acted so fast and ""so much,"" we would be doing even better than we are doing right now. This is our chance to build unparalleled wealth and success for the U.S., GROWTH, which would greatly reduce % debt. Don't blow it!",0,0,90,"Strongly blames Federal Reserve actions for constraining US economic growth and urges the Fed not to miss the opportunity for greater expansion, but contains no international trade hostility or sanctions threat."
1153274069028089900,2019-07-22 12:02:19,"With almost no inflation, our Country is needlessly being forced to pay a MUCH higher interest rate than other countries only because of a very misguided Federal Reserve. In addition, Quantitative Tightening is continuing, making it harder for our Country to compete. As good..... ....as we have done, it could have been soooo much better. Interest rate costs should have been much lower, &, GDP &, our Country's wealth accumulation much higher. Such a waste of time &, money. Also, very unfair that other countries manipulate their currencies and pump money in!",48,0,96,"Strongly attacks the Federal Reserve for maintaining excessively high interest rates and quantitative tightening, while criticising foreign countries for currency manipulation and monetary expansion that place the US at a competitive disadvantage, creating a moderate international economic-hostility signal; contains no sanctions threat."
1158350120649408500,2019-08-05 12:12:44,"China dropped the price of their currency to an almost a historic low. It's called ""currency manipulation."" Are you listening Federal Reserve? This is a major violation which will greatly weaken China over time!",58,0,78,"Explicitly accuses China of currency manipulation, labels the action a major violation and predicts economic harm to China, creating a moderate trade hostility, while directly calling on the Federal Reserve to respond; contains no sanctions threat."
1159083361803149300,2019-08-07 12:46:22,"""Three more Central Banks cut rates."" Our problem is not China - We are stronger than ever, money is pouring into the U.S. while China is losing companies by the thousands to other countries, and their currency is under siege - Our problem is a Federal Reserve that is too..... ....proud to admit their mistake of acting too fast and tightening too much (and that I was right!). They must Cut Rates bigger and faster, and stop their ridiculous quantitative tightening NOW. Yield curve is at too wide a margin, and no inflation! Incompetence is a..... ....terrible thing to watch, especially when things could be taken care of sooo easily. We will WIN anyway, but it would be much easier if the Fed understood, which they don't, that we are competing against other countries, all of whom want to do well at our expense!",63,0,99,"Applies strong competitive framing to China and other countries, highlighting China's loss of companies and currency weakness while portraying foreign economies as seeking advantage at US expense, creating subtantial trade hostility; simultaneously makes an urgent and explicit demand for the Fed to cut rates faster and end quantitative tightening, but contains no sanctions threat."
1164174364213952500,2019-08-21 13:56:12,"So Germany is paying Zero interest and is actually being paid to borrow money, while the U.S., a far stronger and more important credit, is paying interest and just stopped (I hope!) Quantitative Tightening. Strongest Dollar in History, very tough on exports. No Inflation!..... ....WHERE IS THE FEDERAL RESERVE?",30,0,93,"Strongly pressures the Federal Reserve by contrasting US interest rates with Germany's extremely low borrowing costs and highlighting the strong dollar's negative effect on exports; this creates a low trade-hostility signal through concern about US international competitiveness, but does not attack a foreign country's trade practices or threaten sanctions."
1166389407588466700,2019-08-27 16:37:59,The Federal Reserve loves watching our manufacturers struggle with their exports to the benefit of other parts of the world. Has anyone looked at what almost all other countries are doing to take advantage of the good old USA? Our Fed has been calling it wrong for too long!,55,0,82,"Strongly criticises the Federal Reserve for policies portrayed as harming US manufacturers and exports, while accusing other countries of taking advantage of the US for their own economic benefit, creating a moderate trade hostility through explicit international competitive framing; contains no sanctions threat."
1185026994993451e3,2019-10-18 02:57:07,"The radical left tolerates no dissent, it permits no opposition, it accepts no compromise, and it has absolutely no respect for the will of the American People. They are coming after me, because I am fighting for YOU! #TrumpRallyDallas #KAG2020 https://t.co/OthKwS1bud",0,0,0,"Discusses domestic political conflict and opposition from the political left, without reference to international trade, sanctions or punitive economic measures, or Federal Reserve monetary policy."
1196455500940038100,2019-11-18 03:49:55,"Just finished a very good &, cordial meeting at the White House with Jay Powell of the Federal Reserve. Everything was discused including interest rates, negative interest, low inflation, easing, Dollar strength &, its effect on manufacturing, trade with China, E.U. &, others, etc.",35,0,55,"Reports a cordial discussion with Fed Chair Jay Powell covering monetary policy, dollar strength and its effects on manufacturing, alongside trade with China and the EU; this creates a low trade-hostility signal through international trade and competitiveness concerns, but expresses no hostile trade action or sanctions threat."
1196632739266596900,2019-11-19 03:34:12,"At my meeting with Jay Powell this morning, I protested fact that our Fed Rate is set too high relative to the interest rates of other competitor countries. In fact, our rates should be lower than all others (we are the U.S.). Too strong a Dollar hurting manufacturers &, growth!",38,0,94,"Explicitly pressures the Federal Reserve to lower US interest rates relative to competitor countries and links high rates and dollar strength to harm to US manufacturers and growth; the international competitiveness framing creates low trade hostility, but there is no criticism of specific foreign trade practices, trade action, or sanctions threat."
1234727146964254700,2020-03-03 06:27:46,"Australia's Central Bank cut interest rates and stated it will most likely further ease in order to make up for China's Coronavirus situation and slowdown. They reduced to 0.5%, a record low. Other countries are doing the same thing, if not more so. Our Federal Reserve has us.... Australia's Central Bank cut interest rates and stated it will most likely further ease in order to make up for China's Coronavirus situation and slowdown. They reduced to 0.5%, a record low. Other countries are doing the same thing, if not more so. Our Federal Reserve has us.... ....paying higher rates than many others, when we should be paying less. Tough on our exporters and puts the USA at a competitive disadvantage. Must be the other way around. Should ease and cut rate big. Jerome Powell led Federal Reserve has called it wrong from day one. Sad!",42,0,98,"Strongly pressures the Federal Reserve to cut rates and ease policy by contrasting US rates with Australia and other countries, explicitly arguing that current policy puts US exporters at a competitive disadvantage; this creates moderate trade hostility through direct international competitiveness concerns, but contains no hostile trade measure or sanctions threat."
1237378225417961500,2020-03-10 14:02:12,"The Federal Reserve must be a leader, not a very late follower, which it has been!",0,0,76,"Directly critices the Federal Reserve for acting too late and urges it to take a leading role in monetary policy, but makes no reference to international trade, foreign economic competition, or sanctions."
1121782348469522400,2019-04-26 14:25:28,"Just out: Real GDP for First Quarter grew 3.2% at an annual rate. This is far above expectations or projections. Importantly, inflation VERY LOW. MAKE AMERICA GREAT AGAIN!",0,0,30,"Reports stronger-than-expected US GDP growth and very low inflation, which provides an indirect monetary-policy signal through inflation conditions, but does not criticise or pressure the Federal Reserve; contains no international trade hostility or sanctions threat."
1126834718316683300,2019-05-10 13:01:47,"Great Consumer Price Index just out. Really good, very low inflation! We have a great chance to ""really rock!"" Good numbers all around.",0,0,32,"Highlights very low US inflation through the latest CPI figures, providing an indirect monetary-policy signal but making no explicit demand of or criticism toward the Federal Reserve; contains no international trade hostility or sanctions threat."
1140935620291964900,2019-06-18 10:53:44,"Mario Draghi just announced more stimulus could come, which immediately dropped the Euro against the Dollar, making it unfairly easier for them to compete against the USA. They have been getting away with this for years, along with China and others.",60,0,52,"Accuses the EU, alongside China and others, of using monetary stimulus and currency depreciation to gain an unfair competitive advantage over the US, creating substantial economic and trade hostility; the monetary-policy comparison provides moderate Fed-pressure context, but no sanctions or punitive measures are threatened."
884027201804488700,2017-07-09 12:31:23,"Sanctions were not discussed at my meeting with President Putin. Nothing will be done until the Ukrainian &, Syrian problems are solved!",0,57,0,"Explicitly discusses sanctions against Russia and indicates they will remain tied to resolution of the Ukrainian and Syrian conflicts, creating a moderate sanctions signal without announcing or threatening new measures; contains no trade hostility or Federal Reserve pressure."
893965986566733800,2017-08-05 22:44:34,The United Nations Security Council just voted 15-0 to sanction North Korea. China and Russia voted with us. Very big financial impact!,0,82,0,"Announces the unanimous UN Security Council approval of sanctions against North Korea and explicitly emphasises their large financial impact, creating a very high sanctions signal; contains no trade hostility or Federal Reserve pressure."
935881037254725600,2017-11-29 14:40:01,Just spoke to President XI JINPING of China concerning the provocative actions of North Korea. Additional major sanctions will be imposed on North Korea today. This situation will be handled!,0,89,0,"Announces that additional major sanctions against North Korea will be imposed immediately in response to its provocative actions, creating a very high sanctions signal through explicit, imminent punitive action; contains no trade hostility or Federal Reserve pressure."
929492038231429100,2017-11-11 23:32:25,President Xi of China has stated that he is upping the sanctions against #NoKo. Said he wants them to denuclearize. Progress is being made.,0,76,0,"Reports that China is increasing sanctions against North Korea to pressure it toward denuclearisation, creating a strong sanctions signal through active escalation of punitive measures, but the action is attributed to China rather than directly announced by the US and its scale is unspecified; contains no trade hostility or Federal Reserve pressure."
917130468025348100,2017-10-08 20:51:57,"Bob Corker gave us the Iran Deal, &, that's about it. We need HealthCare, we need Tax Cuts/Reform, we need people that can get the job done!",0,27,0,"References the Iran nuclear deal critically, providing limited context related to the policy environment surrounding Iran sanctions, but does not mention sanctions, threaten punitive action, or announce any change in policy; contains no trade hostility or Federal Reserve pressure."
1022502465147682800,2018-07-26 15:22:39,"The United States will impose large sanctions on Turkey for their long time detainment of Pastor Andrew Brunson, a great Christian, family man and wonderful human being. He is suffering greatly. This innocent man of faith should be released immediately!",0,88,0,"Explicitly announces that the United States will impose large sanctions on Turkey and demands the immediate release of Pastor Andrew Brunson, creating a very high sanctions signal through direct, imminent and substantial US punitive action; contains no trade hostility or Federal Reserve pressure."
1019524328927453200,2018-07-18 10:08:36,"While the NATO meeting in Brussels was an acknowledged triumph, with billions of dollars more being put up by member countries at a faster pace, the meeting with Russia may prove to be, in the long run, an even greater success. Many positive things will come out of that meeting.. ....Russia has agreed to help with North Korea, where relationships with us are very good and the process is moving along. There is no rush, the sanctions remain! Big benefits and exciting future for North Korea at end of process!",0,75,0,"Confirms that existing sanctions on North Korea will remain in place while negotiations and denuclearisation efforts continue, maintaining substantial economic pressure but without announcing new or escalated anctions; contains no trade hostility or Federal Reserve pressure."
1013023608040513500,2018-06-30 11:37:03,"Just spoke to King Salman of Saudi Arabia and explained to him that, because of the turmoil &, disfunction in Iran and Venezuela, I am asking that Saudi Arabia increase oil production, maybe up to 2,000,000 barrels, to make up the difference...Prices to high! He has agreed!",0,11,0,"Discusses economic turmoil in Iran and Venezuela and a request for Saudi Arabia to increase oil production in response, but does not mention, threaten, or announce sanctions or other punitive economic measures; contains no trade hostility or Federal Reserve pressure."
1084584259510304800,2019-01-13 22:53:32,"Starting the long overdue pullout from Syria while hitting the little remaining ISIS territorial caliphate hard, and from many directions. Will attack again from existing nearby base if it reforms. Will devastate Turkey economically if they hit Kurds. Create 20 mile safe zone.... ....Likewise, do not want the Kurds to provoke Turkey. Russia, Iran and Syria have been the biggest beneficiaries of the long term U.S. policy of destroying ISIS in Syria - natural enemies. We also benefit but it is now time to bring our troops back home. Stop the ENDLESS WARS!",0,52,0,"Explicitly threatens severe economic consequences against Turkey if it attacks the Kurds, creating a moderate sanctions signal through a conditional threat of economic punishment, but no specific sanctions or measures are announced or implemented; contains no trade hostility or Federal Reserve pressure."
1090566017238093800,2019-01-30 11:02:54,Maduro willing to negotiate with opposition in Venezuela following U.S. sanctions and the cutting off of oil revenues. Guaido is being targeted by Venezuelan Supreme Court. Massive protest expected today. Americans should not travel to Venezuela until further notice.,0,92,0,"Describes existing US sanctions and the cutoff of Venezuelan oil revenues as actively exerting economic pressure on Maduro and contributing to negotiations with the opposition, creating a very high sanctions signal through substantial, implemented measures with observable political effects; contains no trade hostility or Federal Reserve pressure."
1142506680300789800,2019-06-22 18:56:33,"Iran cannot have Nuclear Weapons! Under the terrible Obama plan, they would have been on their way to Nuclear in a short number of years, and existing verification is not acceptable. We are putting major additional Sanctions on Iran on Monday. I look forward to the day that..... ....Sanctions come off Iran, and they become a productive and prosperous nation again - The sooner the better!",0,90,0,"Explicitly announces major additional US sanctions on Iran with a specific and imminent implementation date, creating a very high sanctions signal through substantial escalation of punitive economic measures; also indicates sanctions could eventually be removed if relations improve, but contains no trade hostility or Federal Reserve pressure."
1142567481124503600,2019-06-22 22:58:10,"I never called the strike against Iran ""BACK,"" as people are incorrectly reporting, I just stopped it from going forward at this time!",0,15,0,"Discusses the suspension of a planned military strike against Iran, indicating geopolitical tension but making no reference to sanctions, economic punishment, or other sanctions-related action; contains no trade hostility or Federal Reserve pressure."
1143128642878410800,2019-06-24 12:08:01,"China gets 91% of its Oil from the Straight, Japan 62%, &, many other countries likewise. So why are we protecting the shipping lanes for other countries (many years) for zero compensation. All of these countries should be protecting their own ships on what has always been.... ....a dangerous journey. We don't even need to be there in that the U.S. has just become (by far) the largest producer of Energy anywhere in the world! The U.S. request for Iran is very simple - No Nuclear Weapons and No Further Sponsoring of Terror!",0,12,0,"Expresses geopolitical pressure on Iran over nuclear weapons and terrorism and questions the US role in protecting international oil shipping, but does not mention, threaten, or announce sanctions or other economic punishment; contains no trade hostility or Federal Reserve pressure."
1117033379776667600,2019-04-13 11:54:45,"I agree with Kim Jong Un of North Korea that our personal relationship remains very good, perhaps the term excellent would be even more accurate, and that a third Summit would be good in that we fully understand where we each stand. North Korea has tremendous potential for....... ....extraordinary growth, economic success and riches under the leadership of Chairman Kim. I look forward to the day, which could be soon, when Nuclear Weapons and Sanctions can be removed, and then watching North Korea become one of the most successful nations of the World!",0,57,0,"Discusses the potential removal of sanctions on North Korea as part of future denuclearisation and links their removal to prospects for economic growth, creating a moderate sanctions signal through explicit conditional sanctions policy, but does not announce new sanctions or escalation; contains no trade hostility or Federal Reserve pressure."
1141711064305983500,2019-06-20 14:15:04,Iran made a very big mistake!,0,28,0,"Signals heightened geopolitical tension toward Iran following a serious escalation, but does not explicitly mention sanctions or announce economic retaliation; the surrounding context gives the statement a limited indirect sanctions signal, while there is no trade hostility or Federal Reserve pressure."
1142055375186907100,2019-06-21 13:03:14,"President Obama made a desperate and terrible deal with Iran - Gave them 150 Billion Dollars plus I.8 Billion Dollars in CASH! Iran was in big trouble and he bailed them out. Gave them a free path to Nuclear Weapons, and SOON. Instead of saying thank you, Iran yelled..... ....Death to America. I terminated deal, which was not even ratified by Congress, and imposed strong sanctions. They are a much weakened nation today than at the beginning of my Presidency, when they were causing major problems throughout the Middle East. Now they are Bust!.... ....On Monday they shot down an unmanned drone flying in International Waters. We were cocked &, loaded to retaliate last night on 3 different sights when I asked, how many will die. 150 people, sir, was the answer from a General. 10 minutes before the strike I stopped it, not.... ....proportionate to shooting down an unmanned drone. I am in no hurry, our Military is rebuilt, new, and ready to go, by far the best in the world. Sanctions are biting &, more added last night. Iran can NEVER have Nuclear Weapons, not against the USA, and not against the WORLD!",0,95,0,"Describes strong existing sanctions against Iran as already causing substantial economic damage and announces that additional sanctions have just been imposed, creating an extremely strong sanctions signla through active, escalating punitive economic measures; contains no trade hostility or Federal Reserve pressure."
1109143448634966e3,2019-03-22 17:22:59,It was announced today by the U.S. Treasury that additional large scale Sanctions would be added to those already existing Sanctions on North Korea. I have today ordered the withdrawal of those additional Sanctions!,0,47,0,"Explicitly discusses additional large-scale sanctions on North Korea but announces their withdrawal, creating a moderate sanctions signal because substantial punitive measures were under consideration but are being reversed rather than implemented; contains no trade hostility or Federal Reserve pressure."
1183376270731763700,2019-10-13 13:37:43,"Dealing with @LindseyGrahamSC and many members of Congress, including Democrats, about imposing powerful Sanctions on Turkey. Treasury is ready to go, additional legislation may be sought. There is great consensus on this. Turkey has asked that it not be done. Stay tuned!",0,94,0,"Explicitly signals imminent powerful sanctions against Turkey, with the Treasury prepared to act, broad congressional support and possible additional legislation, creating a very high sanctions signal through substantial and highly credible impending punitive actions; contains no trade hostility or Federal Reserve pressure."
121650672215364e4,2020-01-12 23:46:18,"National Security Adviser suggested today that sanctions & protests have Iran ""choked off"", will force them to negotiate. Actually, I couldn't care less if they negotiate. Will be totally up to them but, no nuclear weapons and ""don't kill your protesters.""",0,87,0,"Describes existing sanctions on Iran as already exerting severe economic pressure and potentially forcing negotiations, creating a very high sanctions signal through substantial, implemented measures with claimed political effects; contains no trade hostility or Federal Reserve pressure."
1221225245220266e3,2020-01-26 00:16:02,"Iranian Foreign Minister says Iran wants to negotiate with The United States, but wants sanctions removed. @FoxNews @OANN No Thanks!",0,91,0,"Explicitly rejects Iran's request to remove existing sanctions as a condition for negotiations, signalling a strong commitment to maintaining substantial economic pressure and making sanctions central to the US negotiating position; contains no trade hostility or Federal Reserve pressure."
1174305447513186300,2019-09-18 12:53:30,I have just instructed the Secretary of the Treasury to substantially increase Sanctions on the country of Iran!,0,95,0,"Directly orders the Treasury Secretary to substantially increase sanctions on Iran, creating an extremely strong sanctions signal through explicit, immediate and substantial escalation of US punitive economic measures; contains no trade hostility or Federal Reserve pressure."
984017894240604200,2018-04-11 10:38:42,"So much Fake News about what is going on in the White House. Very calm and calculated with a big focus on open and fair trade with China, the coming North Korea meeting and, of course, the vicious gas attack in Syria. Feels great to have Bolton &, Larry K on board. I (we) are ....doing things that nobody thought possible, despite the never ending and corrupt Russia Investigation, which takes tremendous time and focus. No Collusion or Obstruction (other than I fight back), so now they do the Unthinkable, and RAID a lawyers office for information! BAD!",18,10,0,"Mentions a focus on achievig open and fair trade with China, providing a weak trade-related signal without threats, restrictions or punitive measures; references geopolitical tensions involving North Korea and Syria but makes no mention of sanctions or economic punishment, and contains no Federal Reserve pressure."
1017093020783710200,2018-07-11 17:07:27,"What good is NATO if Germany is paying Russia billions of dollars for gas and energy? Why are there only 5 out of 29 countries that have met their commitment? The U.S. is paying for Europe's protection, then loses billions on Trade. Must pay 2% of GDP IMMEDIATELY, not by 2025.",35,36,0,"Criticises Germany's energy payments to Russia and European NATO members' financial contributions, while also highlighting US trade losses with Europe, creating limited economic and trade tension; however, it neither threatens sanctions nor proposes trade restrictions or other punitive economic measures, and contains no Federal Reserve pressure."
1017190186269184e3,2018-07-11 23:33:33,"Billions of additional dollars are being spent by NATO countries since my visit last year, at my request, but it isn't nearly enough. U.S. spends too much. Europe's borders are BAD! Pipeline dollars to Russia are not acceptable!",12,39,0,"Criticises European NATO spending and specifically objects to energy payments to Russia, creating a limited sanctions-related signal through opposition to economic flows benefiting Russia; however, no sanctions or punitive measures are explicitly proposed, and the economic dispute is primarily about NATO burden-sharing rather than trade hostility or Federal Reserve policy."
1135332642851893200,2019-06-02 23:49:30,"Hearing word that Russia, Syria and, to a lesser extent, Iran, are bombing the hell out of Idlib Province in Syria, and indiscriminately killing many innocent civilians. The World is watching this butchery. What is the purpose, what will it get you? STOP!",0,17,0,"Strongly condemns Russian, Syrian and Iranian military actions in Idlib and demands that they stop, signalling geopolitical tension but making no reference to sanctions, economic retaliation or other punitive economic measures; contains no trade hostility or Federal Reserve pressure."
1135602449987899400,2019-06-03 17:41:37,"London part of trip is going really well. The Queen and the entire Royal family have been fantastic. The relationship with the United Kingdom is very strong. Tremendous crowds of well wishers and people that love our Country. Haven't seen any protests yet, but I'm sure the.... Russia has informed us that they have removed most of their people from Venezuela.",0,14,0,"Reports that Russia has withdrawn most of its personnel from Venezuela, providing geopolitical context involving a country subject to US sanctions, but does not mention sanctions, economic pressure or any new punitive action; contains no trade hostility or Federal Reserve pressure."
1156933712761753600,2019-08-01 14:24:26,"China, Iran &, other foreign countries are looking at the Democrat Candidates and ""drooling"" over the small prospect that they could be dealing with them in the not too distant future. They would be able to rip off our beloved USA like never before. With President Trump, NO WAY!",36,28,0,"Accuses China, Iran, and other foreign countries of taking advantage of the US and signals a confrontational economic stance, creating limited trade hostility; however, it does not announce tariffs, trade restrictions, sanctions or other specific punitive measures, and contains no Federal Reserve pressure."
1.1595224923246879e+18,2019-08-08 17:51:19,"Iran is in serious financial trouble. They want desperately to talk to the U.S., but are given mixed signals from all of those purporting to represent us, including President Macron of France.... ....I know Emmanuel means well, as do all others, but nobody speaks for the United States but the United States itself. No one is authorized in any way, shape, or form, to represent us!",0,57,0,"Describes Iran as being in serious financial distress and seeking negotiations with the US, indirectly signalling the effects of ongoing economic pressure and sanctions; however, no new sanctions, escalation or removal of existing measures is announced, and there is no trade hostility or Federal Reserve pressure."
1161026203345723400,2019-08-12 21:26:32,"The United States is learning much from the failed missile explosion in Russia. We have similar, though more advanced, technology. The Russian ""Skyfall"" explosion has people worried about the air around the facility, and far beyond. Not good!",0,5,0,"Reports a Russian missile accident and its potential environmental consequences, creating general geopolitical concern but providing virtually no sanctions-related signal; no economic punishment, sanctions, trade hostility or Federal Reserve pressure is mentioned."
985858100149309400,2018-04-16 12:31:02,Russia and China are playing the Currency Devaluation game as the U.S. keeps raising interest rates. Not acceptable!,44,35,68,"Accuses Russia and China devaluing their currencies to gain an economic advantage over the US, creating moderate trade hostility through an explicit claim of unfair competition; simultaneously criticises rising US interest rates as worsening that disadvantage, providing a strong but indirect Federal Reserve pressure signal, while no sanctions or punitive economic measures are proposed."
102789928658611e4,2018-08-10 12:47:42,"I have just authorized a doubling of Tariffs on Steel and Aluminum with respect to Turkey as their currency, the Turkish Lira, slides rapidly downward against our very strong Dollar! Aluminum will now be 20% and Steel 50%. Our relations with Turkey are not good at this time!",95,90,0,"Announces an immediate doubling of US tariffs on Turkish steel and aluminium, specifying very large new rates and explicitly linking the action to deteriorating US-Turkey relations, creating an extremely strong trade-hostility signal through implemented punitive trade measures; the same action also represents severe economic pressure consistent with the very high sanctions score, while there is no Federal Reserve pressure."
1146423819906748400,2019-07-03 14:21:52,"China and Europe playing big currency manipulation game and pumping money into their system in order to compete with USA. We should MATCH, or continue being the dummies who sit back and politely watch as other countries continue to play their games - as they have for many years!",62,53,58,"Accuses China and Europe of manipulating their currencies and injecting liquidity to gain an unfair competitive advantage over the US, creating strong trade hostility; the call for the US to ""MATCH"" their actions implies pressure for a more expansionary domestic monetary response, while the sanctions signal remains moderate because the tweet expresses economic confrontation but does not announce sanctions or other direct punitive measures."
1149661694735474700,2019-07-12 12:48:02,"When you are the big ""piggy bank"" that other countries have been ripping off for years (to a level that is not to be believed), Tariffs are a great negotiating tool, a great revenue producer and, most importantly, a powerful way to get...... .....if Mexico produces (which I think they will). Biggest part of deal with Mexico has not yet been revealed! China is similar, except they devalue currency &, subsidize companies to lessen effect of 25% Tariffs. So far, little effect to consumers. Companies will relocate to U.S. ....companies to come to the USA and to get companies that have left us for other lands to COME BACK HOME. We stupidly lost 30% of our auto business to Mexico. If the Tariffs went on at the higher level, they would all come back, and fast. But very happy with the deal I made,... Great job by Rush Limbaugh on @foxandfriends!",96,78,0,"Strongyl endorses tariffs as a negotiating and economic tool, discusses existing 25% tariffs on China and potential higher tariffs on Mexico, and explicitly presents them as means of forcing concessions and relocating production to the US, creating an extremely strong trade-hostility signal through active and threatened trade restrictions; sanctions-related economic pressure is also substantial, while there is no Federal Reserve pressure."
857185261029126100,2017-04-26 10:51:06,The U.S. recorded its slowest economic growth in five years (2016). GDP up only 1.6%. Trade deficits hurt the economy very badly.,35,0,0,"Links weak US economic growth to trade deficits and frames trade imbalances as economically harmful, creating a low trade-hostility signal through criticism of the existing trade position; contains no sanctions threat or Federal Reserve pressure."
824615820391305200,2017-01-26 13:51:46,"The U.S. has a 60 billion dollar trade deficit with Mexico. It has been a one-sided deal from the beginning of NAFTA with massive numbers…of jobs and companies lost. If Mexico is unwilling to pay for the badly needed wall, then it would be better to cancel the upcoming meeting.",70,12,0,"Strongly criticises the US-Mexico trade relationship, citing the large trade deficit and losses of US jobs and companies under NAFTA, while threatening to cancel an upcoming meeting if Mexico refuses to fund the border wall, creating a high trade-hostility signal; the conditional diplomatic pressure provides only a very weak sanctions-related signal because no economic sanctions are proposed, and there is no Federal Reserve pressure."
824970003153842200,2017-01-27 13:19:10,"Mexico has taken advantage of the U.S. for long enough. Massive trade deficits &, little help on the very weak border must change, NOW!",63,5,0,"Accuses Mexico of taking advantage of the US through large trade deficits and demands an immediate change to the economic relationship, creating a strong trade-hostility signal; however, it does not threaten or announce new tariffs, sanctions or other specific punitive economic measures, and contains no Federal Reserve pressure."
827715246135574500,2017-02-04 03:07:47,Countries charge U.S. companies taxes or tariffs while the U.S. charges them nothing or little.We should charge them SAME as they charge us!,40,0,0,"Criticises unequal tariff and tax treatment of US companies and explicitly calls for reciprocal tariffs, creating a moderate trade-hostility signal through proposed retaliatory trade policy; no sanctions-related action or Federal Reserve pressure is present."
847573220417044500,2017-03-30 22:16:17,The meeting next week with China will be a very difficult one in that we can no longer have massive trade deficits... ...and job losses. American companies must be prepared to look at other alternatives.,73,8,0,"Frames upcoming US-China negotiations as highly difficult, cites large trade deficits and job losses as unacceptable, and urges American companies to consider alternatives to China, creating a strong trade-hostility signal through explicit economic confrontation ad potential disengagement; however, no sanctions or specific punitive measures are announces, and there is no Federal Reserve pressure."
850722648883638300,2017-04-08 14:50:59,"It was a great honor to have President Xi Jinping and Madame Peng Liyuan of China as our guests in the United States. Tremendous... ...goodwill and friendship was formed, but only time will tell on trade.",12,0,0,"Describes strong goodwill and friendship with China while acknowledging uncertainty about future trade relations, creating only a minimal trade-hostility signal because no dispute, threat or restrictive action is expressed; contains no sanctions threat or Federal Reserve pressure."
851766546825347100,2017-04-11 11:59:04,I explained to the President of China that a trade deal with the U.S. will be far better for them if they solve the North Korean problem!,58,15,0,"Explicitly links the terms of a future US-China trade deal to China taking action on North Korea, using trade negotiations as diplomatic leverage and creating a moderate trade-hostility signal; the North Korea connection gives a weak indirect sanctions-related signal, but no sanctions are mentioned or threatened, and there is no Federal Reserve pressure."
868501243823575e3,2017-05-27 16:16:47,"Just left the #G7Summit. Had great meetings on everything, especially on trade where.... ""....""""we push for the removal of all trade-distorting practices....to foster a truly level playing field.""""""",65,0,0,"Emphasises international action to remove trade-distorting practices and create a level playing field, signalling a strong challenge to unfair trade behaviour and support for changing existing trade conditions; however no specific tariffs, sanctions, or other punitive measures are announced, and there is no Federal Reserve pressure."
869503804307275800,2017-05-30 10:40:36,"We have a MASSIVE trade deficit with Germany, plus they pay FAR LESS than they should on NATO &, military. Very bad for U.S. This will change",83,8,0,"Strongly condemns the US trade deficit with Germany, combines it with criticism of Germany's NATO contributions, and explicitly states that the situation ""will change"", creating a very high trade-hostility signal and implying impending policy action; no sanctions or specific punitive economic measures are announces, and no Federal Reserve pressure."
878013639613186e3,2017-06-22 22:15:39,"Mexico was just ranked the second deadliest country in the world, after only Syria. Drug trade is largely the cause. We will BUILD THE WALL!",0,0,0,"Discusses drug trafficking, violence in Mexico and construction of the border wall, but contains no trade dispute, sanctions or economic punitive action and makes no reference to the Fed or monetary policy."
880602793341591600,2017-06-30 01:44:01,Just finished a very good meeting with the President of South Korea. Many subjects discussed including North Korea and new trade deal!,76,8,0,"Reports high-level negotiations with South Korea involving a new trade deal, creating a strong trade-policy signal because concrete changes to bilateral trade arrangements are being discussed; the mention of North Korea provides only minimal sanctions-related context because no sanctions or economic pressure are mentioned, and there is no Fed pressure."
882558219285131300,2017-07-05 11:14:11,The United States made some of the worst Trade Deals in world history.Why should we continue these deals with countries that do not help us?,28,0,0,"Strongly criticises existing US trade agreements as unfair and questions continuing deals with countries perceived as not supporting the US, creating a low trade-hostility signal through dissatisfaction with current trade relationships; however, no specific renegotiation, tariff, withdrawal or punitive economic action is announced, and there is no sanctions threat or Fed pressure."
882560030884716500,2017-07-05 11:21:23,Trade between China and North Korea grew almost 40% in the first quarter. So much for China working with us - but we had to give it a try!,57,18,0,"Criticises China for increasing trade with North Korea despite expectations that it would cooperate with US pressure, creating moderate trade hostility through dissatisfaction with China's economic behaviour; the North Korea trade relationship also provides a limited sanctions-related signal because trade restrictions are relevant to pressure on North Korea, but no new sanctions are threatened or announced, and there is no Fed pressure."
883761448064864300,2017-07-08 18:55:23,"Leaving Hamburg for Washington, D.C. and the WH. Just left China's President Xi where we had an excellent meeting on trade &, North Korea.",25,10,0,"Reports a positive meeting with President Xi covering trade and North Korea, providing a limited trade-policy signal without expressing hostility, threats or restrictive measures; North Korea provides minor sanctions-related context, but no sanctions or economic pressure are discussed, and there is no Fed pressure."
884008221970763800,2017-07-09 11:15:58,The G 20 Summit was a great success for the U.S. - Explained that the U.S. must fix the many bad trade deals it has made. Will get done!,64,0,0,"Characterises existing US trade agreements as unfair and explicitly commits to changing them, creating a strong trade-hostility signal through stated intent to alter current trade arrangements; however, no specific tariffs, sanctions or other punitive measures are announced and there is no Fed pressure."
885232527656538100,2017-07-12 20:20:56,"""""""After 14 years, U.S. beef hits Chinese market. Trade deal an exciting opportunity for agriculture."""" https://t.co/gDGgejqFMs""",10,0,0,"Celebrates the reopening of the Chinese market to US beef as a positive outcome of trade negotiations, signalling cooperation rather than trade hostility; no sanctions, punitive measures or Fed pressure."
885858247277727700,2017-07-14 13:47:19,"Great conversations with President @EmmanuelMacron and his representatives on trade, military and security.",23,0,0,"Reports positive discussions with France covering trade, military and security issues, providing a limited trade-policy signal but expressing cooperation rather than economic confrontation; no sanctions, punitive measures or Fed pressure mentioned."
886259363412926500,2017-07-15 16:21:12,Stock Market at new all-time high! Working on new trade deals that will be great for U.S. and its workers!,47,0,0,"Announces ongoing work on new trade agreements intended to benefit US workers, creating a moderate trade-policy signal through active efforts to change existing trade arrangements; however, the message is positive and contains no hostile trade action, sanctions, punitive measures or Fed pressure."
886743367815766e3,2017-07-17 00:24:28,"Heading back to Washington, D.C. Much will be accomplished this week on trade, the military and security!",27,0,0,"Signals that trade will be an active policy focus alongside military and security matters, but gives no indication of a trade dispute, hostile counterpart, tariffs or other restrictive measures; no sanctions or Fed pressure mentioned."
889821674987761700,2017-07-25 12:16:34,"Working on major Trade Deal with the United Kingdom. Could be very big &, exciting. JOBS! The E.U. is very protectionist with the U.S. STOP!",72,0,0,"Promotes a major new US-UK trade deal while explicitly accusing the EU of protectionism and demanding that it stop, creating a strong trade-hostility signal through direct criticism of restrictive European trade practices; however, no sanctions or specific punitive measures or Fed pressure are mentioned."
891440474132795400,2017-07-29 23:29:05,"I am very disappointed in China. Our foolish past leaders have allowed them to make hundreds of billions of dollars a year in trade, yet... ...they do NOTHING for us with North Korea, just talk. We will no longer allow this to continue. China could easily solve this problem!",78,18,0,"Strongly accuses China of benefitting from an unfair trade relationship while failing to cooperate with US efforts on North Korea and explicitly states that this situation will no longer be allowed to continue, creating a high trade-hostility signal and implying future economic pressure. North Korea provides a limited indirect sanctions-related signal, but no specific sanctions are announced and there is no Fed pressure."
897041646659014700,2017-08-14 10:26:09,Heading to Washington this morning. Much work to do. Focus on trade and military. #MAGA,21,0,0,"Identifies trade as an upcoming policy priority alongside military matters, providing a weak trade-policy signal but no indication of conflict, tariffs, restrictive measures or economic retaliation; no sanctions or Fed pressure discussed."
897048688639574e3,2017-08-14 10:54:08,The Obstructionist Democrats have given us (or not fixed) some of the worst trade deals in World History. I am changing that fast!,54,0,0,"Strongly criticises existing US trade agreements as highly unfavourable and explicitly states that they are being changed rapidly, creating a moderate trade-hostility signal through active revision of trade policy. However, no specific tariffs, sanctions, or punitive economic measures are announced, and there is no Fed pressure."
897220584211439600,2017-08-14 22:17:11,"Big day in Washington, D.C., even though White House &, Oval Office are being renovated. Great trade deals coming for American workers!",17,0,0,"Positively anticipates future trade agreements intended to benefit American workers, providing only a minimal trade-policy signal because no trade dispute, hostile counterpart, restriction or punitive action is identified; no sanctions or Fed pressure mentioned."
901804388649500700,2017-08-27 13:51:35,"We are in the NAFTA (worst trade deal ever made) renegotiation process with Mexico &, Canada.Both being very difficult,may have to terminate?",84,10,0,"Describes active NAFTA renegotiations with Mexico and Canada as highly difficult and explicitly raises the possibility of terminating the agreement, creating a very high trade-hostility signal through a concrete threat to withdraw from a major trade agreement; this provides only minimal sanctions-related signal because the threatened action concerns trade policy rather than sanctions, and there is no Fed pressure."
904377075049656300,2017-09-03 16:14:31,"The United States is considering, in addition to other options, stopping all trade with any country doing business with North Korea.",89,96,0,"Threatens the possibility of completely cutting off US trade with any country that continues doing business with North Korea, creating an extremely strong trade-hostility signal and an even stronger sanctions signal through a proposed secondary-sanctions-style measure targeting third countries; there is no Fed pressure."
919005534883328e3,2017-10-14 01:02:48,"Many people talking, with much agreement, on my Iran speech today. Participants in the deal are making lots of money on trade with Iran!",58,45,0,"Criticises countries participating in the Iran nuclear deal for benefiting economically from trade with Iran, creating moderate trade hostility and a meaningful sanctions signal because continued commercial relations with Iran are framed negatively in the context of US policy toward the nuclear deal; however, no new sanctions or trade restrictions are explicitly announced, and there is no Fed pressure."
923268967728386e3,2017-10-25 19:24:10,"Spoke to President Xi of China to congratulate him on his extraordinary elevation. Also discussed NoKo &, trade, two very important subjects!",24,12,0,"Reports a positive conversation with President Xi covering trade and North Korea, providing a limited trade-policy signal without expressing confrontation or threatening restrictive action; North Korea creates only minor sanctions-related context because no sanctions or economic pressure are discussed, and there is no Fed pressure."
928769154345324500,2017-11-09 23:39:56,"I don't blame China, I blame the incompetence of past Admins for allowing China to take advantage of the U.S. on trade leading up to a point where the U.S. is losing $100's of billions. How can you blame China for taking advantage of people that had no clue? I would've done same!",58,0,0,"Strongly criticises the US-China trade relationship, arguing that China has benefitted by hundreds of billions of dollars because previous US administrations allowed an unfair arrangement to persist, creating moderate trade hostility; however, the criticism is primarily directed at past US leadership and no specific tariff, restriction, or retaliatory action is proposed, while there is no sanctions or Federal Reserve pressure."
930304414564352e3,2017-11-14 05:20:31,"After my tour of Asia, all Countries dealing with us on TRADE know that the rules have changed. The United States has to be treated fairly and in a reciprocal fashion. The massive TRADE deficits must go down quickly!",77,0,0,"Declares a broad shift in US trade policy following the Asia tour, demands reciprocal treatment from trading partners, and states that large trade deficits must be refuced quickly, creating a strong trade-hostility signal through clear intent to change existing trade relationships; however, no specific tariffs, sanctions, or other measures are announced, and no Fed pressure mentioned."
930305984077156400,2017-11-14 05:26:45,"Just arrived at #ASEAN50 in the Philippines for my final stop with World Leaders. Will lead to FAIR TRADE DEALS, unlike the horror shows from past Administrations. Will then be leaving for D.C. Made many good friends!",50,0,0,"Promotes forthcoming ""fair"" trade deals while strongly criticising agreements made by previous administrations, signalling an intention to reshape existing trade relationships and creating moderate trade hostility; however, the message remains broadly cooperative and announces no tariffs, sanctions or other punitive measures. No Fed pressure mentioned."
953948941674078200,2018-01-18 11:15:25,"The Wall is the Wall, it has never changed or evolved from the first day I conceived of it. Parts will be, of necessity, see through and it was never intended to be built in areas where there is natural protection such as mountains, wastelands or tough rivers or water..... ....The Wall will be paid for, directly or indirectly, or through longer term reimbursement, by Mexico, which has a ridiculous $71 billion dollar trade surplus with the U.S. The $20 billion dollar Wall is ""peanuts"" compared to what Mexico makes from the U.S. NAFTA is a bad joke!",87,0,0,"Uses Mexico's $71 billion trade surplus with the US to justify requiring Mexico to finance the border wall, while explicitly condemning NAFTA as a ""bad joke"", creating very high trade hostility through strong criticism of the bilateral trade relationship and linking trade imbalance to a concrete policy demand; no sanctions are threatened or announced, and no Fed pressure."
969183644756660200,2018-03-01 12:12:42,"Our Steel and Aluminum industries (and many others) have been decimated by decades of unfair trade and bad policy with countries from around the world. We must not let our country, companies and workers be taken advantage of any longer. We want free, fair and SMART TRADE!",76,0,0,"Claims that unfair international trade has severely damaged US steel and aluminium industries and states that the US must stop allowing foreign countries to take advantage of its companies and workers, creating a strong trade-hostility signal and clear demand for a change in trade policy; however, no specific tariff, restriction or sanction is announced, and there is no Fed pressure."
1032929824900370400,2018-08-24 09:57:15,"Target CEO raves about the Economy. ""This is the best consumer environment I've seen in my career."" A big statement from a top executive. But virtually everybody is saying this, &, when our Trade Deals are made, &, cost cutting done, you haven't seen anything yet! @DRUDGE_REPORT",31,0,0,"Praises the strength of the US economy and consumer environment while suggesting that forthcoming trade deals will produce further improvements, giving a low trade-policy signal through anticipated changes to trade arrangements; however, there is no criticism of a specific trading partner, threat, tariff or restrictive action, and no sanctions or Fed pressure."
1032931711439589400,2018-08-24 10:04:45,Our Economy is setting records on virtually every front - Probably the best our country has ever done. Tremendous value created since the Election. The World is respecting us again! Companies are moving back to the U.S.A.,14,0,0,"Primarily celebrates US economic performance and companies returning to the US. The reference to firms moving back provides a weak indirect trade signal, but no trading partner, trade dispute, tariff, restriction or policy action is identified; no sanctions or Fed pressure mentioned."
1034778515789545500,2018-08-29 12:23:18,"Big Election Wins last night! The Republican Party will MAKE AMERICA GREAT AGAIN! Actually, it is happening faster than anybody thought possible! It is morphing into KEEP AMERICA GREAT!",0,0,0,"Purely domestic political messaging celebrating Republican election victories and economic/political progress. It contains no trade policy, sanctions, geopolitical economic pressure, Fed criticism or monetary-policy signal."
1035125176617365500,2018-08-30 11:20:48,"The news from the Financial Markets is even better than anticipated. For all of you that have made a fortune in the markets, or seen your 401k's rise beyond your wildest expectations, more good news is coming!",0,0,0,"Celebrates strong financial-market and 401k performance and predicts further positive developments, but contains no reference to trade policy, foreign economic pressure, sanctions, Fed or monetary policy."
1035597354395680800,2018-08-31 18:37:04,"Wow, I made OFF THE RECORD COMMENTS to Bloomberg concerning Canada, and this powerful understanding was BLATANTLY VIOLATED. Oh well, just more dishonest reporting. I am used to it. At least Canada knows where I stand!",34,0,0,"Signals disagreement with Canada by stating that Canada ""knows where I stand"", giving a low indirect trade-hostility signal given the trade-negotiation context, but the tweet itself focuses on Bloomberg violating off-the-record comments and contains no explicit trade demand, tariff, sanction or Fed pressure."
1036576599771111400,2018-09-03 11:28:14,Happy Labor Day! Our country is doing better than ever before with unemployment setting record lows. The U.S. has tremendous upside potential as we go about fixing some of the worst Trade Deals ever made by any country in the world. Big progress being made!,55,0,0,"Combines positive economic performance with an explicit commitment to fixing existing trade agreements, creating moderate trade hostility through active revision of trade policy, but no specific partner, tariff, restriction or retaliatory measure is identified. No sanctions or Fed pressure mentioned."
1240226752447873e3,2020-03-18 10:41:14,"For the people that are now out of work because of the important and necessary containment policies, for instance the shutting down of hotels, bars and restaurants, money will soon be coming to you. The onslaught of the Chinese Virus is not your fault! Will be stronger than ever!",6,0,0,"Focuses on domestic economic support for workers affected by COVID-19 containment measures. Calling COVID-19 the ""Chinese Virus"" introduces a weak China-related hostile signal, but there is no discussion of trade relations, tariffs, restrictions or economic retaliation; no sanctions or Fed pressure mentioned or consequential."
1241097732456099800,2020-03-20 20:22:12,"Today I spoke with our Nation's Small Businesses, which employ nearly half of America's workforce. We are taking the MOST aggressive action in history to deliver fast relief to your businesses and workers. We will always protect our Small Businesses! @SBAgov https://t.co/lf3y5iJ4hd",0,0,0,"Focuses entirely on domestic economic relief for US small businesses and workers. It contains no foreign trade dispute, tariffs, or trade-policy action, no anctions or geopolitical economic pressure, and no reference to the Federal Reserve or monetary policy."
1315868183459508200,2020-10-13 04:13:17,"Great Florida Rally tonight. Big crowd, lot of enthusiasm (you win races with enthusiasm). Just got back. Tomorrow night it's off to Pennsylvania and another BIG crowd. We are winning. Economy is starting to boom. Good timing!!! ....Much of the money we have spent is on our ground game, said to be the best ever put together. I'll let you know how good it is on November 3rd. Very expensive to do, but opportunity could be BIG! I will spend additional money if we are not spending enough!",0,0,0,"Focuses on campaign rallies, election spending and positive claims about the US economy. It contains no reference to international trade policy, sanctions, or economic pressure against another country, and no Fed or monetary-policy criticism."
1330319748660416500,2020-11-22 01:18:38,"Why is Joe Biden so quickly forming a Cabinet when my investigators have found hundreds of thousands of fraudulent votes, enough to ""flip"" at least four States, which in turn is more than enough to win the Election? Hopefully the Courts and/or Legislatures will have.... ....the COURAGE to do what has to be done to maintain the integrity of our Elections, and the United States of America itself. THE WORLD IS WATCHING!!!",0,0,0,"Focuses entirely on the 2020 US election, alleging electoral fraud and calling for intervention by courts or state legislatures. ""The world is watching"" is rhetorical rather than a foreign-policy signal; there is no trade policy, sanctions-related economic pressure or Fed criticism."
