observation_date,USEPUINDXD_diff
2018-01-02,-67.10000000000001
2018-01-03,-58.75
2018-01-04,191.02999999999997
2018-01-05,-134.79999999999998
2018-01-06,-24.870000000000005
2018-01-07,81.00999999999999
2018-01-08,-87.53999999999999
2018-01-09,80.30000000000001
2018-01-10,-68.4
2018-01-11,22.539999999999992
2018-01-12,-4.030000000000001
2018-01-13,63.640000000000015
2018-01-14,5.659999999999997
2018-01-15,95.43
2018-01-16,-210.85000000000002
2018-01-17,0.259999999999998
2018-01-18,54.03
2018-01-19,-27.519999999999996
2018-01-20,-2.9399999999999977
2018-01-21,46.609999999999985
2018-01-22,-21.289999999999992
2018-01-23,-36.2
2018-01-24,18.75
2018-01-25,-15.299999999999997
2018-01-26,32.03
2018-01-27,-0.7900000000000063
2018-01-28,-3.559999999999988
2018-01-29,-20.42
2018-01-30,-16.78
2018-01-31,3.3900000000000006
2018-02-01,-22.060000000000002
2018-02-02,11.420000000000002
2018-02-03,-17.200000000000003
2018-02-04,101.1
2018-02-05,0.6899999999999977
2018-02-06,-53.19999999999999
2018-02-07,-34.300000000000004
2018-02-08,31.000000000000007
2018-02-09,-6.609999999999999
2018-02-10,55.379999999999995
2018-02-11,7.1299999999999955
2018-02-12,-64.3
2018-02-13,23.659999999999997
2018-02-14,2.460000000000008
2018-02-15,-18.38000000000001
2018-02-16,-8.11
2018-02-17,-16.589999999999996
2018-02-18,39.309999999999995
2018-02-19,-49.8
2018-02-20,26.710000000000008
2018-02-21,15.659999999999997
2018-02-22,-45.56
2018-02-23,5.469999999999999
2018-02-24,-13.54
2018-02-25,84.69
2018-02-26,-58.27000000000001
2018-02-27,-15.959999999999994
2018-02-28,-5.960000000000001
2018-03-01,22.619999999999997
2018-03-02,-29.669999999999995
2018-03-03,-5.010000000000005
2018-03-04,64.06
2018-03-05,49.69
2018-03-06,-14.5
2018-03-07,-46.540000000000006
2018-03-08,-30.33
2018-03-09,75.57
2018-03-10,-64.96
2018-03-11,103.17
2018-03-12,-63.379999999999995
2018-03-13,-52.550000000000004
2018-03-14,24.759999999999998
2018-03-15,-35.63
2018-03-16,66.97999999999999
2018-03-17,21.549999999999997
2018-03-18,-49.47999999999999
2018-03-19,-8.39
2018-03-20,4.679999999999993
2018-03-21,-23.489999999999995
2018-03-22,1.5300000000000011
2018-03-23,9.280000000000001
2018-03-24,-13.439999999999998
2018-03-25,8.169999999999995
2018-03-26,28.4
2018-03-27,-67.28999999999999
2018-03-28,4.0
2018-03-29,-9.73
2018-03-30,27.32
2018-03-31,23.57
2018-04-01,44.010000000000005
2018-04-02,56.06
2018-04-03,-78.98
2018-04-04,-35.830000000000005
2018-04-05,56.18
2018-04-06,-38.459999999999994
2018-04-07,36.33999999999999
2018-04-08,44.16000000000001
2018-04-09,124.01999999999998
2018-04-10,-218.96999999999997
2018-04-11,23.709999999999994
2018-04-12,110.23000000000002
2018-04-13,-48.77000000000001
2018-04-14,-70.05
2018-04-15,13.409999999999997
2018-04-16,-19.439999999999998
2018-04-17,0.28999999999999204
2018-04-18,5.890000000000001
2018-04-19,-24.83
2018-04-20,0.9299999999999997
2018-04-21,-27.95
2018-04-22,50.47
2018-04-23,-3.1500000000000057
2018-04-24,-31.819999999999993
2018-04-25,73.6
2018-04-26,-40.269999999999996
2018-04-27,-42.6
2018-04-28,32.01
2018-04-29,7.170000000000002
2018-04-30,21.67
2018-05-01,15.200000000000003
2018-05-02,-5.950000000000003
2018-05-03,-38.760000000000005
2018-05-04,-18.65
2018-05-05,136.68
2018-05-06,-52.81999999999999
2018-05-07,-25.63000000000001
2018-05-08,3.280000000000001
2018-05-09,-37.81999999999999
2018-05-10,11.819999999999993
2018-05-11,4.25
2018-05-12,36.8
2018-05-13,-43.69999999999999
2018-05-14,55.83999999999999
2018-05-15,-84.47999999999999
2018-05-16,7.330000000000005
2018-05-17,24.429999999999993
2018-05-18,54.83
2018-05-19,-11.029999999999987
2018-05-20,-61.25000000000001
2018-05-21,30.800000000000004
2018-05-22,4.329999999999998
2018-05-23,79.05999999999999
2018-05-24,-122.32999999999998
2018-05-25,53.199999999999996
2018-05-26,-56.21999999999999
2018-05-27,29.619999999999997
2018-05-28,-26.049999999999997
2018-05-29,0.9899999999999949
2018-05-30,84.77000000000001
2018-05-31,-57.890000000000015
2018-06-01,32.30000000000001
2018-06-02,1.2299999999999898
2018-06-03,-54.209999999999994
2018-06-04,24.150000000000006
2018-06-05,-44.480000000000004
2018-06-06,1.6699999999999946
2018-06-07,18.010000000000005
2018-06-08,56.52
2018-06-09,40.260000000000005
2018-06-10,18.17999999999998
2018-06-11,-32.589999999999975
2018-06-12,97.22999999999999
2018-06-13,-98.52000000000001
2018-06-14,-40.349999999999994
2018-06-15,-28.010000000000005
2018-06-16,13.460000000000008
2018-06-17,23.129999999999995
2018-06-18,-25.980000000000004
2018-06-19,86.54000000000002
2018-06-20,56.19
2018-06-21,-150.38
2018-06-22,8.679999999999993
2018-06-23,-39.589999999999996
2018-06-24,44.6
2018-06-25,-21.83
2018-06-26,155.38
2018-06-27,-179.32999999999998
2018-06-28,49.7
2018-06-29,-35.26
2018-06-30,60.63999999999999
2018-07-01,21.539999999999992
2018-07-02,-55.93999999999998
2018-07-03,39.47
2018-07-04,-32.53
2018-07-05,-7.13000000000001
2018-07-06,104.42000000000002
2018-07-07,-63.13000000000001
2018-07-08,43.480000000000004
2018-07-09,-54.36
2018-07-10,-28.5
2018-07-11,-41.220000000000006
2018-07-12,44.160000000000004
2018-07-13,-10.170000000000002
2018-07-14,-20.42
2018-07-15,92.39
2018-07-16,-57.41
2018-07-17,-30.760000000000005
2018-07-18,16.570000000000007
2018-07-19,-19.790000000000006
2018-07-20,76.78000000000002
2018-07-21,-23.810000000000016
2018-07-22,48.31000000000002
2018-07-23,-78.02000000000001
2018-07-24,-1.2199999999999989
2018-07-25,-19.450000000000003
2018-07-26,46.730000000000004
2018-07-27,-43.18000000000001
2018-07-28,38.31
2018-07-29,17.620000000000005
2018-07-30,35.97999999999999
2018-07-31,-62.03
2018-08-01,-33.63999999999999
2018-08-02,60.220000000000006
2018-08-03,-30.200000000000003
2018-08-04,20.14999999999999
2018-08-05,34.110000000000014
2018-08-06,-29.080000000000013
2018-08-07,-40.67
2018-08-08,-15.259999999999998
2018-08-09,12.979999999999997
2018-08-10,7.010000000000005
2018-08-11,-32.75
2018-08-12,65.51
2018-08-13,-21.210000000000008
2018-08-14,-33.339999999999996
2018-08-15,-35.1
2018-08-16,10.810000000000002
2018-08-17,31.47
2018-08-18,34.269999999999996
2018-08-19,-0.03999999999999204
2018-08-20,-51.410000000000004
2018-08-21,36.74
2018-08-22,-43.4
2018-08-23,51.23
2018-08-24,-9.420000000000002
2018-08-25,59.61
2018-08-26,-43.89999999999999
2018-08-27,12.399999999999991
2018-08-28,57.21000000000001
2018-08-29,-72.69000000000001
2018-08-30,-2.5
2018-08-31,31.0
2018-09-01,-75.34
2018-09-02,52.68
2018-09-03,16.310000000000002
2018-09-04,-40.75
2018-09-05,-36.7
2018-09-06,30.840000000000003
2018-09-07,-0.5999999999999943
2018-09-08,21.50999999999999
2018-09-09,3.3299999999999983
2018-09-10,-45.489999999999995
2018-09-11,2.1199999999999974
2018-09-12,-9.059999999999995
2018-09-13,-10.580000000000002
2018-09-14,6.370000000000001
2018-09-15,25.909999999999997
2018-09-16,41.71
2018-09-17,-3.010000000000005
2018-09-18,-28.989999999999995
2018-09-19,2.3400000000000034
2018-09-20,-19.82
2018-09-21,33.93
2018-09-22,-13.950000000000003
2018-09-23,50.03
2018-09-24,-35.120000000000005
2018-09-25,-33.48
2018-09-26,-18.490000000000002
2018-09-27,-14.209999999999997
2018-09-28,29.430000000000003
2018-09-29,-19.0
2018-09-30,50.38999999999999
2018-10-01,82.92
2018-10-02,-35.75999999999999
2018-10-03,-23.440000000000012
2018-10-04,11.870000000000005
2018-10-05,-52.72
2018-10-06,-0.1700000000000017
2018-10-07,131.3
2018-10-08,-85.28000000000002
2018-10-09,-81.1
2018-10-10,27.6
2018-10-11,9.389999999999993
2018-10-12,34.730000000000004
2018-10-13,-32.89
2018-10-14,22.36
2018-10-15,-6.780000000000001
2018-10-16,23.909999999999997
2018-10-17,-31.769999999999996
2018-10-18,22.189999999999998
2018-10-19,-29.83
2018-10-20,-8.419999999999995
2018-10-21,57.059999999999995
2018-10-22,-29.450000000000003
2018-10-23,-37.449999999999996
2018-10-24,21.559999999999995
2018-10-25,15.930000000000007
2018-10-26,-24.0
2018-10-27,13.670000000000002
2018-10-28,57.41000000000001
2018-10-29,-72.38000000000001
2018-10-30,-12.950000000000003
2018-10-31,27.789999999999992
2018-11-01,5.1000000000000085
2018-11-02,-1.1800000000000068
2018-11-03,-5.599999999999994
2018-11-04,146.14
2018-11-05,-133.06
2018-11-06,58.47999999999999
2018-11-07,-87.77999999999999
2018-11-08,-9.54
2018-11-09,-10.620000000000005
2018-11-10,13.43
2018-11-11,9.900000000000006
2018-11-12,-22.010000000000005
2018-11-13,22.540000000000006
2018-11-14,-10.930000000000007
2018-11-15,1.1000000000000014
2018-11-16,-24.57
2018-11-17,4.480000000000004
2018-11-18,55.3
2018-11-19,-79.33
2018-11-20,18.340000000000003
2018-11-21,17.599999999999998
2018-11-22,-25.05
2018-11-23,2.360000000000003
2018-11-24,24.89
2018-11-25,119.0
2018-11-26,0.37999999999999545
2018-11-27,-75.36
2018-11-28,7.840000000000003
2018-11-29,82.29
2018-11-30,-46.78
2018-12-01,5.8799999999999955
2018-12-02,25.150000000000006
2018-12-03,-8.969999999999999
2018-12-04,-49.2
2018-12-05,-26.03
2018-12-06,26.929999999999993
2018-12-07,-8.739999999999995
2018-12-08,21.75999999999999
2018-12-09,7.280000000000015
2018-12-10,-59.41000000000001
2018-12-11,17.36
2018-12-12,-30.47
2018-12-13,63.7
2018-12-14,-35.11
2018-12-15,3.700000000000003
2018-12-16,96.39999999999999
2018-12-17,-84.91
2018-12-18,1.4899999999999949
2018-12-19,10.930000000000007
2018-12-20,-34.790000000000006
2018-12-21,65.53
2018-12-22,-133.99
2018-12-23,250.44000000000003
2018-12-24,-119.57000000000002
2018-12-25,29.32000000000002
2018-12-26,27.079999999999984
2018-12-27,-37.09
2018-12-28,-4.449999999999989
2018-12-29,-39.84
2018-12-30,96.72
2018-12-31,-63.71000000000001
2019-01-01,54.21000000000001
2019-01-02,-57.06
2019-01-03,65.61000000000001
2019-01-04,-59.43000000000001
2019-01-05,-148.45000000000002
2019-01-06,225.69
2019-01-07,-81.77999999999997
2019-01-08,110.63999999999999
2019-01-09,-138.82999999999998
2019-01-10,28.42
2019-01-11,21.840000000000003
2019-01-12,4.930000000000007
2019-01-13,-54.65000000000002
2019-01-14,102.62000000000002
2019-01-15,-119.19000000000001
2019-01-16,69.07000000000001
2019-01-17,-4.5400000000000205
2019-01-18,-14.75
2019-01-19,-45.16999999999999
2019-01-20,69.47999999999999
2019-01-21,37.81
2019-01-22,-108.33999999999999
2019-01-23,-19.689999999999998
2019-01-24,17.799999999999997
2019-01-25,-0.8900000000000006
2019-01-26,1.9899999999999949
2019-01-27,111.78
2019-01-28,-145.23000000000002
2019-01-29,-11.179999999999993
2019-01-30,61.17999999999999
2019-01-31,2.530000000000001
2019-02-01,-30.429999999999993
2019-02-02,-13.75
2019-02-03,52.31999999999999
2019-02-04,81.93
2019-02-05,-128.56
2019-02-06,57.5
2019-02-07,-51.459999999999994
2019-02-08,-16.980000000000004
2019-02-09,-27.18
2019-02-10,45.74
2019-02-11,-35.84
2019-02-12,-13.620000000000005
2019-02-13,47.10000000000001
2019-02-14,-57.02
2019-02-15,19.549999999999997
2019-02-16,-28.46
2019-02-17,-16.159999999999997
2019-02-18,46.43
2019-02-19,22.440000000000005
2019-02-20,-14.430000000000007
2019-02-21,22.08
2019-02-22,27.900000000000006
2019-02-23,-22.22
2019-02-24,-89.07000000000001
2019-02-25,79.98
2019-02-26,-15.489999999999995
2019-02-27,60.269999999999996
2019-02-28,-3.5700000000000074
2019-03-01,-14.47999999999999
2019-03-02,7.920000000000002
2019-03-03,-17.570000000000007
2019-03-04,-30.099999999999994
2019-03-05,67.36999999999999
2019-03-06,-59.739999999999995
2019-03-07,60.22000000000001
2019-03-08,-57.05000000000001
2019-03-09,-14.079999999999998
2019-03-10,71.23
2019-03-11,22.389999999999986
2019-03-12,-68.11999999999999
2019-03-13,-11.850000000000009
2019-03-14,-25.049999999999997
2019-03-15,10.150000000000006
2019-03-16,-1.1099999999999994
2019-03-17,35.989999999999995
2019-03-18,-24.129999999999995
2019-03-19,5.599999999999994
2019-03-20,-6.939999999999998
2019-03-21,15.280000000000001
2019-03-22,-7.180000000000007
2019-03-23,18.41000000000001
2019-03-24,25.129999999999995
2019-03-25,-58.260000000000005
2019-03-26,9.010000000000005
2019-03-27,14.379999999999995
2019-03-28,-38.919999999999995
2019-03-29,37.51
2019-03-30,10.670000000000002
2019-03-31,32.83
2019-04-01,-17.409999999999997
2019-04-02,13.219999999999999
2019-04-03,-48.61
2019-04-04,0.8299999999999983
2019-04-05,-32.63
2019-04-06,58.07
2019-04-07,19.320000000000007
2019-04-08,-69.47
2019-04-09,2.1199999999999974
2019-04-10,11.590000000000003
2019-04-11,-17.21
2019-04-12,21.220000000000006
2019-04-13,-9.060000000000002
2019-04-14,94.49999999999999
2019-04-15,-84.97999999999999
2019-04-16,-18.15
2019-04-17,5.140000000000001
2019-04-18,-6.280000000000001
2019-04-19,-8.619999999999997
2019-04-20,4.029999999999994
2019-04-21,31.020000000000003
2019-04-22,-4.709999999999994
2019-04-23,-21.720000000000006
2019-04-24,3.1799999999999997
2019-04-25,16.17
2019-04-26,-8.420000000000002
2019-04-27,-11.64
2019-04-28,51.269999999999996
2019-04-29,-9.989999999999995
2019-04-30,-22.189999999999998
2019-05-01,37.41
2019-05-02,-82.55
2019-05-03,27.45
2019-05-04,13.740000000000002
2019-05-05,26.989999999999995
2019-05-06,-4.599999999999994
2019-05-07,17.310000000000002
2019-05-08,-9.280000000000001
2019-05-09,-34.35000000000001
2019-05-10,40.66000000000001
2019-05-11,-61.28
2019-05-12,108.41999999999999
2019-05-13,-60.609999999999985
2019-05-14,32.0
2019-05-15,5.650000000000006
2019-05-16,-37.58000000000001
2019-05-17,23.17
2019-05-18,-22.849999999999994
2019-05-19,0.8199999999999932
2019-05-20,-0.7800000000000011
2019-05-21,-21.28
2019-05-22,-4.0
2019-05-23,1.240000000000009
2019-05-24,73.2
2019-05-25,7.310000000000002
2019-05-26,-13.210000000000008
2019-05-27,-36.3
2019-05-28,-32.56
2019-05-29,-13.860000000000007
2019-05-30,-4.779999999999994
2019-05-31,43.50999999999999
2019-06-01,3.200000000000003
2019-06-02,62.239999999999995
2019-06-03,-86.92999999999999
2019-06-04,47.2
2019-06-05,97.44999999999999
2019-06-06,-80.07999999999998
2019-06-07,104.82
2019-06-08,-102.96000000000001
2019-06-09,35.32000000000002
2019-06-10,-12.51000000000002
2019-06-11,-31.859999999999985
2019-06-12,-14.210000000000008
2019-06-13,27.840000000000003
2019-06-14,1.1999999999999886
2019-06-15,30.420000000000016
2019-06-16,23.00999999999999
2019-06-17,-116.34
2019-06-18,64.19
2019-06-19,-68.46
2019-06-20,38.78
2019-06-21,62.249999999999986
2019-06-22,-51.829999999999984
2019-06-23,118.68
2019-06-24,-153.02
2019-06-25,-18.560000000000002
2019-06-26,68.32
2019-06-27,-78.42999999999999
2019-06-28,65.39999999999999
2019-06-29,-33.27999999999999
2019-06-30,18.209999999999994
2019-07-01,60.21000000000001
2019-07-02,-30.5
2019-07-03,-17.85000000000001
2019-07-04,-29.429999999999993
2019-07-05,-24.010000000000005
2019-07-06,20.460000000000008
2019-07-07,87.26
2019-07-08,-108.49000000000001
2019-07-09,-31.92
2019-07-10,5.479999999999997
2019-07-11,58.220000000000006
2019-07-12,-31.35000000000001
2019-07-13,54.46000000000001
2019-07-14,-68.52000000000001
2019-07-15,13.759999999999998
2019-07-16,-18.78
2019-07-17,23.650000000000006
2019-07-18,-15.43
2019-07-19,0.21000000000000085
2019-07-20,-32.96000000000001
2019-07-21,83.26
2019-07-22,-36.82000000000001
2019-07-23,38.92
2019-07-24,-34.519999999999996
2019-07-25,-39.04
2019-07-26,75.43
2019-07-27,58.42
2019-07-28,-40.860000000000014
2019-07-29,-46.69999999999999
2019-07-30,52.27000000000001
2019-07-31,-36.230000000000004
2019-08-01,47.18999999999998
2019-08-02,-32.78999999999999
2019-08-03,36.22999999999999
2019-08-04,-66.49999999999999
2019-08-05,-4.109999999999999
2019-08-06,1.019999999999996
2019-08-07,8.170000000000002
2019-08-08,1.2600000000000051
2019-08-09,-1.1300000000000097
2019-08-10,-34.629999999999995
2019-08-11,66.23
2019-08-12,-14.36
2019-08-13,-39.49000000000001
2019-08-14,63.610000000000014
2019-08-15,10.539999999999992
2019-08-16,-38.540000000000006
2019-08-17,70.46
2019-08-18,20.700000000000017
2019-08-19,-52.03
2019-08-20,84.44999999999999
2019-08-21,49.00000000000003
2019-08-22,-92.23000000000002
2019-08-23,82.76999999999998
2019-08-24,117.36000000000001
2019-08-25,-64.98000000000002
2019-08-26,-53.22999999999996
2019-08-27,-94.48000000000002
2019-08-28,-40.75
2019-08-29,-32.5
2019-08-30,16.180000000000007
2019-08-31,18.590000000000003
2019-09-01,107.35999999999999
2019-09-02,-12.400000000000006
2019-09-03,-134.37
2019-09-04,-3.5900000000000034
2019-09-05,14.549999999999997
2019-09-06,23.939999999999998
2019-09-07,30.26000000000002
2019-09-08,-32.01000000000002
2019-09-09,-62.91999999999999
2019-09-10,-1.210000000000008
2019-09-11,-6.109999999999992
2019-09-12,41.809999999999995
2019-09-13,2.7900000000000063
2019-09-14,-0.07000000000000739
2019-09-15,51.250000000000014
2019-09-16,-87.06000000000002
2019-09-17,11.940000000000012
2019-09-18,-6.540000000000006
2019-09-19,112.17999999999999
2019-09-20,-86.47999999999999
2019-09-21,40.94
2019-09-22,-5.300000000000011
2019-09-23,0.5400000000000205
2019-09-24,-13.710000000000008
2019-09-25,24.02000000000001
2019-09-26,-84.76000000000002
2019-09-27,41.190000000000005
2019-09-28,-3.430000000000007
2019-09-29,67.19000000000001
2019-09-30,-52.02000000000001
2019-10-01,-47.92
2019-10-02,27.739999999999995
2019-10-03,-46.22999999999999
2019-10-04,59.16
2019-10-05,94.69
2019-10-06,-7.639999999999986
2019-10-07,-55.24000000000001
2019-10-08,27.789999999999992
2019-10-09,-102.77
2019-10-10,57.35000000000001
2019-10-11,-24.85000000000001
2019-10-12,-7.0
2019-10-13,-7.450000000000003
2019-10-14,27.92
2019-10-15,-40.5
2019-10-16,46.60000000000001
2019-10-17,42.150000000000006
2019-10-18,-92.75000000000001
2019-10-19,-3.739999999999995
2019-10-20,-4.18
2019-10-21,1.6099999999999994
2019-10-22,-15.490000000000002
2019-10-23,37.769999999999996
2019-10-24,-23.749999999999993
2019-10-25,11.609999999999992
2019-10-26,10.950000000000003
2019-10-27,87.55999999999999
2019-10-28,-137.45
2019-10-29,105.19
2019-10-30,-23.00999999999999
2019-10-31,22.169999999999987
2019-11-01,-98.14999999999999
2019-11-02,99.86
2019-11-03,8.990000000000009
2019-11-04,-68.33000000000001
2019-11-05,53.74000000000001
2019-11-06,-80.63
2019-11-07,19.07
2019-11-08,59.59
2019-11-09,-2.220000000000013
2019-11-10,-6.22999999999999
2019-11-11,-17.260000000000005
2019-11-12,-12.150000000000006
2019-11-13,17.310000000000002
2019-11-14,-53.129999999999995
2019-11-15,3.020000000000003
2019-11-16,34.449999999999996
2019-11-17,34.68000000000001
2019-11-18,-106.05000000000001
2019-11-19,13.29
2019-11-20,13.130000000000003
2019-11-21,18.9
2019-11-22,18.689999999999998
2019-11-23,-20.509999999999998
2019-11-24,46.76
2019-11-25,-68.94
2019-11-26,-3.6799999999999997
2019-11-27,-0.3100000000000023
2019-11-28,59.88
2019-11-29,25.129999999999995
2019-11-30,-81.0
2019-12-01,58.540000000000006
2019-12-02,-13.650000000000006
2019-12-03,-16.799999999999997
2019-12-04,-5.099999999999994
2019-12-05,-27.320000000000007
2019-12-06,97.99
2019-12-07,40.09
2019-12-08,44.900000000000006
2019-12-09,-89.69
2019-12-10,58.97999999999999
2019-12-11,-77.3
2019-12-12,-12.039999999999992
2019-12-13,64.61
2019-12-14,-24.650000000000006
2019-12-15,-29.310000000000002
2019-12-16,-30.78
2019-12-17,61.129999999999995
2019-12-18,-50.91999999999999
2019-12-19,-19.35000000000001
2019-12-20,70.96
2019-12-21,13.75
2019-12-22,34.91
2019-12-23,-79.22999999999999
2019-12-24,-13.829999999999998
2019-12-25,-53.62
2019-12-26,63.46
2019-12-27,21.0
2019-12-28,-4.820000000000007
2019-12-29,122.03999999999999
2019-12-30,-143.82999999999998
2019-12-31,4.439999999999998
2020-01-01,80.31
2020-01-02,-46.93000000000001
2020-01-03,-31.03
2020-01-04,104.72
2020-01-05,-39.06
2020-01-06,-25.799999999999983
2020-01-07,-43.980000000000004
2020-01-08,-12.829999999999998
2020-01-09,-19.230000000000004
2020-01-10,2.6599999999999966
2020-01-11,52.78
2020-01-12,31.88000000000001
2020-01-13,-34.420000000000016
2020-01-14,-15.549999999999997
2020-01-15,-10.5
2020-01-16,-10.719999999999999
2020-01-17,-10.289999999999992
2020-01-18,11.530000000000001
2020-01-19,72.92
2020-01-20,-66.16000000000001
2020-01-21,-8.489999999999995
2020-01-22,-10.370000000000005
2020-01-23,-6.519999999999996
2020-01-24,-22.190000000000005
2020-01-25,30.29
2020-01-26,58.790000000000006
2020-01-27,-115.31
2020-01-28,72.43
2020-01-29,-6.060000000000002
2020-01-30,53.43000000000001
2020-01-31,-19.85000000000001
2020-02-01,25.17
2020-02-02,-42.88000000000001
2020-02-03,19.66000000000001
2020-02-04,-12.190000000000012
2020-02-05,-27.019999999999996
2020-02-06,-3.1899999999999977
2020-02-07,48.52000000000001
2020-02-08,-42.47000000000001
2020-02-09,26.150000000000006
2020-02-10,-2.5600000000000023
2020-02-11,41.32000000000001
2020-02-12,-73.45
2020-02-13,2.969999999999999
2020-02-14,-10.25
2020-02-15,10.11999999999999
2020-02-16,49.420000000000016
2020-02-17,-48.980000000000004
2020-02-18,-5.160000000000011
2020-02-19,-20.909999999999997
2020-02-20,47.230000000000004
2020-02-21,2.8900000000000006
2020-02-22,70.68
2020-02-23,-32.93000000000001
2020-02-24,-55.61
2020-02-25,59.11
2020-02-26,-50.35000000000001
2020-02-27,9.060000000000002
2020-02-28,65.89999999999999
2020-02-29,52.870000000000005
2020-03-01,-49.59
2020-03-02,-22.19999999999999
2020-03-03,-20.97999999999999
2020-03-04,64.64999999999998
2020-03-05,-79.17999999999999
2020-03-06,14.480000000000004
2020-03-07,-9.930000000000007
2020-03-08,128.06
2020-03-09,25.610000000000014
2020-03-10,19.879999999999995
2020-03-11,-61.390000000000015
2020-03-12,-47.64999999999998
2020-03-13,143.77
2020-03-14,-94.82000000000002
2020-03-15,232.4
2020-03-16,-144.72000000000003
2020-03-17,55.210000000000036
2020-03-18,76.52999999999997
2020-03-19,59.21999999999997
2020-03-20,118.84000000000003
2020-03-21,-94.55999999999995
2020-03-22,112.12
2020-03-23,-78.13
2020-03-24,23.839999999999918
2020-03-25,-146.91999999999996
2020-03-26,220.43999999999994
2020-03-27,-113.12
2020-03-28,-41.789999999999964
2020-03-29,227.74
2020-03-30,-381.67
2020-03-31,155.08999999999997
2020-04-01,-41.73999999999995
2020-04-02,263.21
2020-04-03,-197.51999999999998
2020-04-04,95.71000000000004
2020-04-05,103.33999999999992
2020-04-06,-134.16999999999996
2020-04-07,-137.3
2020-04-08,56.05000000000001
2020-04-09,-106.58999999999997
2020-04-10,44.329999999999984
2020-04-11,85.52999999999997
2020-04-12,10.82000000000005
2020-04-13,80.58999999999992
2020-04-14,-197.48999999999995
2020-04-15,14.360000000000014
2020-04-16,49.839999999999975
2020-04-17,68.18000000000006
2020-04-18,-44.67000000000007
2020-04-19,65.08000000000004
2020-04-20,24.549999999999955
2020-04-21,-19.529999999999973
2020-04-22,-87.70999999999998
2020-04-23,-5.8799999999999955
2020-04-24,56.95999999999998
2020-04-25,-6.789999999999964
2020-04-26,299.4599999999999
2020-04-27,-212.51
2020-04-28,-162.76999999999998
2020-04-29,-40.77999999999997
2020-04-30,0.9599999999999795
2020-05-01,76.65000000000003
2020-05-02,-129.48000000000002
2020-05-03,154.0
2020-05-04,-91.86000000000001
2020-05-05,358.28
2020-05-06,-308.95
2020-05-07,5.53000000000003
2020-05-08,-15.710000000000036
2020-05-09,133.43000000000006
2020-05-10,-85.87
2020-05-11,-8.730000000000018
2020-05-12,-85.21000000000004
2020-05-13,111.06000000000006
2020-05-14,-45.190000000000055
2020-05-15,-133.79999999999995
2020-05-16,11.049999999999955
2020-05-17,475.83000000000004
2020-05-18,-349.48
2020-05-19,-147.95999999999998
2020-05-20,57.01999999999998
2020-05-21,-59.56999999999999
2020-05-22,57.849999999999966
2020-05-23,22.49000000000001
2020-05-24,16.710000000000036
2020-05-25,4.7999999999999545
2020-05-26,-73.75
2020-05-27,-34.10999999999996
2020-05-28,66.88999999999999
2020-05-29,4.289999999999964
2020-05-30,-8.099999999999966
2020-05-31,139.01000000000005
2020-06-01,-330.39000000000004
2020-06-02,30.689999999999998
2020-06-03,29.680000000000007
2020-06-04,-55.93000000000001
2020-06-05,3.829999999999984
2020-06-06,42.35000000000002
2020-06-07,113.78999999999996
2020-06-08,-72.57
2020-06-09,-127.32
2020-06-10,46.56
2020-06-11,79.98000000000002
2020-06-12,-24.74000000000001
2020-06-13,80.15999999999997
2020-06-14,24.170000000000016
2020-06-15,-97.11000000000001
2020-06-16,19.350000000000023
2020-06-17,28.70999999999998
2020-06-18,-25.439999999999998
2020-06-19,127.68
2020-06-20,64.82000000000005
2020-06-21,-101.95000000000005
2020-06-22,-153.95999999999998
2020-06-23,49.599999999999966
2020-06-24,-84.74999999999997
2020-06-25,1.3199999999999932
2020-06-26,34.609999999999985
2020-06-27,15.890000000000043
2020-06-28,284.99
2020-06-29,-259.63000000000005
2020-06-30,-9.20999999999998
2020-07-01,37.25
2020-07-02,-79.92000000000002
2020-07-03,162.31
2020-07-04,-64.26999999999998
2020-07-05,68.19999999999999
2020-07-06,-26.74000000000001
2020-07-07,-110.58999999999997
2020-07-08,40.71999999999997
2020-07-09,-51.839999999999975
2020-07-10,-8.220000000000027
2020-07-11,-21.379999999999995
2020-07-12,259.1
2020-07-13,-284.45000000000005
2020-07-14,95.73999999999998
2020-07-15,44.460000000000036
2020-07-16,-39.03000000000003
2020-07-17,241.34999999999997
2020-07-18,-166.08999999999992
2020-07-19,251.02999999999997
2020-07-20,-209.86
2020-07-21,-6.6200000000000045
2020-07-22,-126.5
2020-07-23,-14.919999999999959
2020-07-24,8.149999999999977
2020-07-25,-10.399999999999977
2020-07-26,185.39999999999998
2020-07-27,56.710000000000036
2020-07-28,-206.23000000000002
2020-07-29,54.539999999999964
2020-07-30,-62.5
2020-07-31,76.31
2020-08-01,-79.38
2020-08-02,101.27000000000004
2020-08-03,-134.93
2020-08-04,120.28999999999996
2020-08-05,-137.33999999999997
2020-08-06,31.639999999999986
2020-08-07,-8.930000000000007
2020-08-08,76.73000000000002
2020-08-09,45.48000000000002
2020-08-10,-10.29000000000002
2020-08-11,-29.480000000000018
2020-08-12,-156.94
2020-08-13,80.52000000000004
2020-08-14,63.079999999999984
2020-08-15,-21.230000000000018
2020-08-16,207.32999999999998
2020-08-17,-181.34999999999997
2020-08-18,-8.870000000000005
2020-08-19,-125.5
2020-08-20,34.06999999999999
2020-08-21,35.77999999999997
2020-08-22,-68.26999999999998
2020-08-23,162.44
2020-08-24,-193.29999999999998
2020-08-25,26.78
2020-08-26,-59.41
2020-08-27,26.340000000000003
2020-08-28,115.66999999999996
2020-08-29,43.49000000000001
2020-08-30,-43.49000000000001
2020-08-31,-127.17999999999998
2020-09-01,35.59
2020-09-02,33.140000000000015
2020-09-03,5.689999999999998
2020-09-04,-19.51000000000002
2020-09-05,34.210000000000036
2020-09-06,226.02999999999997
2020-09-07,7.1200000000000045
2020-09-08,-282.59000000000003
2020-09-09,0.7599999999999909
2020-09-10,8.560000000000002
2020-09-11,18.930000000000007
2020-09-12,-18.189999999999998
2020-09-13,99.82000000000002
2020-09-14,-48.04000000000002
2020-09-15,-25.349999999999994
2020-09-16,-0.6300000000000239
2020-09-17,4.27000000000001
2020-09-18,-4.5
2020-09-19,-56.99000000000001
2020-09-20,249.73
2020-09-21,-259.59
2020-09-22,-51.46000000000001
2020-09-23,35.360000000000014
2020-09-24,84.78999999999999
2020-09-25,6.069999999999993
2020-09-26,-117.4
2020-09-27,182.15
2020-09-28,-127.28
2020-09-29,-4.189999999999998
2020-09-30,22.170000000000016
2020-10-01,51.72999999999999
2020-10-02,130.79000000000002
2020-10-03,-49.670000000000016
2020-10-04,-7.990000000000009
2020-10-05,-58.79000000000002
2020-10-06,60.44
2020-10-07,92.60000000000002
2020-10-08,-131.96999999999997
2020-10-09,11.789999999999964
2020-10-10,90.22000000000003
2020-10-11,95.21999999999997
2020-10-12,-202.44
2020-10-13,-68.82999999999998
2020-10-14,120.94
2020-10-15,-200.62
2020-10-16,59.28999999999999
2020-10-17,-39.349999999999994
2020-10-18,124.49000000000001
2020-10-19,-36.27000000000001
2020-10-20,-15.340000000000003
2020-10-21,-75.95999999999998
2020-10-22,9.719999999999999
2020-10-23,-29.430000000000007
2020-10-24,-8.900000000000006
2020-10-25,240.42000000000002
2020-10-26,-75.24000000000001
2020-10-27,-107.55000000000001
2020-10-28,47.06999999999999
2020-10-29,64.22000000000003
2020-10-30,-20.930000000000007
2020-10-31,-91.07
2020-11-01,85.34999999999997
2020-11-02,147.22000000000003
2020-11-03,-83.63
2020-11-04,35.39999999999998
2020-11-05,-67.63
2020-11-06,87.22000000000003
2020-11-07,61.94
2020-11-08,-35.47000000000003
2020-11-09,-162.42
2020-11-10,-62.31
2020-11-11,60.03
2020-11-12,-67.81
2020-11-13,-60.459999999999994
2020-11-14,101.86999999999999
2020-11-15,-6.759999999999991
2020-11-16,35.34
2020-11-17,-57.43000000000001
2020-11-18,-42.0
2020-11-19,69.84
2020-11-20,5.549999999999983
2020-11-21,-34.17999999999998
2020-11-22,163.30999999999997
2020-11-23,56.25999999999999
2020-11-24,-153.07999999999998
2020-11-25,14.310000000000002
2020-11-26,-119.26999999999998
2020-11-27,80.76999999999998
2020-11-28,-89.26999999999998
2020-11-29,109.46999999999997
2020-11-30,-102.36999999999998
2020-12-01,92.04999999999998
2020-12-02,-91.5
2020-12-03,33.21000000000001
2020-12-04,25.22
2020-12-05,-73.24000000000001
2020-12-06,221.95
2020-12-07,-93.94999999999999
2020-12-08,-10.25
2020-12-09,-114.86999999999998
2020-12-10,111.27000000000001
2020-12-11,-133.74
2020-12-12,18.92
2020-12-13,237.95000000000002
2020-12-14,-192.26000000000002
2020-12-15,-47.620000000000005
2020-12-16,-3.1699999999999875
2020-12-17,59.75
2020-12-18,-49.20000000000002
2020-12-19,8.100000000000023
2020-12-20,41.639999999999986
2020-12-21,50.379999999999995
2020-12-22,-99.23999999999998
2020-12-23,143.51999999999998
2020-12-24,-34.90999999999997
2020-12-25,-81.74000000000004
2020-12-26,525.36
2020-12-27,-340.80999999999995
2020-12-28,-141.50000000000003
2020-12-29,68.89000000000001
2020-12-30,82.09999999999997
2020-12-31,-61.339999999999975
2021-01-01,122.36000000000001
2021-01-02,-239.09000000000003
2021-01-03,133.66000000000003
2021-01-04,-90.75
2021-01-05,-24.689999999999998
2021-01-06,-68.80000000000001
2021-01-07,-15.519999999999996
2021-01-08,-19.49000000000001
2021-01-09,10.420000000000002
2021-01-10,167.92
2021-01-11,25.560000000000002
2021-01-12,-79.54999999999998
2021-01-13,-5.5800000000000125
2021-01-14,-65.63
2021-01-15,-8.009999999999991
2021-01-16,78.37
2021-01-17,-18.360000000000014
2021-01-18,-50.34
2021-01-19,10.580000000000013
2021-01-20,139.14999999999998
2021-01-21,-28.379999999999995
2021-01-22,-88.94999999999999
2021-01-23,-44.19
2021-01-24,143.56
2021-01-25,-49.52000000000001
2021-01-26,13.080000000000013
2021-01-27,-3.8000000000000114
2021-01-28,-101.13
2021-01-29,98.96000000000001
2021-01-30,-109.55000000000001
2021-01-31,60.379999999999995
2021-02-01,-55.75
2021-02-02,138.71
2021-02-03,-137.1
2021-02-04,-16.289999999999992
2021-02-05,-18.16000000000001
2021-02-06,-11.36
2021-02-07,100.43
2021-02-08,32.34
2021-02-09,-148.16000000000003
2021-02-10,28.560000000000002
2021-02-11,8.920000000000002
2021-02-12,89.35999999999999
2021-02-13,-31.289999999999992
2021-02-14,-26.389999999999986
2021-02-15,-0.8200000000000216
2021-02-16,-2.5
2021-02-17,-65.41
2021-02-18,63.140000000000015
2021-02-19,-41.510000000000005
2021-02-20,0.539999999999992
2021-02-21,28.750000000000014
2021-02-22,-3.5
2021-02-23,12.949999999999989
2021-02-24,41.69
2021-02-25,-62.2
2021-02-26,98.51
2021-02-27,-2.6299999999999955
2021-02-28,-25.97
2021-03-01,63.140000000000015
2021-03-02,-135.79000000000002
2021-03-03,-18.560000000000002
2021-03-04,-26.959999999999994
2021-03-05,154.55
2021-03-06,-24.069999999999993
2021-03-07,22.139999999999986
2021-03-08,99.38000000000002
2021-03-09,-160.70000000000002
2021-03-10,27.55000000000001
2021-03-11,79.91
2021-03-12,-168.53000000000003
2021-03-13,1.6300000000000097
2021-03-14,107.82999999999998
2021-03-15,-9.319999999999993
2021-03-16,-119.39
2021-03-17,100.42999999999999
2021-03-18,-7.869999999999976
2021-03-19,31.639999999999986
2021-03-20,89.6
2021-03-21,-148.28
2021-03-22,122.38000000000002
2021-03-23,-81.83000000000001
2021-03-24,-67.29
2021-03-25,15.810000000000016
2021-03-26,-33.06000000000002
2021-03-27,-21.209999999999994
2021-03-28,68.21000000000001
2021-03-29,21.669999999999987
2021-03-30,-56.5
2021-03-31,14.870000000000005
2021-04-01,-59.94
2021-04-02,54.52000000000001
2021-04-03,-9.830000000000013
2021-04-04,89.6
2021-04-05,-28.78
2021-04-06,-56.14
2021-04-07,79.98
2021-04-08,-90.37
2021-04-09,-0.029999999999986926
2021-04-10,23.61
2021-04-11,161.9
2021-04-12,-230.95000000000002
2021-04-13,43.22
2021-04-14,-47.69
2021-04-15,46.80000000000001
2021-04-16,-25.080000000000013
2021-04-17,21.190000000000012
2021-04-18,20.820000000000007
2021-04-19,-36.860000000000014
2021-04-20,-2.010000000000005
2021-04-21,10.719999999999999
2021-04-22,-29.89
2021-04-23,32.02000000000001
2021-04-24,-26.49000000000001
2021-04-25,30.60000000000001
2021-04-26,-21.960000000000008
2021-04-27,80.42999999999999
2021-04-28,-63.11999999999999
2021-04-29,51.019999999999996
2021-04-30,-27.489999999999995
2021-05-01,-17.980000000000004
2021-05-02,76.65
2021-05-03,112.76999999999998
2021-05-04,-178.06
2021-05-05,57.67999999999999
2021-05-06,-34.5
2021-05-07,28.02000000000001
2021-05-08,-36.22999999999999
2021-05-09,-19.230000000000004
2021-05-10,53.85000000000001
2021-05-11,7.089999999999975
2021-05-12,-97.18999999999998
2021-05-13,15.950000000000003
2021-05-14,5.459999999999994
2021-05-15,-46.31
2021-05-16,75.96
2021-05-17,-0.8199999999999932
2021-05-18,-32.53
2021-05-19,51.28
2021-05-20,41.53
2021-05-21,-80.28
2021-05-22,-28.099999999999994
2021-05-23,100.97999999999999
2021-05-24,1.6100000000000136
2021-05-25,-37.83000000000001
2021-05-26,-73.94
2021-05-27,-1.4099999999999966
2021-05-28,101.61000000000001
2021-05-29,-151.23000000000002
2021-05-30,70.82000000000001
2021-05-31,-16.760000000000005
2021-06-01,101.74000000000001
2021-06-02,-93.12
2021-06-03,26.129999999999995
2021-06-04,-41.44
2021-06-05,-19.490000000000002
2021-06-06,74.25
2021-06-07,-11.329999999999998
2021-06-08,-1.6200000000000045
2021-06-09,22.039999999999992
2021-06-10,-8.969999999999999
2021-06-11,-25.14
2021-06-12,-34.3
2021-06-13,64.09
2021-06-14,-10.299999999999997
2021-06-15,-7.859999999999999
2021-06-16,-4.540000000000006
2021-06-17,-10.39
2021-06-18,47.879999999999995
2021-06-19,-78.07
2021-06-20,31.599999999999994
2021-06-21,78.26000000000002
2021-06-22,-74.11000000000001
2021-06-23,-39.72
2021-06-24,52.760000000000005
2021-06-25,-20.16000000000001
2021-06-26,-19.72999999999999
2021-06-27,229.72
2021-06-28,-134.4
2021-06-29,-93.96
2021-06-30,59.14
2021-07-01,-50.99000000000001
2021-07-02,50.43000000000001
2021-07-03,-50.94
2021-07-04,77.91999999999999
2021-07-05,-15.289999999999992
2021-07-06,54.80000000000001
2021-07-07,-142.35000000000002
2021-07-08,10.46
2021-07-09,16.61
2021-07-10,29.299999999999997
2021-07-11,5.320000000000007
2021-07-12,25.190000000000012
2021-07-13,48.23999999999998
2021-07-14,-93.66999999999999
2021-07-15,55.139999999999986
2021-07-16,-13.109999999999985
2021-07-17,-14.230000000000004
2021-07-18,90.11
2021-07-19,-112.60000000000001
2021-07-20,26.38000000000001
2021-07-21,54.81999999999999
2021-07-22,-94.09
2021-07-23,47.56
2021-07-24,-49.349999999999994
2021-07-25,80.72999999999999
2021-07-26,-44.58999999999999
2021-07-27,7.1000000000000085
2021-07-28,20.109999999999985
2021-07-29,-8.259999999999991
2021-07-30,-10.960000000000008
2021-07-31,-17.090000000000003
2021-08-01,8.740000000000009
2021-08-02,-0.5100000000000051
2021-08-03,-46.769999999999996
2021-08-04,-10.420000000000002
2021-08-05,111.61999999999999
2021-08-06,-71.88999999999999
2021-08-07,-49.220000000000006
2021-08-08,183.57999999999998
2021-08-09,-106.51999999999998
2021-08-10,264.90999999999997
2021-08-11,-303.8
2021-08-12,-5.679999999999993
2021-08-13,11.010000000000005
2021-08-14,-5.77000000000001
2021-08-15,-3.8699999999999903
2021-08-16,39.42
2021-08-17,-17.460000000000008
2021-08-18,-0.4899999999999949
2021-08-19,-34.650000000000006
2021-08-20,6.769999999999996
2021-08-21,-14.58999999999999
2021-08-22,233.92000000000002
2021-08-23,-126.72
2021-08-24,-91.19000000000001
2021-08-25,-12.58999999999999
2021-08-26,-19.28000000000001
2021-08-27,14.619999999999997
2021-08-28,77.95
2021-08-29,-42.28
2021-08-30,-27.439999999999998
2021-08-31,89.02000000000001
2021-09-01,-78.03000000000002
2021-09-02,-15.989999999999995
2021-09-03,15.569999999999993
2021-09-04,-9.519999999999996
2021-09-05,150.92000000000002
2021-09-06,-7.389999999999986
2021-09-07,-56.47
2021-09-08,-47.20000000000002
2021-09-09,-61.769999999999996
2021-09-10,15.329999999999998
2021-09-11,24.099999999999994
2021-09-12,55.98000000000002
2021-09-13,56.72
2021-09-14,-73.26000000000002
2021-09-15,-28.829999999999984
2021-09-16,-62.17000000000001
2021-09-17,38.690000000000005
2021-09-18,-19.6
2021-09-19,27.800000000000004
2021-09-20,67.66
2021-09-21,36.77000000000001
2021-09-22,-97.44000000000001
2021-09-23,-19.540000000000006
2021-09-24,7.760000000000005
2021-09-25,-4.010000000000005
2021-09-26,25.900000000000006
2021-09-27,134.76
2021-09-28,-117.21
2021-09-29,-21.67
2021-09-30,37.900000000000006
2021-10-01,-53.7
2021-10-02,11.450000000000003
2021-10-03,65.88999999999999
2021-10-04,-18.139999999999986
2021-10-05,-50.89
2021-10-06,48.39
2021-10-07,-44.599999999999994
2021-10-08,-4.240000000000009
2021-10-09,151.92000000000002
2021-10-10,-126.31000000000002
2021-10-11,-36.730000000000004
2021-10-12,4.950000000000003
2021-10-13,20.60000000000001
2021-10-14,-16.78
2021-10-15,-29.150000000000006
2021-10-16,21.629999999999995
2021-10-17,151.29000000000002
2021-10-18,-78.34
2021-10-19,-85.82000000000001
2021-10-20,-14.100000000000001
2021-10-21,9.880000000000003
2021-10-22,32.0
2021-10-23,-32.41000000000001
2021-10-24,116.6
2021-10-25,-83.29999999999998
2021-10-26,-3.1700000000000017
2021-10-27,-35.720000000000006
2021-10-28,26.759999999999998
2021-10-29,-13.14
2021-10-30,-16.069999999999993
2021-10-31,36.45
2021-11-01,38.43999999999998
2021-11-02,-25.419999999999987
2021-11-03,77.82
2021-11-04,-31.769999999999982
2021-11-05,54.72999999999999
2021-11-06,-5.8700000000000045
2021-11-07,58.67999999999998
2021-11-08,99.04000000000002
2021-11-09,-213.54
2021-11-10,-110.84
2021-11-11,26.659999999999997
2021-11-12,137.08
2021-11-13,-123.53000000000002
2021-11-14,94.2
2021-11-15,-65.50999999999999
2021-11-16,4.4199999999999875
2021-11-17,2.5600000000000023
2021-11-18,26.920000000000016
2021-11-19,-21.430000000000007
2021-11-20,72.32999999999998
2021-11-21,-104.92999999999999
2021-11-22,4.3500000000000085
2021-11-23,6.519999999999996
2021-11-24,32.480000000000004
2021-11-25,-72.78
2021-11-26,-0.37000000000000455
2021-11-27,-13.519999999999996
2021-11-28,81.64999999999999
2021-11-29,-22.299999999999997
2021-11-30,13.439999999999998
2021-12-01,-8.819999999999993
2021-12-02,-18.019999999999996
2021-12-03,129.17
2021-12-04,-49.66999999999999
2021-12-05,3.6500000000000057
2021-12-06,-83.50000000000001
2021-12-07,31.730000000000004
2021-12-08,-27.549999999999997
2021-12-09,-34.760000000000005
2021-12-10,19.460000000000008
2021-12-11,6.029999999999987
2021-12-12,99.58
2021-12-13,29.930000000000007
2021-12-14,-138.31
2021-12-15,27.64
2021-12-16,48.35000000000001
2021-12-17,-21.22
2021-12-18,-19.470000000000013
2021-12-19,74.23
2021-12-20,-66.97
2021-12-21,45.44999999999999
2021-12-22,-33.379999999999995
2021-12-23,40.75
2021-12-24,-72.63999999999999
2021-12-25,104.38999999999999
2021-12-26,68.60999999999999
2021-12-27,-92.48999999999998
2021-12-28,-65.57
2021-12-29,-29.659999999999997
2021-12-30,47.47999999999999
2021-12-31,0.4300000000000068
2022-01-01,37.5
2022-01-02,-12.580000000000013
2022-01-03,-10.409999999999997
2022-01-04,45.48000000000002
2022-01-05,-81.00000000000001
2022-01-06,124.02
2022-01-07,-177.69
2022-01-08,82.03999999999999
2022-01-09,-24.189999999999984
2022-01-10,4.989999999999995
2022-01-11,-42.7
2022-01-12,14.420000000000002
2022-01-13,-34.69
2022-01-14,16.349999999999994
2022-01-15,96.27000000000001
2022-01-16,337.83000000000004
2022-01-17,-332.79
2022-01-18,-97.94
2022-01-19,-5.75
2022-01-20,1.6800000000000068
2022-01-21,53.11
2022-01-22,-73.53
2022-01-23,70.21000000000001
2022-01-24,150.76000000000002
2022-01-25,-82.60000000000002
2022-01-26,-44.099999999999994
2022-01-27,18.109999999999985
2022-01-28,-35.54999999999998
2022-01-29,-3.0200000000000102
2022-01-30,53.670000000000016
2022-01-31,4.819999999999993
2022-02-01,-41.28
2022-02-02,-42.519999999999996
2022-02-03,-7.450000000000003
2022-02-04,78.00999999999999
2022-02-05,-60.30999999999999
2022-02-06,10.420000000000002
2022-02-07,-24.41000000000001
2022-02-08,18.549999999999997
2022-02-09,-32.33999999999999
2022-02-10,0.8999999999999915
2022-02-11,-16.69999999999999
2022-02-12,17.58999999999999
2022-02-13,70.17
2022-02-14,46.370000000000005
2022-02-15,-92.35000000000001
2022-02-16,-35.55
2022-02-17,33.19
2022-02-18,73.15
2022-02-19,-40.44999999999999
2022-02-20,-5.930000000000007
2022-02-21,-19.67
2022-02-22,66.07000000000001
2022-02-23,-90.63000000000001
2022-02-24,67.04
2022-02-25,4.909999999999997
2022-02-26,14.139999999999986
2022-02-27,-15.340000000000003
2022-02-28,6.670000000000016
2022-03-01,20.99000000000001
2022-03-02,-53.170000000000016
2022-03-03,69.94
2022-03-04,14.27000000000001
2022-03-05,-6.110000000000014
2022-03-06,-70.75999999999999
2022-03-07,22.47999999999999
2022-03-08,0.36000000000001364
2022-03-09,-22.47
2022-03-10,7.939999999999998
2022-03-11,82.43
2022-03-12,-58.900000000000006
2022-03-13,178.82
2022-03-14,-130.34
2022-03-15,-68.20999999999998
2022-03-16,62.329999999999984
2022-03-17,-78.84
2022-03-18,33.45000000000002
2022-03-19,-70.38000000000001
2022-03-20,60.82000000000001
2022-03-21,78.12
2022-03-22,-102.30000000000001
2022-03-23,-20.97
2022-03-24,11.669999999999987
2022-03-25,80.78
2022-03-26,-4.929999999999978
2022-03-27,192.61999999999998
2022-03-28,-74.59999999999997
2022-03-29,-128.17000000000002
2022-03-30,-88.74000000000001
2022-03-31,-23.340000000000003
2022-04-01,32.44000000000001
2022-04-02,46.05
2022-04-03,-94.52000000000001
2022-04-04,49.85000000000001
2022-04-05,11.219999999999999
2022-04-06,41.32000000000001
2022-04-07,2.829999999999984
2022-04-08,-46.3
2022-04-09,-32.349999999999994
2022-04-10,231.65000000000003
2022-04-11,-82.79000000000002
2022-04-12,-138.13
2022-04-13,-12.689999999999998
2022-04-14,51.859999999999985
2022-04-15,-43.92999999999999
2022-04-16,-13.150000000000006
2022-04-17,20.17
2022-04-18,-12.349999999999994
2022-04-19,183.04999999999998
2022-04-20,-181.01
2022-04-21,-6.019999999999996
2022-04-22,59.510000000000005
2022-04-23,-36.46000000000001
2022-04-24,19.77000000000001
2022-04-25,-4.969999999999999
2022-04-26,3.1599999999999966
2022-04-27,-60.67
2022-04-28,10.819999999999993
2022-04-29,45.91000000000001
2022-04-30,155.38
2022-05-01,-131.11
2022-05-02,-51.05999999999999
2022-05-03,4.310000000000002
2022-05-04,20.14
2022-05-05,-35.86
2022-05-06,124.58
2022-05-07,-104.08
2022-05-08,199.53999999999996
2022-05-09,-210.14999999999998
2022-05-10,37.94
2022-05-11,-33.730000000000004
2022-05-12,42.709999999999994
2022-05-13,-4.72999999999999
2022-05-14,-9.120000000000005
2022-05-15,53.349999999999994
2022-05-16,-59.859999999999985
2022-05-17,-23.14
2022-05-18,-3.4000000000000057
2022-05-19,59.760000000000005
2022-05-20,27.53
2022-05-21,-27.849999999999994
2022-05-22,90.13
2022-05-23,-111.63
2022-05-24,0.01999999999998181
2022-05-25,-34.89999999999999
2022-05-26,31.67
2022-05-27,12.460000000000008
2022-05-28,-83.30000000000001
2022-05-29,17.599999999999994
2022-05-30,3.6700000000000017
2022-05-31,-10.08999999999999
2022-06-01,88.75999999999999
2022-06-02,-17.53
2022-06-03,19.72
2022-06-04,-75.14999999999999
2022-06-05,51.249999999999986
2022-06-06,-12.679999999999993
2022-06-07,40.38000000000001
2022-06-08,-57.52000000000001
2022-06-09,1.980000000000004
2022-06-10,-18.459999999999994
2022-06-11,-13.490000000000009
2022-06-12,44.16
2022-06-13,-28.94999999999999
2022-06-14,25.25
2022-06-15,20.19999999999999
2022-06-16,48.72
2022-06-17,-81.24999999999999
2022-06-18,35.67
2022-06-19,40.53
2022-06-20,-19.07000000000002
2022-06-21,-25.309999999999974
2022-06-22,-43.140000000000015
2022-06-23,-0.010000000000005116
2022-06-24,14.900000000000006
2022-06-25,-20.299999999999997
2022-06-26,148.31
2022-06-27,-98.93
2022-06-28,-10.97999999999999
2022-06-29,5.3700000000000045
2022-06-30,23.039999999999992
2022-07-01,19.359999999999985
2022-07-02,-46.78
2022-07-03,5.0
2022-07-04,173.88
2022-07-05,-193.23999999999998
2022-07-06,-25.070000000000007
2022-07-07,2.1500000000000057
2022-07-08,10.659999999999997
2022-07-09,-0.1599999999999966
2022-07-10,106.13000000000001
2022-07-11,-10.0
2022-07-12,-73.63000000000001
2022-07-13,-73.85
2022-07-14,150.21
2022-07-15,7.740000000000009
2022-07-16,4.1299999999999955
2022-07-17,-19.180000000000007
2022-07-18,-12.780000000000001
2022-07-19,-5.759999999999991
2022-07-20,-63.85000000000001
2022-07-21,19.429999999999993
2022-07-22,6.060000000000002
2022-07-23,-37.83
2022-07-24,108.58
2022-07-25,-88.94999999999999
2022-07-26,-25.939999999999998
2022-07-27,87.31
2022-07-28,-70.99000000000001
2022-07-29,19.22999999999999
2022-07-30,-68.50999999999999
2022-07-31,57.120000000000005
2022-08-01,22.47999999999999
2022-08-02,-44.66
2022-08-03,19.03
2022-08-04,-37.25999999999999
2022-08-05,29.0
2022-08-06,158.01
2022-08-07,-78.34
2022-08-08,40.78
2022-08-09,-38.829999999999984
2022-08-10,-104.75000000000001
2022-08-11,15.060000000000002
2022-08-12,-50.81
2022-08-13,63.59
2022-08-14,-17.060000000000002
2022-08-15,50.55
2022-08-16,-41.69
2022-08-17,-28.17
2022-08-18,16.900000000000006
2022-08-19,5.819999999999993
2022-08-20,-49.13999999999999
2022-08-21,100.30000000000001
2022-08-22,19.370000000000005
2022-08-23,-75.71000000000001
2022-08-24,43.97999999999999
2022-08-25,-70.91999999999999
2022-08-26,55.50999999999999
2022-08-27,-25.58999999999999
2022-08-28,42.469999999999985
2022-08-29,-41.239999999999995
2022-08-30,-14.289999999999992
2022-08-31,43.22999999999999
2022-09-01,-50.52999999999999
2022-09-02,-10.700000000000003
2022-09-03,0.4899999999999949
2022-09-04,29.650000000000006
2022-09-05,63.31999999999999
2022-09-06,-67.14
2022-09-07,-3.8900000000000006
2022-09-08,-40.04
2022-09-09,18.410000000000004
2022-09-10,-1.25
2022-09-11,77.16999999999999
2022-09-12,20.420000000000016
2022-09-13,-67.02000000000001
2022-09-14,21.38000000000001
2022-09-15,1.8499999999999943
2022-09-16,4.719999999999999
2022-09-17,2.680000000000007
2022-09-18,5.1899999999999835
2022-09-19,-66.07999999999998
2022-09-20,13.519999999999996
2022-09-21,-7.730000000000004
2022-09-22,68.32
2022-09-23,-5.329999999999984
2022-09-24,-19.5
2022-09-25,13.58999999999999
2022-09-26,-42.0
2022-09-27,109.02
2022-09-28,-39.19
2022-09-29,-62.66999999999999
2022-09-30,99.72
2022-10-01,-90.92
2022-10-02,194.35999999999996
2022-10-03,-150.24999999999997
2022-10-04,2.759999999999991
2022-10-05,4.450000000000017
2022-10-06,15.72999999999999
2022-10-07,-29.150000000000006
2022-10-08,-39.00999999999999
2022-10-09,27.310000000000002
2022-10-10,53.28
2022-10-11,-25.55000000000001
2022-10-12,31.0
2022-10-13,-17.829999999999984
2022-10-14,11.909999999999997
2022-10-15,-60.53
2022-10-16,88.38999999999999
2022-10-17,-79.63
2022-10-18,-55.81
2022-10-19,-2.6899999999999977
2022-10-20,7.689999999999998
2022-10-21,28.99000000000001
2022-10-22,-35.02000000000001
2022-10-23,67.74000000000001
2022-10-24,28.22999999999999
2022-10-25,-63.33999999999999
2022-10-26,-20.14
2022-10-27,65.97999999999999
2022-10-28,53.5
2022-10-29,-117.25999999999999
2022-10-30,27.950000000000003
2022-10-31,46.14999999999999
2022-11-01,-33.64999999999999
2022-11-02,-29.28
2022-11-03,42.52999999999999
2022-11-04,-18.659999999999997
2022-11-05,-55.69
2022-11-06,50.260000000000005
2022-11-07,128.88
2022-11-08,-121.92000000000002
2022-11-09,23.0
2022-11-10,-27.03
2022-11-11,64.41
2022-11-12,14.25
2022-11-13,30.5
2022-11-14,-13.20999999999998
2022-11-15,-120.43
2022-11-16,12.739999999999995
2022-11-17,-16.61
2022-11-18,42.16999999999999
2022-11-19,-22.789999999999992
2022-11-20,144.93
2022-11-21,-133.3
2022-11-22,3.280000000000001
2022-11-23,57.86999999999999
2022-11-24,42.870000000000005
2022-11-25,-36.99000000000001
2022-11-26,-69.94999999999999
2022-11-27,54.00999999999999
2022-11-28,9.730000000000018
2022-11-29,-92.53000000000002
2022-11-30,-0.6199999999999903
2022-12-01,87.21000000000001
2022-12-02,-129.08
2022-12-03,35.269999999999996
2022-12-04,255.76
2022-12-05,-151.92000000000002
2022-12-06,-81.45999999999998
2022-12-07,45.69
2022-12-08,-69.56
2022-12-09,32.5
2022-12-10,-53.31
2022-12-11,162.06
2022-12-12,-53.360000000000014
2022-12-13,-47.349999999999994
2022-12-14,-1.4499999999999886
2022-12-15,-5.950000000000003
2022-12-16,-15.88000000000001
2022-12-17,-14.309999999999988
2022-12-18,18.36
2022-12-19,-15.850000000000009
2022-12-20,-14.429999999999993
2022-12-21,74.78999999999999
2022-12-22,-48.94
2022-12-23,-14.549999999999997
2022-12-24,-10.829999999999998
2022-12-25,270.28
2022-12-26,-173.29999999999998
2022-12-27,-100.66
2022-12-28,16.27000000000001
2022-12-29,37.78999999999999
2022-12-30,75.61000000000001
2022-12-31,-36.52000000000001
2023-01-01,270.6
2023-01-02,-248.04999999999998
2023-01-03,-67.82000000000001
2023-01-04,-3.3100000000000023
2023-01-05,61.80999999999999
2023-01-06,-17.129999999999995
2023-01-07,9.75
2023-01-08,36.22
2023-01-09,-52.389999999999986
2023-01-10,233.93999999999997
2023-01-11,-22.859999999999957
2023-01-12,-174.42000000000002
2023-01-13,-47.22
2023-01-14,34.76999999999998
2023-01-15,85.01000000000002
2023-01-16,-95.28
2023-01-17,-92.92
2023-01-18,236.74
2023-01-19,-204.13000000000002
2023-01-20,13.799999999999997
2023-01-21,-30.33
2023-01-22,169.21999999999997
2023-01-23,67.38000000000005
2023-01-24,-202.88000000000002
2023-01-25,-9.900000000000006
2023-01-26,-40.849999999999994
2023-01-27,38.36
2023-01-28,3.3100000000000023
2023-01-29,110.96999999999998
2023-01-30,-34.19
2023-01-31,-32.78999999999999
2023-02-01,-20.97999999999999
2023-02-02,-20.220000000000013
2023-02-03,-1.1799999999999926
2023-02-04,-15.990000000000009
2023-02-05,-9.069999999999993
2023-02-06,128.28
2023-02-07,-28.689999999999998
2023-02-08,-50.71000000000001
2023-02-09,-10.569999999999993
2023-02-10,-29.24000000000001
2023-02-11,18.840000000000003
2023-02-12,-64.25999999999999
2023-02-13,15.649999999999999
2023-02-14,35.68000000000001
2023-02-15,94.86999999999999
2023-02-16,22.569999999999993
2023-02-17,-125.35
2023-02-18,55.400000000000006
2023-02-19,-51.959999999999994
2023-02-20,-12.440000000000012
2023-02-21,-19.919999999999987
2023-02-22,71.43
2023-02-23,48.0
2023-02-24,-105.98000000000002
2023-02-25,-24.419999999999995
2023-02-26,20.21
2023-02-27,52.480000000000004
2023-02-28,-42.24000000000001
2023-03-01,-9.049999999999997
2023-03-02,79.50000000000001
2023-03-03,-68.78000000000002
2023-03-04,19.689999999999998
2023-03-05,10.550000000000011
2023-03-06,-31.55000000000001
2023-03-07,8.540000000000006
2023-03-08,-25.599999999999994
2023-03-09,27.33
2023-03-10,68.32000000000001
2023-03-11,-55.69000000000001
2023-03-12,-48.22
2023-03-13,163.01
2023-03-14,19.94999999999999
2023-03-15,-80.85
2023-03-16,26.139999999999986
2023-03-17,44.860000000000014
2023-03-18,-156.37
2023-03-19,133.76
2023-03-20,-55.23999999999998
2023-03-21,-55.99000000000001
2023-03-22,112.61000000000001
2023-03-23,-25.30000000000001
2023-03-24,-26.28
2023-03-25,-30.77000000000001
2023-03-26,20.100000000000023
2023-03-27,-11.240000000000009
2023-03-28,-24.040000000000006
2023-03-29,9.240000000000009
2023-03-30,-44.230000000000004
2023-03-31,62.21000000000001
2023-04-01,-26.80000000000001
2023-04-02,289.5
2023-04-03,-257.31
2023-04-04,4.150000000000006
2023-04-05,-46.019999999999996
2023-04-06,-68.11000000000001
2023-04-07,25.000000000000007
2023-04-08,59.019999999999996
2023-04-09,85.77999999999999
2023-04-10,-93.54999999999998
2023-04-11,38.72999999999999
2023-04-12,-45.56
2023-04-13,148.23000000000002
2023-04-14,-219.85000000000002
2023-04-15,12.199999999999996
2023-04-16,228.66
2023-04-17,-227.72
2023-04-18,135.18
2023-04-19,-57.53
2023-04-20,-30.010000000000005
2023-04-21,19.22999999999999
2023-04-22,-4.449999999999989
2023-04-23,13.879999999999995
2023-04-24,21.929999999999993
2023-04-25,-38.31999999999999
2023-04-26,23.819999999999993
2023-04-27,21.939999999999998
2023-04-28,-62.959999999999994
2023-04-29,-0.0799999999999983
2023-04-30,115.11000000000001
2023-05-01,225.94999999999996
2023-05-02,-185.46999999999997
2023-05-03,-109.64000000000001
2023-05-04,-34.91999999999999
2023-05-05,-4.069999999999993
2023-05-06,-13.840000000000003
2023-05-07,65.32999999999998
2023-05-08,158.92
2023-05-09,-148.27999999999997
2023-05-10,-93.55
2023-05-11,85.71
2023-05-12,35.06
2023-05-13,59.75999999999999
2023-05-14,-60.48999999999998
2023-05-15,-90.45000000000002
2023-05-16,-31.959999999999994
2023-05-17,46.400000000000006
2023-05-18,97.24999999999999
2023-05-19,-99.28999999999999
2023-05-20,95.1
2023-05-21,121.85
2023-05-22,70.25999999999999
2023-05-23,-241.71999999999997
2023-05-24,144.55
2023-05-25,-63.70000000000002
2023-05-26,-17.55000000000001
2023-05-27,-65.38
2023-05-28,86.58000000000001
2023-05-29,-161.10000000000002
2023-05-30,30.709999999999994
2023-05-31,153.69000000000003
2023-06-01,-156.17000000000002
2023-06-02,-12.14
2023-06-03,-33.21
2023-06-04,87.45999999999998
2023-06-05,-17.72
2023-06-06,-70.38
2023-06-07,56.37
2023-06-08,-22.17
2023-06-09,-38.69
2023-06-10,6.25
2023-06-11,25.879999999999995
2023-06-12,114.11
2023-06-13,-93.42
2023-06-14,36.459999999999994
2023-06-15,-76.41999999999999
2023-06-16,-14.420000000000002
2023-06-17,4.770000000000003
2023-06-18,65.00999999999999
2023-06-19,150.70999999999998
2023-06-20,-63.98999999999998
2023-06-21,-147.69
2023-06-22,7.359999999999999
2023-06-23,1.269999999999996
2023-06-24,86.98
2023-06-25,179.25
2023-06-26,-189.35
2023-06-27,-22.940000000000012
2023-06-28,25.030000000000015
2023-06-29,-35.08000000000001
2023-06-30,-21.060000000000002
2023-07-01,-10.049999999999997
2023-07-02,37.10000000000001
2023-07-03,-58.58000000000001
2023-07-04,-4.509999999999991
2023-07-05,76.47
2023-07-06,-96.50999999999999
2023-07-07,52.76
2023-07-08,46.05000000000001
2023-07-09,-67.70000000000002
2023-07-10,-32.699999999999996
2023-07-11,-1.3599999999999994
2023-07-12,51.4
2023-07-13,-13.269999999999996
2023-07-14,130.7
2023-07-15,-153.48000000000002
2023-07-16,26.129999999999995
2023-07-17,76.64999999999999
2023-07-18,-51.739999999999995
2023-07-19,-67.1
2023-07-20,223.07
2023-07-21,-179.4
2023-07-22,1.0300000000000011
2023-07-23,60.639999999999986
2023-07-24,-36.77999999999999
2023-07-25,-67.91
2023-07-26,182.75
2023-07-27,-125.17999999999999
2023-07-28,-12.980000000000004
2023-07-29,26.0
2023-07-30,48.08000000000001
2023-07-31,-75.24000000000001
2023-08-01,70.6
2023-08-02,-30.19999999999999
2023-08-03,-59.38
2023-08-04,-1.6300000000000026
2023-08-05,-7.939999999999998
2023-08-06,32.650000000000006
2023-08-07,-25.99000000000001
2023-08-08,-9.409999999999997
2023-08-09,27.36
2023-08-10,-30.509999999999998
2023-08-11,123.56
2023-08-12,-97.02000000000001
2023-08-13,-9.260000000000005
2023-08-14,172.51
2023-08-15,-183.2
2023-08-16,75.22000000000001
2023-08-17,-26.74000000000001
2023-08-18,-64.88
2023-08-19,22.92
2023-08-20,81.61000000000001
2023-08-21,-11.320000000000022
2023-08-22,-77.44999999999999
2023-08-23,88.52000000000001
2023-08-24,-64.74000000000001
2023-08-25,60.879999999999995
2023-08-26,34.78999999999999
2023-08-27,-62.68999999999998
2023-08-28,-39.32000000000001
2023-08-29,-0.9299999999999926
2023-08-30,-2.260000000000005
2023-08-31,100.19999999999999
2023-09-01,-109.75999999999999
2023-09-02,84.11000000000001
2023-09-03,39.47
2023-09-04,-139.67000000000002
2023-09-05,25.1
2023-09-06,-25.369999999999997
2023-09-07,54.63999999999999
2023-09-08,-58.61
2023-09-09,28.730000000000004
2023-09-10,4.480000000000004
2023-09-11,11.920000000000002
2023-09-12,17.529999999999987
2023-09-13,33.2
2023-09-14,-21.22
2023-09-15,-48.0
2023-09-16,-34.67999999999999
2023-09-17,103.62999999999998
2023-09-18,-68.82
2023-09-19,82.9
2023-09-20,-63.86
2023-09-21,23.629999999999995
2023-09-22,-63.69
2023-09-23,10.18
2023-09-24,9.150000000000006
2023-09-25,-47.440000000000005
2023-09-26,128.78
2023-09-27,6.569999999999993
2023-09-28,-38.14999999999999
2023-09-29,24.190000000000012
2023-09-30,-22.280000000000015
2023-10-01,29.35000000000001
2023-10-02,-66.12
2023-10-03,23.370000000000005
2023-10-04,81.54999999999998
2023-10-05,-133.95999999999998
2023-10-06,47.46999999999999
2023-10-07,-6.079999999999998
2023-10-08,139.52
2023-10-09,35.22999999999999
2023-10-10,-120.85999999999999
2023-10-11,49.5
2023-10-12,-3.0600000000000023
2023-10-13,-130.95000000000002
2023-10-14,11.630000000000003
2023-10-15,442.40999999999997
2023-10-16,-376.49999999999994
2023-10-17,-38.500000000000014
2023-10-18,-7.469999999999999
2023-10-19,189.32
2023-10-20,7.840000000000032
2023-10-21,-205.45
2023-10-22,77.26
2023-10-23,-8.430000000000007
2023-10-24,-71.0
2023-10-25,44.33999999999999
2023-10-26,-86.3
2023-10-27,52.260000000000005
2023-10-28,-33.1
2023-10-29,10.770000000000003
2023-10-30,96.25
2023-10-31,-121.71000000000001
2023-11-01,89.63
2023-11-02,-73.86999999999999
2023-11-03,13.879999999999995
2023-11-04,-37.26
2023-11-05,50.51
2023-11-06,257.61
2023-11-07,-220.29
2023-11-08,-3.25
2023-11-09,23.370000000000005
2023-11-10,-14.750000000000014
2023-11-11,-73.88999999999999
2023-11-12,90.97
2023-11-13,-28.83
2023-11-14,82.23
2023-11-15,-129.62
2023-11-16,80.41
2023-11-17,19.350000000000023
2023-11-18,-105.79000000000002
2023-11-19,61.550000000000004
2023-11-20,-81.44
2023-11-21,252.53
2023-11-22,-229.48000000000002
2023-11-23,-50.510000000000005
2023-11-24,79.2
2023-11-25,-48.13
2023-11-26,81.03999999999999
2023-11-27,-38.47
2023-11-28,12.75
2023-11-29,-18.069999999999993
2023-11-30,63.959999999999994
2023-12-01,-109.35
2023-12-02,18.0
2023-12-03,62.940000000000005
2023-12-04,-68.12
2023-12-05,276.98
2023-12-06,-240.05
2023-12-07,-14.469999999999999
2023-12-08,-8.980000000000004
2023-12-09,25.319999999999993
2023-12-10,88.81000000000002
2023-12-11,-61.790000000000006
2023-12-12,-80.06
2023-12-13,58.83
2023-12-14,-5.849999999999994
2023-12-15,-28.53000000000001
2023-12-16,-9.43
2023-12-17,42.78
2023-12-18,170.0
2023-12-19,367.62
2023-12-20,-562.88
2023-12-21,26.5
2023-12-22,-43.96999999999999
2023-12-23,122.56
2023-12-24,-91.41000000000001
2023-12-25,-8.820000000000007
2023-12-26,36.83000000000001
2023-12-27,34.53999999999999
2023-12-28,22.870000000000005
2023-12-29,-61.040000000000006
2023-12-30,23.760000000000005
2023-12-31,89.97999999999999
2024-01-01,-110.80999999999999
2024-01-02,28.08999999999999
2024-01-03,23.890000000000015
2024-01-04,-43.610000000000014
2024-01-05,-12.36
2024-01-06,38.87000000000002
2024-01-07,-134.44000000000003
2024-01-08,142.64000000000001
2024-01-09,872.8200000000002
2024-01-10,-952.7800000000001
2024-01-11,-16.599999999999994
2024-01-12,19.849999999999994
2024-01-13,16.120000000000005
2024-01-14,33.92
2024-01-15,-46.8
2024-01-16,168.29999999999998
2024-01-17,-178.43
2024-01-18,51.45
2024-01-19,25.950000000000017
2024-01-20,-89.60000000000002
2024-01-21,84.28
2024-01-22,33.51000000000002
2024-01-23,-103.93
2024-01-24,20.299999999999997
2024-01-25,22.64999999999999
2024-01-26,-29.279999999999987
2024-01-27,-4.609999999999999
2024-01-28,28.72
2024-01-29,103.18
2024-01-30,-68.31
2024-01-31,-62.510000000000005
2024-02-01,16.22999999999999
2024-02-02,-42.849999999999994
2024-02-03,40.47
2024-02-04,117.76
2024-02-05,-3.7700000000000102
2024-02-06,-100.25
2024-02-07,69.22
2024-02-08,-24.849999999999994
2024-02-09,-86.11
2024-02-10,-11.96
2024-02-11,160.66
2024-02-12,-1.1299999999999955
2024-02-13,-31.960000000000008
2024-02-14,-96.28999999999999
2024-02-15,-3.9000000000000057
2024-02-16,-24.71
2024-02-17,89.66
2024-02-18,161.07000000000002
2024-02-19,-220.28000000000003
2024-02-20,61.17999999999999
2024-02-21,-38.42999999999999
2024-02-22,-41.22999999999999
2024-02-23,46.81999999999999
2024-02-24,75.10000000000001
2024-02-25,-124.09
2024-02-26,99.65
2024-02-27,-50.38000000000001
2024-02-28,25.799999999999997
2024-02-29,-37.33
2024-03-01,-47.269999999999996
2024-03-02,14.259999999999991
2024-03-03,12.719999999999999
2024-03-04,99.74000000000001
2024-03-05,-87.06
2024-03-06,9.680000000000007
2024-03-07,-51.220000000000006
2024-03-08,-20.050000000000004
2024-03-09,193.92000000000002
2024-03-10,-9.400000000000006
2024-03-11,-62.120000000000005
2024-03-12,-54.370000000000005
2024-03-13,54.47
2024-03-14,-89.47999999999999
2024-03-15,111.85
2024-03-16,-71.43
2024-03-17,70.56
2024-03-18,-40.41999999999999
2024-03-19,-48.280000000000015
2024-03-20,110.05
2024-03-21,-124.41999999999999
2024-03-22,-4.540000000000006
2024-03-23,74.58999999999999
2024-03-24,-54.53999999999999
2024-03-25,-13.429999999999993
2024-03-26,5.8700000000000045
2024-03-27,12.36
2024-03-28,-38.59
2024-03-29,30.730000000000004
2024-03-30,-40.53000000000001
2024-03-31,40.050000000000004
2024-04-01,24.179999999999993
2024-04-02,-49.39999999999999
2024-04-03,22.679999999999993
2024-04-04,-7.179999999999993
2024-04-05,-13.939999999999998
2024-04-06,220.54
2024-04-07,-149.9
2024-04-08,-39.67999999999999
2024-04-09,30.64
2024-04-10,6.819999999999993
2024-04-11,-17.939999999999998
2024-04-12,48.0
2024-04-13,-81.22999999999999
2024-04-14,268.13
2024-04-15,-203.27999999999997
2024-04-16,57.0
2024-04-17,-115.14
2024-04-18,-16.86
2024-04-19,-3.450000000000003
2024-04-20,35.45
2024-04-21,24.650000000000006
2024-04-22,-66.13
2024-04-23,-12.840000000000003
2024-04-24,52.449999999999996
2024-04-25,125.64000000000001
2024-04-26,-157.3
2024-04-27,-17.589999999999996
2024-04-28,51.699999999999996
2024-04-29,-25.230000000000004
2024-04-30,31.53
2024-05-01,-59.62
2024-05-02,28.240000000000002
2024-05-03,-24.78
2024-05-04,-12.189999999999998
2024-05-05,121.97
2024-05-06,-88.94
2024-05-07,-37.64
2024-05-08,-2.990000000000002
2024-05-09,15.61
2024-05-10,51.54
2024-05-11,159.91000000000003
2024-05-12,-17.909999999999997
2024-05-13,-208.14000000000001
2024-05-14,98.25
2024-05-15,-38.78
2024-05-16,-41.239999999999995
2024-05-17,-0.8800000000000026
2024-05-18,17.57
2024-05-19,156.39999999999998
2024-05-20,-135.73
2024-05-21,-30.270000000000003
2024-05-22,-7.109999999999999
2024-05-23,22.050000000000004
2024-05-24,76.04
2024-05-25,-94.51000000000002
2024-05-26,-17.949999999999996
2024-05-27,11.689999999999998
2024-05-28,4.480000000000004
2024-05-29,66.07
2024-05-30,-30.239999999999995
2024-05-31,-20.379999999999995
2024-06-01,15.239999999999995
2024-06-02,-29.29
2024-06-03,133.6
2024-06-04,-124.14999999999999
2024-06-05,-32.48
2024-06-06,44.830000000000005
2024-06-07,-24.560000000000002
2024-06-08,47.379999999999995
2024-06-09,-20.08
2024-06-10,9.780000000000001
2024-06-11,-33.35
2024-06-12,40.93
2024-06-13,-6.040000000000006
2024-06-14,-5.289999999999992
2024-06-15,-26.47
2024-06-16,-13.82
2024-06-17,16.35
2024-06-18,7.1299999999999955
2024-06-19,-19.46
2024-06-20,37.29
2024-06-21,-13.789999999999992
2024-06-22,33.31999999999999
2024-06-23,87.66999999999999
2024-06-24,-97.64999999999999
2024-06-25,-49.709999999999994
2024-06-26,17.11
2024-06-27,22.019999999999996
2024-06-28,-32.529999999999994
2024-06-29,77.62
2024-06-30,-3.009999999999991
2024-07-01,113.09
2024-07-02,-202.63
2024-07-03,17.369999999999997
2024-07-04,-25.07
2024-07-05,745.2
2024-07-06,-471.57000000000005
2024-07-07,-202.95
2024-07-08,5.019999999999996
2024-07-09,-23.72
2024-07-10,97.17
2024-07-11,-153.33
2024-07-12,79.91999999999999
2024-07-13,165.92000000000002
2024-07-14,-92.48000000000002
2024-07-15,-83.25
2024-07-16,-2.8300000000000125
2024-07-17,32.53
2024-07-18,247.45999999999998
2024-07-19,-288.08
2024-07-20,-1.6700000000000017
2024-07-21,103.9
2024-07-22,-112.23
2024-07-23,62.95
2024-07-24,-62.540000000000006
2024-07-25,-39.46
2024-07-26,28.410000000000004
2024-07-27,9.909999999999997
2024-07-28,96.05000000000001
2024-07-29,-107.85000000000001
2024-07-30,7.219999999999999
2024-07-31,-20.410000000000004
2024-08-01,7.939999999999998
2024-08-02,36.71
2024-08-03,-36.0
2024-08-04,27.78
2024-08-05,60.66999999999999
2024-08-06,57.71000000000001
2024-08-07,-154.51999999999998
2024-08-08,-34.68
2024-08-09,104.05000000000001
2024-08-10,-40.92
2024-08-11,141.83
2024-08-12,-147.17000000000002
2024-08-13,11.920000000000002
2024-08-14,32.120000000000005
2024-08-15,100.64999999999999
2024-08-16,-26.169999999999987
2024-08-17,-52.420000000000016
2024-08-18,158.29
2024-08-19,-212.28999999999996
2024-08-20,-34.220000000000006
2024-08-21,62.49
2024-08-22,-29.67
2024-08-23,-17.540000000000006
2024-08-24,-39.56999999999999
2024-08-25,70.19
2024-08-26,-36.49
2024-08-27,-28.019999999999996
2024-08-28,28.380000000000003
2024-08-29,28.189999999999998
2024-08-30,-31.39
2024-08-31,5.290000000000006
2024-09-01,71.72
2024-09-02,463.36
2024-09-03,-530.38
2024-09-04,21.86
2024-09-05,-37.91
2024-09-06,48.18000000000001
2024-09-07,-45.42
2024-09-08,78.57
2024-09-09,-80.59
2024-09-10,62.4
2024-09-11,-79.96000000000001
2024-09-12,20.46
2024-09-13,34.39
2024-09-14,-30.54
2024-09-15,14.249999999999993
2024-09-16,-17.46999999999999
2024-09-17,51.419999999999995
2024-09-18,41.56000000000002
2024-09-19,-26.01000000000002
2024-09-20,-59.69999999999999
2024-09-21,10.899999999999991
2024-09-22,-20.749999999999993
2024-09-23,17.04999999999999
2024-09-24,-1.1299999999999955
2024-09-25,31.439999999999998
2024-09-26,-21.799999999999997
2024-09-27,8.400000000000006
2024-09-28,-37.45
2024-09-29,-21.700000000000003
2024-09-30,84.91
2024-10-01,-57.41
2024-10-02,74.74
2024-10-03,-56.91999999999999
2024-10-04,-2.1200000000000045
2024-10-05,19.42
2024-10-06,-16.590000000000003
2024-10-07,-29.03
2024-10-08,78.71000000000001
2024-10-09,-55.49000000000001
2024-10-10,25.120000000000005
2024-10-11,150.39
2024-10-12,-35.50999999999999
2024-10-13,-57.420000000000016
2024-10-14,-85.88
2024-10-15,72.16
2024-10-16,-60.72999999999999
2024-10-17,35.11999999999999
2024-10-18,-44.67999999999999
2024-10-19,18.929999999999993
2024-10-20,86.97000000000001
2024-10-21,107.78
2024-10-22,-167.78000000000003
2024-10-23,-17.42
2024-10-24,-31.25999999999999
2024-10-25,16.310000000000002
2024-10-26,162.14
2024-10-27,-58.03999999999999
2024-10-28,-112.09
2024-10-29,13.320000000000007
2024-10-30,-18.52000000000001
2024-10-31,37.18000000000001
2024-11-01,8.650000000000006
2024-11-02,267.85999999999996
2024-11-03,-85.40999999999997
2024-11-04,-66.93
2024-11-05,80.68
2024-11-06,-169.92000000000002
2024-11-07,180.95
2024-11-08,-15.109999999999957
2024-11-09,-183.23000000000002
2024-11-10,359.37
2024-11-11,-98.22000000000003
2024-11-12,-160.98
2024-11-13,-54.94999999999999
2024-11-14,-34.670000000000016
2024-11-15,132.69000000000003
2024-11-16,-113.82000000000002
2024-11-17,296.14
2024-11-18,12.480000000000018
2024-11-19,-249.17000000000002
2024-11-20,-32.24000000000001
2024-11-21,38.099999999999994
2024-11-22,-84.53999999999999
2024-11-23,-30.480000000000004
2024-11-24,206.65000000000003
2024-11-25,-223.79000000000002
2024-11-26,62.400000000000006
2024-11-27,-18.01000000000002
2024-11-28,30.580000000000013
2024-11-29,12.090000000000003
2024-11-30,-51.68000000000001
2024-12-01,17.30000000000001
2024-12-02,-61.75
2024-12-03,13.509999999999991
2024-12-04,85.72
2024-12-05,-80.52
2024-12-06,293.3
2024-12-07,-14.120000000000005
2024-12-08,-261.6
2024-12-09,118.83000000000001
2024-12-10,-15.410000000000025
2024-12-11,1.3300000000000125
2024-12-12,-94.28
2024-12-13,16.24000000000001
2024-12-14,25.629999999999995
2024-12-15,77.59
2024-12-16,44.03
2024-12-17,-201.99
2024-12-18,165.05
2024-12-19,-80.28
2024-12-20,9.090000000000003
2024-12-21,-0.7199999999999989
2024-12-22,201.56999999999996
2024-12-23,-242.62999999999997
2024-12-24,113.16
2024-12-25,-61.390000000000015
2024-12-26,-72.63
2024-12-27,-13.849999999999994
2024-12-28,45.80000000000001
2024-12-29,17.799999999999983
2024-12-30,-29.539999999999992
2024-12-31,-28.930000000000007
2025-01-01,93.47999999999999
2025-01-02,-14.019999999999982
2025-01-03,-21.49000000000001
2025-01-04,46.21000000000001
2025-01-05,357.57000000000005
2025-01-06,-348.88000000000005
2025-01-07,38.629999999999995
2025-01-08,-48.93000000000001
2025-01-09,18.700000000000017
2025-01-10,-82.95000000000002
2025-01-11,255.64
2025-01-12,274.9200000000001
2025-01-13,-498.72
2025-01-14,5.800000000000011
2025-01-15,-74.68
2025-01-16,23.960000000000008
2025-01-17,38.94999999999999
2025-01-18,60.56
2025-01-19,274.08
2025-01-20,-314.55999999999995
2025-01-21,31.659999999999997
2025-01-22,-103.60000000000001
2025-01-23,54.750000000000014
2025-01-24,12.639999999999986
2025-01-25,-30.039999999999992
2025-01-26,19.430000000000007
2025-01-27,-19.130000000000024
2025-01-28,103.27000000000001
2025-01-29,79.57999999999998
2025-01-30,-48.75999999999999
2025-01-31,202.26999999999998
2025-02-01,-239.67999999999995
2025-02-02,58.299999999999955
2025-02-03,12.760000000000048
2025-02-04,66.19
2025-02-05,-167.16000000000003
2025-02-06,146.26
2025-02-07,-39.56
2025-02-08,245.95000000000005
2025-02-09,35.139999999999986
2025-02-10,-323.64000000000004
2025-02-11,-59.45999999999998
2025-02-12,54.39999999999998
2025-02-13,-48.589999999999975
2025-02-14,61.22000000000003
2025-02-15,-68.25000000000003
2025-02-16,65.25000000000003
2025-02-17,77.78999999999996
2025-02-18,-92.33999999999997
2025-02-19,61.129999999999995
2025-02-20,26.430000000000007
2025-02-21,7.699999999999989
2025-02-22,-172.47
2025-02-23,273.53999999999996
2025-02-24,-120.79000000000002
2025-02-25,-123.75999999999999
2025-02-26,43.03000000000003
2025-02-27,13.370000000000005
2025-02-28,56.68000000000001
2025-03-01,177.17999999999995
2025-03-02,-45.85999999999996
2025-03-03,-46.79000000000002
2025-03-04,17.779999999999973
2025-03-05,-56.22999999999996
2025-03-06,334.96
2025-03-07,-169.55999999999995
2025-03-08,127.42999999999995
2025-03-09,30.08000000000004
2025-03-10,-310.43000000000006
2025-03-11,300.25
2025-03-12,-270.53
2025-03-13,29.860000000000014
2025-03-14,-20.900000000000034
2025-03-15,52.14000000000004
2025-03-16,237.17999999999995
2025-03-17,-82.25
2025-03-18,-35.289999999999964
2025-03-19,-48.789999999999964
2025-03-20,-106.79000000000002
2025-03-21,-68.31
2025-03-22,97.70999999999998
2025-03-23,50.30000000000001
2025-03-24,-39.52000000000004
2025-03-25,-25.859999999999957
2025-03-26,-156.49
2025-03-27,-3.3799999999999955
2025-03-28,49.329999999999984
2025-03-29,-77.91000000000003
2025-03-30,327.62
2025-03-31,-185.98999999999995
2025-04-01,216.32
2025-04-02,-196.88
2025-04-03,-6.670000000000016
2025-04-04,111.51000000000005
2025-04-05,425.15999999999997
2025-04-06,-201.93000000000006
2025-04-07,-198.69999999999993
2025-04-08,-8.980000000000018
2025-04-09,24.090000000000032
2025-04-10,33.44999999999993
2025-04-11,210.27999999999997
2025-04-12,-244.31999999999994
2025-04-13,320.65999999999997
2025-04-14,-414.5
2025-04-15,-123.70999999999998
2025-04-16,133.85000000000002
2025-04-17,2.2199999999999704
2025-04-18,-90.53999999999996
2025-04-19,14.379999999999995
2025-04-20,94.66999999999996
2025-04-21,-118.57
2025-04-22,31.090000000000032
2025-04-23,-101.22000000000003
2025-04-24,82.07999999999998
2025-04-25,96.00999999999999
2025-04-26,-42.81999999999999
2025-04-27,191.36000000000007
2025-04-28,123.33999999999992
2025-04-29,-212.52999999999997
2025-04-30,-142.15999999999997
2025-05-01,457.72
2025-05-02,-298.47
2025-05-03,113.80999999999995
2025-05-04,-69.50999999999999
2025-05-05,-290.01
2025-05-06,207.18000000000006
2025-05-07,-125.65000000000003
2025-05-08,139.65000000000003
2025-05-09,-32.110000000000014
2025-05-10,140.70999999999992
2025-05-11,100.75
2025-05-12,-109.93999999999994
2025-05-13,-154.27999999999997
2025-05-14,263.81999999999994
2025-05-15,-307.77
2025-05-16,47.559999999999945
2025-05-17,65.04000000000008
2025-05-18,99.85000000000002
2025-05-19,-290.87000000000006
2025-05-20,18.120000000000005
2025-05-21,-89.21999999999997
2025-05-22,-35.79000000000002
2025-05-23,45.05000000000001
2025-05-24,-81.54000000000002
2025-05-25,106.61000000000001
2025-05-26,-60.129999999999995
2025-05-27,115.89999999999998
2025-05-28,-127.28999999999996
2025-05-29,57.75
2025-05-30,173.95999999999998
2025-05-31,-124.5
2025-06-01,513.12
2025-06-02,-457.59000000000003
2025-06-03,30.720000000000027
2025-06-04,-55.329999999999984
2025-06-05,-79.62
2025-06-06,11.139999999999986
2025-06-07,15.129999999999995
2025-06-08,253.52000000000004
2025-06-09,-291.72
2025-06-10,-55.24000000000001
2025-06-11,8.28000000000003
2025-06-12,202.73999999999995
2025-06-13,-214.59999999999997
2025-06-14,76.87
2025-06-15,187.65000000000003
2025-06-16,-193.96000000000004
2025-06-17,105.11000000000001
2025-06-18,31.559999999999945
2025-06-19,-161.57
2025-06-20,10.620000000000005
2025-06-21,-74.07999999999998
2025-06-22,211.04000000000002
2025-06-23,-233.59000000000003
2025-06-24,96.49000000000001
2025-06-25,16.470000000000027
2025-06-26,-102.80000000000001
2025-06-27,65.20999999999998
2025-06-28,80.15000000000003
2025-06-29,198.51
2025-06-30,-72.29000000000002
2025-07-01,-66.57999999999998
2025-07-02,-68.65000000000003
2025-07-03,374.09999999999997
2025-07-04,-118.38999999999999
2025-07-05,-279.86999999999995
2025-07-06,137.7
2025-07-07,-83.13
2025-07-08,-180.43
2025-07-09,44.25999999999999
2025-07-10,269.09999999999997
2025-07-11,-217.10999999999996
2025-07-12,33.870000000000005
2025-07-13,-8.45999999999998
2025-07-14,31.560000000000002
2025-07-15,194.32999999999998
2025-07-16,-105.55000000000001
2025-07-17,-23.279999999999973
2025-07-18,-16.630000000000052
2025-07-19,-23.21999999999997
2025-07-20,108.02000000000004
2025-07-21,-223.69000000000005
2025-07-22,-68.51999999999998
2025-07-23,12.829999999999984
2025-07-24,68.07999999999998
2025-07-25,-74.35999999999999
2025-07-26,-52.109999999999985
2025-07-27,46.46000000000001
2025-07-28,60.71000000000001
2025-07-29,-83.13000000000002
2025-07-30,74.78999999999999
2025-07-31,104.00999999999999
2025-08-01,185.12
2025-08-02,-161.76
2025-08-03,258.49
2025-08-04,-400.05
2025-08-05,-8.389999999999986
2025-08-06,-22.22999999999999
2025-08-07,51.27000000000001
2025-08-08,-40.680000000000035
2025-08-09,-49.72
2025-08-10,137.62
2025-08-11,-17.939999999999998
2025-08-12,-33.99000000000001
2025-08-13,-34.619999999999976
2025-08-14,-41.78
2025-08-15,123.57
2025-08-16,-48.50999999999999
2025-08-17,-32.46000000000001
2025-08-18,94.66
2025-08-19,-120.62
2025-08-20,-38.389999999999986
2025-08-21,-19.47
2025-08-22,-2.730000000000018
2025-08-23,69.12
2025-08-24,258.44000000000005
2025-08-25,-15.54000000000002
2025-08-26,-26.03000000000003
2025-08-27,-172.14999999999998
2025-08-28,10.120000000000005
2025-08-29,-29.349999999999994
2025-08-30,207.92
2025-08-31,-131.55
2025-09-01,-103.40999999999997
2025-09-02,265.37
2025-09-03,-303.26
2025-09-04,203.47
2025-09-05,212.54000000000002
2025-09-06,-291.87
2025-09-07,-7.8700000000000045
2025-09-08,17.74000000000001
2025-09-09,-75.82000000000002
2025-09-10,37.58000000000001
2025-09-11,30.829999999999984
2025-09-12,-43.389999999999986
2025-09-13,-53.670000000000016
2025-09-14,414.91999999999996
2025-09-15,-355.87999999999994
2025-09-16,-29.890000000000015
2025-09-17,156.14000000000001
2025-09-18,-115.68
2025-09-19,-80.14000000000001
2025-09-20,-16.619999999999976
2025-09-21,422.93999999999994
2025-09-22,-62.33999999999992
2025-09-23,-299.91
2025-09-24,107.74000000000001
2025-09-25,-165.26000000000002
2025-09-26,218.71
2025-09-27,-98.51999999999998
2025-09-28,223.26
2025-09-29,-251.62
2025-09-30,124.02999999999997
2025-10-01,-99.51999999999998
2025-10-02,131.79000000000002
2025-10-03,-132.12
2025-10-04,52.299999999999955
2025-10-05,187.95
2025-10-06,-220.60999999999996
2025-10-07,-100.63
2025-10-08,128.39999999999998
2025-10-09,37.73000000000002
2025-10-10,-77.15000000000003
2025-10-11,-84.20999999999998
2025-10-12,341.32
2025-10-13,-170.70999999999998
2025-10-14,43.5
2025-10-15,-284.53
2025-10-16,203.23
2025-10-17,187.91999999999996
2025-10-18,-246.68999999999994
2025-10-19,94.81
2025-10-20,-60.5
2025-10-21,-59.28000000000003
2025-10-22,210.58000000000004
2025-10-23,-263.75
2025-10-24,100.75000000000003
2025-10-25,-128.40000000000003
2025-10-26,284.92
2025-10-27,-97.54000000000002
2025-10-28,-117.06
2025-10-29,-8.789999999999964
2025-10-30,19.67999999999995
2025-10-31,159.74
2025-11-01,56.120000000000005
2025-11-02,-160.26
2025-11-03,-330.24
2025-11-04,280.31
2025-11-05,15.110000000000014
2025-11-06,15.930000000000007
2025-11-07,21.079999999999984
2025-11-08,260.52000000000004
2025-11-09,-103.98000000000002
2025-11-10,-20.75
2025-11-11,-140.74
2025-11-12,-108.4
2025-11-13,251.52
2025-11-14,-173.62
2025-11-15,-46.43000000000001
2025-11-16,147.7
2025-11-17,172.14
2025-11-18,41.629999999999995
2025-11-19,-390.80999999999995
2025-11-20,86.04999999999998
2025-11-21,-47.21999999999997
2025-11-22,-82.79000000000002
2025-11-23,171.95
2025-11-24,-155.48999999999998
2025-11-25,124.64000000000001
2025-11-26,-92.15
2025-11-27,103.08000000000001
2025-11-28,-11.410000000000025
2025-11-29,-155.01
2025-11-30,152.77999999999997
2025-12-01,-63.14999999999998
2025-12-02,34.389999999999986
2025-12-03,65.25
2025-12-04,162.59000000000003
2025-12-05,-284.0
2025-12-06,-122.48000000000002
2025-12-07,241.29000000000002
2025-12-08,128.32
2025-12-09,100.74000000000001
2025-12-10,-247.38
2025-12-11,187.85000000000002
2025-12-12,-169.19000000000005
2025-12-13,274.29999999999995
2025-12-14,-211.46999999999997
2025-12-15,-163.10999999999999
2025-12-16,3.960000000000008
2025-12-17,-28.069999999999993
2025-12-18,119.54000000000002
2025-12-19,-36.81
2025-12-20,-30.100000000000023
2025-12-21,264.30999999999995
2025-12-22,-309.2299999999999
2025-12-23,25.77000000000001
2025-12-24,-60.32000000000002
2025-12-25,-22.640000000000015
2025-12-26,332.44000000000005
2025-12-27,-232.35000000000002
2025-12-28,181.40999999999997
2025-12-29,-17.16999999999996
2025-12-30,-139.92000000000002
2025-12-31,1.829999999999984
