alpha,cv_mse,cv_std
1e-06,0.0065301247879050684,0.01292951191723889
1.0974987654930568e-06,0.00645639502616073,0.012782941070544925
1.204503540258781e-06,0.0063954294886597015,0.012661968751331076
1.3219411484660288e-06,0.006291988774684762,0.012456092022196557
1.4508287784959403e-06,0.006144660537423739,0.012162522596461637
1.592282793341094e-06,0.006051922917092591,0.01197826819274134
1.747528400007683e-06,0.005951938682844008,0.011779691082440018
1.917910261672489e-06,0.005841236629077437,0.011559790235345133
2.104904144512022e-06,0.005730188332610876,0.011339335320728052
2.310129700083158e-06,0.00560327466111945,0.01108723520314419
2.5353644939701112e-06,0.005477570711730733,0.010837536359319996
2.782559402207126e-06,0.005340132313758704,0.010564512798804791
3.0538555088334123e-06,0.005197185317586465,0.010280896585547724
3.3516026509388406e-06,0.004999319259362225,0.009887593266318152
3.6783797718286343e-06,0.004894710725024799,0.009680197075386603
4.037017258596558e-06,0.004696975106542013,0.009286926558985305
4.430621457583877e-06,0.004482481726026547,0.008860566024416958
4.862601580065354e-06,0.00424980724407615,0.008398037420739798
5.336699231206313e-06,0.004006495644638184,0.007914238609234204
5.857020818056673e-06,0.003756029259035322,0.0074160579870637365
6.4280731172843194e-06,0.003485674299792227,0.006878201714667215
7.0548023107186455e-06,0.0032084247446653924,0.006326687979548321
7.742636826811277e-06,0.0029276186750118844,0.005768483181853206
8.497534359086437e-06,0.00265338841224048,0.0052237072775906225
9.3260334688322e-06,0.002393138450928876,0.004707093847604275
1.023531021899027e-05,0.002124942841973795,0.004174606963760963
1.1233240329780266e-05,0.0018483492241146396,0.003625136179016704
1.2328467394420658e-05,0.0015782673067869953,0.0030890003305683784
1.3530477745798076e-05,0.0013376199018748807,0.00261170280351588
1.4849682622544636e-05,0.001143050894691449,0.002226352137616031
1.6297508346206434e-05,0.0009984932017110374,0.0019405637719364696
1.788649529057435e-05,0.0008862042596561954,0.0017183304691459574
1.9630406500402726e-05,0.000831290785550451,0.0016098432972272932
2.1544346900318867e-05,0.0007939134162101324,0.001536530354357575
2.3644894126454072e-05,0.0007502107266431512,0.0014505597558988844
2.5950242113997373e-05,0.0006979902179215643,0.0013474192875870992
2.8480358684358048e-05,0.0006454654880713015,0.0012436273341622614
3.1257158496882356e-05,0.0005904002396178877,0.0011347775513526068
3.4304692863149194e-05,0.0005318776820806083,0.0010189765667482824
3.7649358067924715e-05,0.00047033887098604007,0.0008970009582395348
4.1320124001153344e-05,0.00041222064401108397,0.0007818566608285982
4.534878508128582e-05,0.0003674521383482633,0.0006933842954753081
4.977023564332114e-05,0.0003424340667490714,0.0006443961793434989
5.462277217684337e-05,0.0003216144115732678,0.0006037770858271721
5.994842503189409e-05,0.0002963684174434396,0.0005541336581344782
6.579332246575683e-05,0.00026503709031643145,0.0004923175636495049
7.220809018385471e-05,0.00023589375275371357,0.00043485468373324025
7.924828983539186e-05,0.0002084585903041042,0.00038060380235121143
8.697490026177834e-05,0.00018072481339573306,0.0003258041288609336
9.545484566618347e-05,0.00015680299225914274,0.0002786471539390754
0.00010476157527896651,0.00013348552246085363,0.00023268928027595417
0.00011497569953977369,0.00011095408191240036,0.00018833737252692498
0.0001261856883066021,9.043483734221748e-05,0.00014801574773589665
0.00013848863713938732,7.280631548376577e-05,0.00011350876094058101
0.00015199110829529347,6.0750005018238184e-05,9.011688275867385e-05
0.0001668100537200059,5.033214936853576e-05,6.989357132485658e-05
0.00018307382802953696,4.6872857106184476e-05,6.348232490796075e-05
0.00020092330025650479,4.3290714256939625e-05,5.676925440514168e-05
0.00022051307399030456,4.145888446675112e-05,5.344368737486944e-05
0.00024201282647943835,4.017253857888831e-05,5.107497391445644e-05
0.00026560877829466864,3.7401178474507196e-05,4.5605211963138096e-05
0.00029150530628251786,3.534407215494436e-05,4.1550579030804065e-05
0.00031992671377973844,3.3567245321361355e-05,3.8046124816028445e-05
0.0003511191734215135,2.9168199031549677e-05,2.9307160451861184e-05
0.00038535285937105315,2.339274030413482e-05,1.791148055929121e-05
0.0004229242874389499,1.8992692681765544e-05,9.490891369956801e-06
0.0004641588833612782,1.6565562910323106e-05,5.40437740647572e-06
0.000509413801481638,1.635415254250601e-05,5.09471311843472e-06
0.0005590810182512228,1.6183408507068573e-05,4.87496471541936e-06
0.0006135907273413176,1.600917654700534e-05,4.676480299501666e-06
0.0006734150657750829,1.5892716383095656e-05,4.553085364208818e-06
0.0007390722033525783,1.5805098498513147e-05,4.467825822360286e-06
0.0008111308307896872,1.577146316731923e-05,4.436499382268611e-06
0.0008902150854450393,1.57711241805162e-05,4.43618773141687e-06
0.0009770099572992256,1.57711241805162e-05,4.43618773141687e-06
0.0010722672220103242,1.57711241805162e-05,4.43618773141687e-06
0.0011768119524349992,1.57711241805162e-05,4.43618773141687e-06
0.001291549665014884,1.57711241805162e-05,4.43618773141687e-06
0.0014174741629268063,1.57711241805162e-05,4.43618773141687e-06
0.0015556761439304723,1.57711241805162e-05,4.43618773141687e-06
0.0017073526474706922,1.57711241805162e-05,4.43618773141687e-06
0.001873817422860385,1.57711241805162e-05,4.43618773141687e-06
0.0020565123083486534,1.57711241805162e-05,4.43618773141687e-06
0.0022570197196339213,1.57711241805162e-05,4.43618773141687e-06
0.0024770763559917113,1.57711241805162e-05,4.43618773141687e-06
0.0027185882427329428,1.57711241805162e-05,4.43618773141687e-06
0.0029836472402833404,1.57711241805162e-05,4.43618773141687e-06
0.0032745491628777316,1.57711241805162e-05,4.43618773141687e-06
0.0035938136638046293,1.57711241805162e-05,4.43618773141687e-06
0.00394420605943766,1.57711241805162e-05,4.43618773141687e-06
0.004328761281083062,1.57711241805162e-05,4.43618773141687e-06
0.0047508101621027985,1.57711241805162e-05,4.43618773141687e-06
0.00521400828799969,1.57711241805162e-05,4.43618773141687e-06
0.00572236765935022,1.57711241805162e-05,4.43618773141687e-06
0.00628029144183426,1.57711241805162e-05,4.43618773141687e-06
0.006892612104349702,1.57711241805162e-05,4.43618773141687e-06
0.007564633275546291,1.57711241805162e-05,4.43618773141687e-06
0.008302175681319753,1.57711241805162e-05,4.43618773141687e-06
0.009111627561154896,1.57711241805162e-05,4.43618773141687e-06
0.01,1.57711241805162e-05,4.43618773141687e-06
