alpha,DGS2_diff,USEPUINDXD_diff,VIXCLS,trade_sum,sanctions_sum,fed_pressure_sum,trade_max,sanctions_max,fed_pressure_max,trade_sum_ma3,sanctions_sum_ma3,fed_pressure_sum_ma3,trade_sum_ma5,sanctions_sum_ma5,fed_pressure_sum_ma5,trade_sum_ma10,sanctions_sum_ma10,fed_pressure_sum_ma10
1e-06,-0.0005152699512595462,0.0002002353223529544,-0.000532645115242006,3.3177294004996785e-05,-0.00020947713177245106,-6.855565650968244e-05,0.0001263135876537841,0.00016037457369635078,9.984304316085821e-05,-0.0005962712133057443,0.00011260379572124197,0.00012693569416710385,0.0008542334503371682,-6.243734607584556e-05,2.2482689246143503e-05,-0.00044104907570858014,-0.00026182640362134137,-0.00020962339325663722
1.0722672220103232e-06,-0.0005152228509710618,0.00020018593469666113,-0.0005325900141283495,3.2938561915129595e-05,-0.00020821636275664352,-6.772193456890635e-05,0.00012620573520145725,0.00015929640371128246,9.926332690653513e-05,-0.0005951116477491354,0.00011189770383830441,0.0001264265497307468,0.0008529288652075678,-6.177804499443686e-05,2.2224476201148297e-05,-0.00044057789890425436,-0.0002619339367046083,-0.00020915495696405381
1.1497569953977357e-06,-0.0005151722853217157,0.00020013322365999394,-0.00053253051276677,3.267947246887579e-05,-0.00020687948223968846,-6.683990749258564e-05,0.00012608537547471725,0.00015815211108028128,9.864987331375251e-05,-0.0005938526333651638,0.00011114156806167903,0.00012589555450461402,0.0008515231772996948,-6.106927062719e-05,2.1937511366922094e-05,-0.0004400748960354157,-0.0002620500544041501,-0.00020865397814406807
1.232846739442066e-06,-0.0005151180697862508,0.00020007671545250165,-0.0005324667190953178,3.2401256281666154e-05,-0.0002054456023077778,-6.589408516052263e-05,0.000125956431340174,0.00015692480099372032,9.799207576858946e-05,-0.0005925021066859186,0.0001103307275354613,0.00012532636768008515,0.0008500157480226446,-6.030930148005198e-05,2.1629620048380033e-05,-0.0004395356475961513,-0.00026217454846149405,-0.00020811681130758147
1.3219411484660288e-06,-0.0005150600579216133,0.00020001592395338616,-0.0005323988206505709,3.210454285490848e-05,-0.00020388967809476189,-6.486729799479499e-05,0.00012582304247220273,0.00015559410228605718,9.727839552634125e-05,-0.0005910656378305759,0.00010945982284997018,0.00012470050067686577,0.0008484030079827736,-5.9496287616602776e-05,2.1309825220419774e-05,-0.0004389546637078944,-0.0002623072081429254,-0.00020753969035483782
1.4174741629268049e-06,-0.0005149977112022909,0.00019995094335757138,-0.0005323254636078947,3.17848934047951e-05,-0.00020224133528484202,-6.3779819883407e-05,0.0001256748370581554,0.00015418323595530384,9.652201091859541e-05,-0.0005895137036123514,0.00010852759576064382,0.0001240461090628133,0.0008466705216599364,-5.8622527713485786e-05,2.0955837408459766e-05,-0.0004383347756306621,-0.00026245032665639736,-0.00020692204719441253
1.519911082952933e-06,-0.000514930694593042,0.00019988111025711865,-0.0005322466980596649,3.144577764616761e-05,-0.0002004762245649387,-6.261392789079009e-05,0.0001255162020049968,0.00015267249060179862,9.570997542477067e-05,-0.0005878608460168247,0.00010752850095984952,0.00012334447500210124,0.0008448214904888933,-5.768600134349636e-05,2.057740237066507e-05,-0.00043767119388695927,-0.00026260344498428394,-0.00020625972022319302
1.6297508346206435e-06,-0.0005148589340667154,0.0001998059950255767,-0.0005321628204154195,3.1083725689111776e-05,-0.0001985607066151812,-6.134993110740981e-05,0.0001253516698922019,0.00015103421125014198,9.482968263921861e-05,-0.0005861020256808962,0.00010645524955109918,0.0001225756048336598,0.0008428438737006309,-5.6684093795693876e-05,2.0183171131594464e-05,-0.00043695695179996573,-0.00026276647839012433,-0.00020554861314419132
1.747528400007683e-06,-0.0005147820415821669,0.00019972585554659284,-0.0005320723570660848,3.0690395060033894e-05,-0.00019652929412033668,-6.000937033009565e-05,0.00012516891356616412,0.00014929546555234128,9.389708715482235e-05,-0.0005841906507406527,0.00010530607374095055,0.00012176888723463643,0.0008407093876913861,-5.560690297344092e-05,1.9746909094145886e-05,-0.0004361928751256748,-0.0002629428870863757,-0.00020478712633700087
1.873817422860383e-06,-0.0005146996822677597,0.00019963999200418674,-0.0005319754059831804,3.0267320992290474e-05,-0.00019435046566246929,-5.8571861395314614e-05,0.00012497258210120268,0.00014743049142000093,9.289766717274265e-05,-0.0005821356486763133,0.00010407368606706731,0.00012090335859068706,0.0008384158634379741,-5.44515982790763e-05,1.927889500359179e-05,-0.0004353726943023284,-0.0002631322792577046,-0.0002039705904641278
2.0092330025650458e-06,-0.0005146113710744938,0.00019954792334209937,-0.0005318714485148432,2.9813672536966707e-05,-0.0001920141793247147,-5.7030467683202815e-05,0.00012476206230667666,0.0001454307407879954,9.182602188493779e-05,-0.0005799321373215574,0.00010275223715955208,0.00011997528059606815,0.0008359565925581532,-5.3212802923873146e-05,1.877705883485205e-05,-0.0004344932412893326,-0.00026333535827512686,-0.00020309504581204904
2.1544346900318822e-06,-0.0005145166626672523,0.00019944882181807346,-0.0005317605734436903,2.9331419417731707e-05,-0.0001894833402399739,-5.5362454187461935e-05,0.00012454268202911507,0.0001432658388157013,9.066541479061998e-05,-0.0005775918911304162,0.00010133319215278683,0.00011896195648385175,0.000833331054455295,-5.188740328242744e-05,1.825286685396444e-05,-0.00043354794634870887,-0.0002635514703921482,-0.00020215543744607573
2.310129700083158e-06,-0.000514414809532742,0.00019934269851520095,-0.0005316408490376161,2.8815663281373274e-05,-0.00018680084061182094,-5.359066717028753e-05,0.00012430147106537638,0.00014096988722262776,8.94314406238808e-05,-0.0005750786817298279,9.98146368008374e-05,0.00011789601789903882,0.0008305201179854222,-5.0463876843394986e-05,1.7677203799281443e-05,-0.0004325394209423758,-0.0002637842425857723,-0.00020114874615789034
2.477076355991709e-06,-0.0005143057904789318,0.0001992287206292757,-0.0005315133244611137,2.826106020238326e-05,-0.000183889074564997,-5.16738905352694e-05,0.00012404967956020215,0.00013847914224746684,8.809668913343356e-05,-0.0005723915594130163,9.818276299454598e-05,0.0001167339961331581,0.0008275064087649237,-4.894039136411336e-05,1.7073431097934207e-05,-0.00043145431669407684,-0.000264032256553612,-0.00020006893763117498
2.656087782946684e-06,-0.000514189155738033,0.00019910712079831028,-0.0005313759629623999,2.765877534250461e-05,-0.00018079943612075674,-4.963582611006027e-05,0.00012377145829314544,0.0001358345645041529,8.668053453986619e-05,-0.0005694716296887355,9.643556758563139e-05,0.00011550713155768471,0.0008242502135757597,-4.7302513629090705e-05,1.640896851245247e-05,-0.00043029122550476,-0.0002643009569755962,-0.00019891136560080174
2.848035868435805e-06,-0.000514063932580403,0.00019897656949211122,-0.0005312285586344475,2.7017030820386925e-05,-0.00017748947842004977,-4.745099860695778e-05,0.00012347304865874904,0.00013300142028781616,8.516131156995483e-05,-0.0005663516250916015,9.456268862917164e-05,0.00011419153286116516,0.0008207667078901225,-4.554655243952982e-05,1.5697813934174494e-05,-0.0004290448818960137,-0.0002645887930725516,-0.00019767013902691056
3.0538555088334123e-06,-0.0005139295782917312,0.00019883610580767483,-0.0005310712828120981,2.633320042285495e-05,-0.00017390282930868407,-4.509028341574204e-05,0.00012316087262111508,0.00012993310763105854,8.351778123443835e-05,-0.0005630327656515413,9.255097379619421e-05,0.00011276058206039627,0.0008170459722746035,-4.3667609025722114e-05,1.4952166080388213e-05,-0.0004277062057932942,-0.000264894958743248,-0.0001963391147115846
3.2745491628777315e-06,-0.0005137852115874284,0.0001986856757772092,-0.0005309015390340328,2.5602789556550548e-05,-0.00017010250771019414,-4.2579494863144556e-05,0.0001228183439403952,0.00012668033862756279,8.176923950495796e-05,-0.000559469756760742,9.039865299974916e-05,0.00011124980679636464,0.0008130605211471634,-4.164950762499035e-05,1.4135936933500288e-05,-0.0004262762922485064,-0.00026522508149438774,-0.00019491205807979452
3.5111917342151275e-06,-0.0005136307687292634,0.0001985247057204762,-0.0005307197741239618,2.481172745680262e-05,-0.00016602210522820526,-3.9885908797366864e-05,0.00012245097945075547,0.00012318780723358014,7.989587272284891e-05,-0.0005556263116452009,8.808968641203351e-05,0.00010962895545915118,0.0008087693157942822,-3.9484839540591516e-05,1.3258516669713123e-05,-0.0004247407718611846,-0.00026557977356495997,-0.00019338172361984624
3.764935806792471e-06,-0.0005134655372051856,0.00019835196097770422,-0.0005305260488404247,2.3959688465694287e-05,-0.00016159814376797544,-3.697727904378437e-05,0.00012206416670407489,0.0001194028340218226,7.787373226117179e-05,-0.0005515034971409197,8.560847451529974e-05,0.00010786715213622032,0.0008041584397773357,-3.7166839396309536e-05,1.2334486498551116e-05,-0.00042308763142917067,-0.0002659583689805594,-0.00019174092550418252
4.037017258596558e-06,-0.000513287574858637,0.00019816650712957954,-0.0005303167680911442,2.305949424581629e-05,-0.00015691425700683462,-3.388184409441214e-05,0.00012164166622619927,0.00011539379107190348,7.571825063706672e-05,-0.0005471104396505249,8.295515191054372e-05,0.00010600417290626144,0.0007992441747166671,-3.467866635908475e-05,1.132820919636033e-05,-0.00042132445169865325,-0.00026636549865123257,-0.0001899814033401188
4.328761281083061e-06,-0.0005130971415198547,0.00019796756364944118,-0.0005300937135172118,2.2087172129672387e-05,-0.00015183277889441218,-3.0540927145565876e-05,0.0001211968214850372,0.00011104621230981204,7.339227698519394e-05,-0.000542393691759577,8.010320928193906e-05,0.00010398342104506238,0.0007939632002040583,-3.201433569716552e-05,1.0265971986139581e-05,-0.00041942754116189697,-0.00026679980973061504,-0.00018809554291785555
4.641588833612782e-06,-0.0005128930848206271,0.00019775481112495859,-0.0005298534232692858,2.104182841244163e-05,-0.00014644205685419433,-2.6980524214227486e-05,0.00012070999189198639,0.00010643201899502662,7.091695137303718e-05,-0.0005373080577927337,7.705122258358292e-05,0.00010183930527056512,0.0007882847089101915,-2.915208909863302e-05,9.106186903395613e-06,-0.00041739598804855897,-0.00026726923632257695,-0.00018607216265906167
4.977023564332114e-06,-0.0005126737436408872,0.00019752621929646394,-0.0005295954380931178,1.9931153266685492e-05,-0.00014066758871032395,-2.316371803824052e-05,0.00012018918575038392,0.00010148956756494193,6.825965235652528e-05,-0.0005318892785070451,7.377998890618732e-05,9.954194801825666e-05,0.0007822236937887833,-2.608433659681812e-05,7.865215463682412e-06,-0.0004152218424675687,-0.00026777135191527853,-0.00018390263279389668
5.336699231206313e-06,-0.0005124385517769507,0.000197281109368104,-0.0005293188126129048,1.8740129097363086e-05,-0.00013447564123486477,-1.9071041926319954e-05,0.00011963078530850017,9.618979342999904e-05,6.541028758207102e-05,-0.0005260788503510515,7.027233406459307e-05,9.70785702221769e-05,0.000775724680436965,-2.279490600604347e-05,6.534565017432944e-06,-0.0004128906009736354,-0.00026830974271038033,-0.00018157632798762986
5.72236765935022e-06,-0.0005121865126818112,0.00019701840565062393,-0.0005290222881738013,1.7460465414759563e-05,-0.00012783468990437352,-1.4682150504372404e-05,0.00011903171110291317,9.050567074043928e-05,6.235573808167322e-05,-0.0005198394612566449,6.651084295525474e-05,9.443635105076527e-05,0.0007687484066384985,-1.9267373384535988e-05,5.10722226328626e-06,-0.0004103896158821701,-0.0002688873949079239,-0.00017908181639692903
6.1359072734131755e-06,-0.0005119161248936343,0.00019673653502825204,-0.0005287042305547026,1.6093129629969123e-05,-0.00012071739699701015,-9.975992440322812e-06,0.00011838918574730866,8.441388147227642e-05,5.907951005309073e-05,-0.0005131607273392112,6.247825124230317e-05,9.160156377073239e-05,0.0007612753887647213,-1.5485135561320753e-05,3.5789699882283282e-06,-0.00040770806485191833,-0.00026950661171273687,-0.0001764068405557855
6.579332246575683e-06,-0.0005116261865432672,0.00019643428459585965,-0.0005283631808591276,1.4627209654341687e-05,-0.00011308590797938174,-4.929751068456039e-06,0.00011770024023638524,7.78819882706466e-05,5.5566459887659173e-05,-0.0005060000354496556,5.815426602875109e-05,8.856192546943275e-05,0.0007532628530293974,-1.1429587866045182e-05,1.940341157756304e-06,-0.00040483279447252015,-0.0002701705565083368,-0.0001735385491980811
7.0548023107186455e-06,-0.0005113089919069302,0.00019610450334083915,-0.0005280009365481265,1.3162669903100874e-05,-0.00010486699982893988,-0.0,0.00011690572149504678,7.083470565697759e-05,5.2125385489884954e-05,-0.000498367464181898,5.349963396831183e-05,8.542741816657393e-05,0.000744626792647854,-7.055891539319071e-06,2.23987476945805e-07,-0.00040170007966475126,-0.00027088643453151447,-0.00017050333317965202
7.564633275546291e-06,-0.0005108860627613292,0.00019568870466741558,-0.0005276334245848812,1.2474307999064527e-05,-9.641508223455248e-05,-0.0,0.00011566179943498445,6.3443780980435e-05,5.213040462065104e-05,-0.0004906589244520807,4.84323229431568e-05,8.283306925484938e-05,0.0007350325760218248,-2.174907536995504e-06,0.0,-0.00039790054386200363,-0.00027167905131728374,-0.00016830799520972474
8.111308307896873e-06,-0.0005104179531583575,0.00019522466643090002,-0.0005272731244579876,1.1589829857158386e-05,-8.730524481171785e-05,-0.0,0.00011437487223651746,5.55499255157523e-05,5.2050158348013905e-05,-0.00048254455685050853,4.464883873394408e-05,8.008697765928439e-05,0.0007254890242361992,-0.0,0.0,-0.00039433579733949917,-0.00027124154794056496,-0.00016611506667878862
8.697490026177835e-06,-0.0005099026675967602,0.00019471260843708206,-0.0005269111246365147,1.0538241512758797e-05,-7.749413318136634e-05,-0.0,0.00011306218502859898,4.710511508175035e-05,5.187250033657124e-05,-0.0004741582270307825,4.185395915703627e-05,7.731134497199199e-05,0.000716054715017396,-0.0,0.0,-0.0003909769430112334,-0.0002697901378481461,-0.00016381241570654202
9.3260334688322e-06,-0.0005093499786228581,0.00019416324690613894,-0.0005265215865253285,9.429442980289961e-06,-6.704528198077114e-05,-0.0,0.00011164864383489836,3.81100145480596e-05,5.168325824786763e-05,-0.0004651983512744672,3.886934913512889e-05,7.433140627752558e-05,0.0007059592802697684,-0.0,0.0,-0.0003873771026225017,-0.0002682357073825144,-0.0001613401512626503
1e-05,-0.0005087573409331899,0.0001935741726090883,-0.0005261039036971311,8.240710246584963e-06,-5.584132826128036e-05,-0.0,0.00011013308443305249,2.846490719197115e-05,5.148037496714807e-05,-0.00045559169119634905,3.566904609549661e-05,7.113593758450018e-05,0.0006951347620090246,-0.0,0.0,-0.00038351718773172626,-0.00026656894443700686,-0.00015868905979728222
1.072267222010323e-05,-0.0005081218624555159,0.00019294250900078107,-0.0005256560279121426,6.96653334107025e-06,-4.3828447615456766e-05,-0.0,0.00010850811828193852,1.8123456747503774e-05,5.1262864166377784e-05,-0.0004452921586754985,3.223758486895852e-05,6.770930661739532e-05,0.0006835289180051618,-0.0,0.0,-0.00037937844907453677,-0.0002647817461899962,-0.00015584614849577236
1.1497569953977357e-05,-0.0005074407646198899,0.00019226555541109792,-0.0005251764457184922,5.587042300867107e-06,-3.090701620121721e-05,-0.0,0.00010676417128002727,6.999687237445612e-06,5.102901524586615e-05,-0.0004342068066836094,2.8551680574115413e-05,6.403944931603814e-05,0.0006710532975275056,-0.0,0.0,-0.0003749360043816493,-0.00026286455210034084,-0.00015280266301795028
1.2328467394420658e-05,-0.0005067284602294323,0.00019155457866925585,-0.0005245651914884238,4.052801501897562e-06,-2.167814499557028e-05,-0.0,0.00010488859517147421,0.0,5.099747912327169e-05,-0.00042251929313448175,2.4721997543478958e-05,5.993100341923866e-05,0.0006578878652306793,-0.0,0.0,-0.000370238237238015,-0.0002608922825378671,-0.0001496017162881562
1.3219411484660286e-05,-0.0005059921686050156,0.00019081452754074794,-0.0005237659088415444,2.19656528644129e-06,-1.8603154668044653e-05,0.0,0.00010300235627789423,0.0,5.1303832165502244e-05,-0.00041033825826030556,2.0647806683989553e-05,5.523436696127575e-05,0.0006441673951006866,-0.0,0.0,-0.0003653285805712433,-0.0002588880609862262,-0.0001462499897626443
1.4174741629268048e-05,-0.0005052025475619979,0.00019002060931641205,-0.0005229088319633816,2.1423062689149482e-07,-1.530511105617205e-05,0.0,0.00010097626393225197,0.0,5.16330505721072e-05,-0.00039727429737349554,1.6279089125899587e-05,5.019484897177536e-05,0.0006294466022124212,-0.0,0.0,-0.0003600615168554236,-0.0002567390566649986,-0.00014265374690900114
1.5199110829529332e-05,-0.0005043325941859821,0.00018911673943316216,-0.0005219631171218886,0.0,-1.1813203739412838e-05,0.0,9.764988742215539e-05,0.0,5.171776083067267e-05,-0.0003840109122368827,1.1654539449606516e-05,4.4839053694836773e-05,0.0006136246163285123,-0.0,0.0,-0.00035428614459176807,-0.0002543697313464049,-0.00013867051318751015
1.6297508346206434e-05,-0.0005033973653314377,0.00018814183739885237,-0.0005209460125559789,0.0,-8.078261361035492e-06,0.0,9.393706048520077e-05,0.0,5.177566520102885e-05,-0.00036987336858907674,6.705712891034869e-06,3.910550892505097e-05,0.0005966579872805865,-0.0,0.0,-0.0003480808056718313,-0.0002518215065810217,-0.00013438678619214704
1.747528400007683e-05,-0.0005023945442903847,0.0001870964792275639,-0.0005198554111386219,0.0,-4.073420872459201e-06,0.0,8.995617942924485e-05,0.0,5.1837755695460586e-05,-0.00035471504514741095,1.3992670361151994e-06,3.295754079981508e-05,0.0005784659842573003,0.0,0.0,-0.00034142714140157865,-0.00024908913148774384,-0.00012979337884552118
1.873817422860383e-05,-0.0005014778979243607,0.00018592475996874136,-0.0005187054560118134,0.0,-1.5746531571598806e-06,0.0,8.592853378550696e-05,0.0,5.194019876399394e-05,-0.0003394851656838558,0.0,2.5991212598993954e-05,0.0005587160424479321,0.0,0.0,-0.00033345074149979717,-0.00024826473102462646,-0.00012452292488744822
2.0092330025650458e-05,-0.0005005305210481739,0.00018465983722311833,-0.0005174857944448822,0.0,-0.0,0.0,8.176268622283261e-05,0.0,5.207412314732394e-05,-0.00032350995973536473,0.0,1.8436698245424378e-05,0.0005375231473199077,0.0,0.0,-0.0003246897069031186,-0.0002479669867225361,-0.00011876929235199721
2.1544346900318867e-05,-0.0004994445317436058,0.00018333637723684602,-0.000516201511360908,0.0,-0.0,0.0,7.754213250448174e-05,0.0,5.225986776938015e-05,-0.0003063713877052588,0.0,1.0495820954702034e-05,0.0005150325906742688,0.0,0.0,-0.0003155910024572123,-0.0002471169656217955,-0.00011266307904963232
2.310129700083158e-05,-0.0004982800590666304,0.0001819172732279346,-0.0005148244232876684,0.0,-0.0,0.0,7.301668447839044e-05,0.0,5.245907270326835e-05,-0.000287994613928114,0.0,1.9809815052709484e-06,0.0004909170185129895,0.0,0.0,-0.00030583483706777653,-0.00024620551552717725,-0.00010611550594344263
2.477076355991714e-05,-0.0004967736001321065,0.000180343495214105,-0.0005129512156539158,0.0,-0.0,0.0,6.870504985033652e-05,0.0,5.053049980452402e-05,-0.0002704666397159408,0.0,0.0,0.0004663734100665228,0.0,0.0,-0.00029497570188426956,-0.00024510477953976727,-0.0001035459309172353
2.656087782946684e-05,-0.0004950823499402594,0.00017864079862165103,-0.0005108245319288717,0.0,-0.0,0.0,6.422719855799454e-05,0.0,4.782587205932465e-05,-0.00025225991528940553,0.0,0.0,0.0004403897004722094,0.0,0.0,-0.0002831989125817051,-0.00024388825937411078,-0.00010211677061179381
2.8480358684358048e-05,-0.0004932684628175076,0.00017681490764676525,-0.0005085442325008106,0.0,-0.0,0.0,5.943833365357015e-05,0.0,4.4924352550700126e-05,-0.00023278157804780867,0.0,0.0,0.00041256495496600875,-0.0,0.0,-0.0002705759857641648,-0.00024258356566075447,-0.00010058140257212182
3.053855508833412e-05,-0.0004913234808953327,0.00017485706094467777,-0.0005060991440988413,0.0,-0.0,0.0,5.430369772626949e-05,0.0,4.181311254233143e-05,-0.00021189668570350073,0.0,0.0,0.00038273031019150753,-0.0,0.0,-0.00025704096442076714,-0.00024118457876054052,-9.89350051783722e-05
3.274549162877732e-05,-0.0004892379333508867,0.00017275772352292416,-0.0005034773573152477,0.0,-0.0,0.0,4.879821151756612e-05,0.0,3.847700670742337e-05,-0.00018950326686562624,0.0,0.0,0.0003507402445798162,-0.0,0.0,-0.00024252789609332967,-0.00023968448631207654,-9.716957616742466e-05
3.511191734215127e-05,-0.0004870020178422724,0.0001705067951323667,-0.0005006660388896173,0.0,-0.0,0.0,4.2884288613098255e-05,0.0,3.490101772743753e-05,-0.0001654544324843789,0.0,0.0,0.0003164074310344061,-0.0,0.0,-0.0002269618342872354,-0.0002380762047163018,-9.527902551369553e-05
3.7649358067924715e-05,-0.00048460410687001536,0.0001680930538734951,-0.0004976516280270263,0.0,-0.0,0.0,3.6555471450244815e-05,0.0,3.106517470670071e-05,-0.00013971149592634244,0.0,0.0,0.00027963000802755535,-0.0,0.0,-0.00021027578957235902,-0.00023635143904541497,-9.324894227359496e-05
4.037017258596558e-05,-0.00048203324405702246,0.00016550499706348705,-0.000494419313365624,0.0,-0.0,0.0,2.975903166092387e-05,0.0,2.6953298937627135e-05,-0.00011207216845994092,0.0,0.0,0.00024016475947953215,-0.0,0.0,-0.00019237982961589078,-0.0002345022415719241,-9.107453995195209e-05
4.328761281083062e-05,-0.00047927648347581076,0.00016272987099661665,-0.0004909534270253654,0.0,-0.0,0.0,2.2474743847921533e-05,0.0,2.25438955035677e-05,-8.244696047039911e-05,0.0,0.0,0.00019785701362068963,-0.0,0.0,-0.0001731918300027898,-0.00023251934108955158,-8.874223624995638e-05
4.641588833612782e-05,-0.00047632026679313985,0.00015975411384483332,-0.0004872371107422056,0.0,-0.0,0.0,1.4671134159159817e-05,0.0,1.7815036423548562e-05,-5.070552421566374e-05,0.0,0.0,0.0001525122407057403,-0.0,0.0,-0.00015261984334072296,-0.0002303929992964144,-8.623974903890787e-05
4.977023564332114e-05,-0.00047315086794814026,0.000156563476574624,-0.00048325213168065915,0.0,-0.0,0.0,6.2901267147921895e-06,0.0,1.274606017670739e-05,-1.662133924254031e-05,0.0,0.0,0.00010384856863056967,-0.0,0.0,-0.00013055480839934894,-0.00022811330385812405,-8.355969034083074e-05
5.3366992312063123e-05,-0.0004697180627418877,0.0001531780413789073,-0.00047899498813069386,0.0,-0.0,0.0,1.8050776783311924e-06,0.0,6.698785736368037e-06,-0.0,0.0,0.0,6.698151270432687e-05,-0.0,0.0,-0.00010740067229771267,-0.00022549057801926715,-7.94368642499761e-05
5.72236765935022e-05,-0.00046598081872294204,0.00014957393524260996,-0.0004744278249521292,0.0,-0.0,0.0,8.242771756462362e-07,0.0,0.0,-0.0,0.0,0.0,4.1678211794310425e-05,-0.0,0.0,-8.341703828956175e-05,-0.00022248447358302542,-7.407935694729341e-05
6.135907273413175e-05,-0.00046150485561307155,0.00014572300746744612,-0.00046906745609713254,0.0,-0.0,0.0,0.0,0.0,0.0,-0.0,0.0,0.0,1.364695695683043e-05,-0.0,0.0,-5.7220190926506035e-05,-0.00021875447022895336,-7.242880361544383e-05
6.579332246575683e-05,-0.0004561730692761883,0.0001411537617558387,-0.00046342163613794375,0.0,-0.0,0.0,0.0,0.0,0.0,-0.0,-0.0,-0.0,0.0,-0.0,-0.0,-4.354360457439053e-05,-0.0002147275488127254,-7.067176448763823e-05
7.054802310718646e-05,-0.0004500307393588277,0.00013589622563990033,-0.00045745717169210274,0.0,-0.0,0.0,0.0,0.0,0.0,-0.0,-0.0,-0.0,0.0,-0.0,-0.0,-4.1434858463921365e-05,-0.00021035132460937858,-6.877047338377442e-05
7.56463327554629e-05,-0.00044344494647348854,0.00013025896990513511,-0.00045106204141054645,0.0,-0.0,0.0,0.0,-0.0,0.0,-0.0,-0.0,-0.0,0.0,-0.0,-0.0,-3.91710234938135e-05,-0.00020565858639434907,-6.673297661334083e-05
8.111308307896872e-05,-0.00043638203654172106,0.0001242136975275911,-0.0004442037581609677,0.0,-0.0,0.0,0.0,-0.0,0.0,-0.0,-0.0,-0.0,0.0,-0.0,-0.0,-3.675183729655274e-05,-0.00020062747789091777,-6.454455045008479e-05
8.697490026177834e-05,-0.0004288104244677239,0.00011773241391687502,-0.0004368511613703612,0.0,-0.0,0.0,0.0,-0.0,0.0,-0.0,-0.0,-0.0,0.0,-0.0,-0.0,-3.414979577678395e-05,-0.00019523211160557888,-6.220148600185952e-05
9.326033468832199e-05,-0.0004206916139228325,0.00011078273815542582,-0.00042896720120374273,0.0,-0.0,0.0,0.0,-0.0,0.0,-0.0,-0.0,-0.0,0.0,-0.0,-0.0,-3.1359667194050925e-05,-0.0001894468288251264,-5.968911860903875e-05
0.0001,-0.0004119860857947178,0.00010333083202870374,-0.00042051349390562876,0.0,-0.0,0.0,0.0,-0.0,0.0,-0.0,-0.0,-0.0,0.0,-0.0,-0.0,-2.8367862006866248e-05,-0.00018324345547121663,-5.6995208209964954e-05
0.00010722672220103231,-0.0004026514337929817,9.534039746709013e-05,-0.00041144886079528897,0.0,-0.0,0.0,0.0,-0.0,0.0,-0.0,-0.0,-0.0,0.0,-0.0,-0.0,-2.515985372595588e-05,-0.0001765917823571255,-5.410661335253782e-05
0.00011497569953977356,-0.00039264219242264695,8.67725163970533e-05,-0.0004017291518315223,0.0,-0.0,0.0,0.0,-0.0,0.0,-0.0,-0.0,-0.0,0.0,-0.0,-0.0,-2.1720011598398076e-05,-0.00016945941130535805,-5.1009267769251256e-05
0.0001232846739442066,-0.0003819096109840472,7.75854583635701e-05,-0.00039130702650219505,0.0,-0.0,0.0,0.0,-0.0,0.0,-0.0,-0.0,-0.0,0.0,-0.0,-0.0,-1.8031581636127456e-05,-0.00016181160361133267,-4.768808562505438e-05
0.00013219411484660288,-0.00037040141569988046,6.773447716755963e-05,-0.000380131723127874,0.0,-0.0,-0.0,0.0,-0.0,0.0,-0.0,-0.0,-0.0,0.0,-0.0,-0.0,-1.4076599086903948e-05,-0.0001536111101007907,-4.412689087350634e-05
0.00014174741629268049,-0.0003580615551121744,5.717159292643742e-05,-0.00036814881162356827,0.0,-0.0,-0.0,0.0,-0.0,0.0,-0.0,-0.0,-0.0,0.0,-0.0,-0.0,-9.835800935748744e-06,-0.00014481798970512834,-4.030833847022627e-05
0.0001519911082952933,-0.00034482993450372386,4.584536229475339e-05,-0.0003552999345998543,0.0,-0.0,-0.0,0.0,-0.0,0.0,-0.0,-0.0,-0.0,-0.0,-0.0,-0.0,-5.288483852075285e-06,-0.0001353894105408477,-3.6213851350619966e-05
0.0001629750834620645,-0.00033064210802125716,3.3700619897921195e-05,-0.00034152251041087646,0.0,-0.0,-0.0,0.0,-0.0,0.0,-0.0,-0.0,-0.0,-0.0,-0.0,-0.0,-4.125029170416454e-07,-0.00012527945036765057,-3.182348563211141e-05
0.00017475284000076848,-0.00031537202549712824,2.065835155457395e-05,-0.00032653376507204895,0.0,-0.0,-0.0,0.0,-0.0,0.0,-0.0,-0.0,-0.0,-0.0,-0.0,-0.0,-0.0,-0.00011356366550323645,-2.5087419671203343e-05
0.0001873817422860385,-0.00029899091551150564,6.670678703123817e-06,-0.00031044066036539994,0.0,-0.0,-0.0,0.0,-0.0,0.0,-0.0,-0.0,-0.0,-0.0,-0.0,-0.0,-0.0,-0.00010092150778850839,-1.7678402931035853e-05
0.00020092330025650479,-0.0002815855642468859,0.0,-0.00029400322574104514,0.0,-0.0,-0.0,0.0,-0.0,0.0,-0.0,-0.0,-0.0,-0.0,-0.0,-0.0,-0.0,-8.73431488607636e-05,-9.594533730963184e-06
0.00021544346900318845,-0.00026305786389934597,0.0,-0.0002770803710703651,0.0,-0.0,-0.0,0.0,-0.0,-0.0,-0.0,-0.0,-0.0,-0.0,-0.0,-0.0,-0.0,-7.276389957161649e-05,-8.0685189526258e-07
0.00023101297000831605,-0.00024314352598553768,0.0,-0.0002564499856104602,0.0,-0.0,-0.0,0.0,-0.0,-0.0,-0.0,-0.0,-0.0,-0.0,-0.0,-0.0,-0.0,-5.5737202962544685e-05,-0.0
0.0002477076355991711,-0.00022178188056081849,0.0,-0.00023407694987236704,0.0,-0.0,-0.0,0.0,-0.0,-0.0,-0.0,-0.0,-0.0,-0.0,-0.0,-0.0,-0.0,-3.733931632552399e-05,-0.0
0.00026560877829466864,-0.0001988764883636853,0.0,-0.00021008707699354454,0.0,-0.0,-0.0,0.0,-0.0,-0.0,-0.0,-0.0,-0.0,-0.0,-0.0,-0.0,-0.0,-1.761186553038502e-05,-0.0
0.0002848035868435802,-0.00017438845526529078,0.0,-0.00018463081368317908,0.0,-0.0,-0.0,0.0,-0.0,-0.0,-0.0,-0.0,-0.0,-0.0,-0.0,-0.0,-0.0,-0.0,-0.0
0.0003053855508833416,-0.0001485178315351193,0.0,-0.0001587601771195168,0.0,-0.0,-0.0,0.0,-0.0,-0.0,-0.0,-0.0,-0.0,-0.0,-0.0,-0.0,-0.0,-0.0,-0.0
0.00032745491628777284,-0.00012077760969629412,0.0,-0.0001310199415197599,0.0,-0.0,-0.0,0.0,-0.0,-0.0,-0.0,-0.0,-0.0,-0.0,-0.0,-0.0,-0.0,-0.0,-0.0
0.0003511191734215131,-9.10326790872267e-05,0.0,-0.0001012749961552967,0.0,-0.0,-0.0,0.0,-0.0,-0.0,-0.0,-0.0,-0.0,-0.0,-0.0,-0.0,-0.0,-0.0,-0.0
0.00037649358067924675,-5.91381649741523e-05,0.0,-6.938046622049487e-05,0.0,-0.0,-0.0,0.0,-0.0,-0.0,-0.0,-0.0,-0.0,-0.0,-0.0,-0.0,-0.0,-0.0,-0.0
0.0004037017258596554,-2.4938722928756904e-05,0.0,-3.5181007209979766e-05,0.0,0.0,0.0,0.0,0.0,0.0,-0.0,-0.0,0.0,0.0,-0.0,-0.0,-0.0,-0.0,-0.0
0.0004328761281083057,0.0,0.0,0.0,0.0,0.0,0.0,0.0,0.0,0.0,0.0,0.0,0.0,0.0,0.0,0.0,0.0,0.0,0.0
0.0004641588833612782,0.0,0.0,0.0,0.0,0.0,0.0,0.0,0.0,0.0,0.0,0.0,0.0,0.0,0.0,0.0,0.0,0.0,0.0
0.0004977023564332114,0.0,0.0,0.0,0.0,0.0,0.0,0.0,0.0,0.0,0.0,0.0,0.0,0.0,0.0,0.0,0.0,0.0,0.0
0.0005336699231206312,0.0,0.0,0.0,0.0,0.0,0.0,0.0,0.0,0.0,0.0,0.0,0.0,0.0,0.0,0.0,0.0,0.0,0.0
0.0005722367659350221,0.0,0.0,0.0,0.0,0.0,0.0,0.0,0.0,0.0,0.0,0.0,0.0,0.0,0.0,0.0,0.0,0.0,0.0
0.0006135907273413176,0.0,0.0,0.0,0.0,0.0,0.0,0.0,0.0,0.0,0.0,0.0,0.0,0.0,0.0,0.0,0.0,0.0,0.0
0.0006579332246575682,0.0,0.0,0.0,0.0,0.0,0.0,0.0,0.0,0.0,0.0,0.0,0.0,0.0,0.0,0.0,0.0,0.0,0.0
0.0007054802310718645,0.0,0.0,0.0,0.0,0.0,0.0,0.0,0.0,0.0,0.0,0.0,0.0,0.0,0.0,0.0,0.0,0.0,0.0
0.000756463327554629,0.0,0.0,0.0,0.0,0.0,0.0,0.0,0.0,0.0,0.0,0.0,0.0,0.0,0.0,0.0,0.0,0.0,0.0
0.0008111308307896872,0.0,0.0,0.0,0.0,0.0,0.0,0.0,0.0,0.0,0.0,0.0,0.0,0.0,0.0,0.0,0.0,0.0,0.0
0.0008697490026177834,0.0,0.0,0.0,0.0,0.0,0.0,0.0,0.0,0.0,0.0,0.0,0.0,0.0,0.0,0.0,0.0,0.0,0.0
0.0009326033468832199,0.0,0.0,0.0,0.0,0.0,0.0,0.0,0.0,0.0,0.0,0.0,0.0,0.0,0.0,0.0,0.0,0.0,0.0
0.001,0.0,0.0,0.0,0.0,0.0,0.0,0.0,0.0,0.0,0.0,0.0,0.0,0.0,0.0,0.0,0.0,0.0,0.0
