date,trade_max,sanctions_max,fed_pressure_max
2017-01-01,0.0,0.0,0.0
2017-01-02,50.0,40.0,0.0
2017-01-03,50.0,0.0,0.0
2017-01-04,50.0,0.0,0.0
2017-01-05,40.0,0.0,0.0
2017-01-06,40.0,0.0,0.0
2017-01-07,0.0,0.0,0.0
2017-01-08,0.0,0.0,0.0
2017-01-09,65.0,25.0,0.0
2017-01-10,0.0,0.0,0.0
2017-01-11,0.0,0.0,0.0
2017-01-12,0.0,0.0,0.0
2017-01-13,0.0,0.0,0.0
2017-01-14,0.0,0.0,0.0
2017-01-15,40.0,0.0,0.0
2017-01-16,0.0,20.0,0.0
2017-01-17,0.0,0.0,0.0
2017-01-18,40.0,0.0,0.0
2017-01-19,0.0,0.0,0.0
2017-01-20,30.0,25.0,0.0
2017-01-21,15.0,0.0,0.0
2017-01-22,0.0,0.0,0.0
2017-01-23,20.0,0.0,0.0
2017-01-24,0.0,0.0,0.0
2017-01-25,10.0,0.0,0.0
2017-01-26,70.0,12.0,0.0
2017-01-27,63.0,5.0,0.0
2017-01-28,0.0,0.0,0.0
2017-01-29,0.0,0.0,0.0
2017-01-30,40.0,0.0,0.0
2017-01-31,0.0,0.0,0.0
2017-02-01,0.0,0.0,0.0
2017-02-02,40.0,70.0,2.0
2017-02-03,0.0,0.0,0.0
2017-02-04,40.0,40.0,0.0
2017-02-05,0.0,0.0,0.0
2017-02-06,0.0,0.0,0.0
2017-02-07,0.0,20.0,0.0
2017-02-08,0.0,5.0,0.0
2017-02-09,0.0,0.0,0.0
2017-02-10,0.0,0.0,0.0
2017-02-11,10.0,5.0,0.0
2017-02-12,0.0,20.0,0.0
2017-02-13,0.0,0.0,0.0
2017-02-14,10.0,40.0,0.0
2017-02-15,10.0,0.0,0.0
2017-02-16,0.0,0.0,0.0
2017-02-17,0.0,0.0,0.0
2017-02-18,0.0,0.0,0.0
2017-02-19,10.0,0.0,0.0
2017-02-20,0.0,0.0,0.0
2017-02-21,0.0,0.0,0.0
2017-02-22,0.0,0.0,0.0
2017-02-23,0.0,0.0,0.0
2017-02-24,0.0,0.0,0.0
2017-02-25,0.0,0.0,0.0
2017-02-26,0.0,0.0,0.0
2017-02-27,0.0,0.0,0.0
2017-02-28,0.0,0.0,0.0
2017-03-01,0.0,0.0,0.0
2017-03-02,0.0,0.0,0.0
2017-03-03,0.0,0.0,0.0
2017-03-04,0.0,0.0,0.0
2017-03-05,0.0,0.0,0.0
2017-03-06,0.0,0.0,0.0
2017-03-07,0.0,0.0,0.0
2017-03-08,0.0,0.0,0.0
2017-03-09,5.0,3.0,0.0
2017-03-10,0.0,0.0,0.0
2017-03-11,0.0,0.0,0.0
2017-03-12,0.0,0.0,0.0
2017-03-13,0.0,0.0,0.0
2017-03-14,0.0,0.0,0.0
2017-03-15,10.0,0.0,0.0
2017-03-16,0.0,0.0,0.0
2017-03-17,45.0,25.0,0.0
2017-03-18,40.0,0.0,0.0
2017-03-19,0.0,0.0,0.0
2017-03-20,0.0,0.0,0.0
2017-03-21,0.0,0.0,0.0
2017-03-22,0.0,0.0,0.0
2017-03-23,0.0,0.0,0.0
2017-03-24,0.0,0.0,0.0
2017-03-25,0.0,0.0,0.0
2017-03-26,0.0,0.0,0.0
2017-03-27,40.0,0.0,0.0
2017-03-28,40.0,20.0,0.0
2017-03-29,0.0,0.0,0.0
2017-03-30,73.0,8.0,0.0
2017-03-31,40.0,0.0,0.0
2017-04-01,0.0,0.0,0.0
2017-04-02,0.0,0.0,0.0
2017-04-03,0.0,40.0,0.0
2017-04-04,0.0,0.0,0.0
2017-04-05,0.0,0.0,0.0
2017-04-06,0.0,0.0,0.0
2017-04-07,0.0,0.0,0.0
2017-04-08,12.0,0.0,0.0
2017-04-09,0.0,0.0,0.0
2017-04-10,0.0,0.0,0.0
2017-04-11,58.0,18.0,0.0
2017-04-12,10.0,0.0,0.0
2017-04-13,20.0,40.0,0.0
2017-04-14,0.0,0.0,0.0
2017-04-15,0.0,0.0,0.0
2017-04-16,40.0,0.0,0.0
2017-04-17,50.0,0.0,0.0
2017-04-18,0.0,0.0,0.0
2017-04-19,20.0,0.0,0.0
2017-04-20,20.0,2.0,0.0
2017-04-21,57.0,28.0,0.0
2017-04-22,0.0,0.0,0.0
2017-04-23,40.0,0.0,0.0
2017-04-24,0.0,0.0,0.0
2017-04-25,50.0,0.0,0.0
2017-04-26,35.0,0.0,0.0
2017-04-27,75.0,0.0,0.0
2017-04-28,20.0,40.0,0.0
2017-04-29,0.0,0.0,0.0
2017-04-30,0.0,0.0,0.0
2017-05-01,0.0,0.0,0.0
2017-05-02,0.0,0.0,0.0
2017-05-03,0.0,0.0,0.0
2017-05-04,0.0,0.0,0.0
2017-05-05,5.0,3.0,0.0
2017-05-06,0.0,0.0,0.0
2017-05-07,60.0,0.0,0.0
2017-05-08,0.0,0.0,0.0
2017-05-09,0.0,0.0,0.0
2017-05-10,0.0,0.0,0.0
2017-05-11,0.0,0.0,0.0
2017-05-12,0.0,0.0,5.0
2017-05-13,0.0,0.0,0.0
2017-05-14,0.0,0.0,0.0
2017-05-15,0.0,0.0,0.0
2017-05-16,0.0,20.0,0.0
2017-05-17,0.0,0.0,0.0
2017-05-18,10.0,0.0,0.0
2017-05-19,0.0,0.0,0.0
2017-05-20,0.0,0.0,0.0
2017-05-21,0.0,0.0,0.0
2017-05-22,0.0,0.0,0.0
2017-05-23,0.0,0.0,0.0
2017-05-24,0.0,0.0,0.0
2017-05-25,0.0,0.0,0.0
2017-05-26,0.0,0.0,0.0
2017-05-27,65.0,15.0,0.0
2017-05-28,40.0,0.0,0.0
2017-05-29,25.0,18.0,0.0
2017-05-30,83.0,8.0,0.0
2017-05-31,0.0,0.0,0.0
2017-06-01,5.0,5.0,0.0
2017-06-02,0.0,0.0,0.0
2017-06-03,0.0,0.0,0.0
2017-06-04,0.0,0.0,0.0
2017-06-05,0.0,0.0,0.0
2017-06-06,0.0,20.0,0.0
2017-06-07,0.0,0.0,0.0
2017-06-08,0.0,0.0,0.0
2017-06-09,20.0,0.0,0.0
2017-06-10,40.0,0.0,0.0
2017-06-11,0.0,0.0,0.0
2017-06-12,1.0,0.0,0.0
2017-06-13,0.0,0.0,0.0
2017-06-14,0.0,0.0,0.0
2017-06-15,0.0,0.0,0.0
2017-06-16,10.0,5.0,2.0
2017-06-17,0.0,0.0,0.0
2017-06-18,0.0,0.0,0.0
2017-06-19,0.0,0.0,0.0
2017-06-20,0.0,0.0,0.0
2017-06-21,20.0,0.0,0.0
2017-06-22,0.0,0.0,0.0
2017-06-23,0.0,0.0,0.0
2017-06-24,0.0,0.0,0.0
2017-06-25,0.0,0.0,0.0
2017-06-26,0.0,0.0,0.0
2017-06-27,0.0,0.0,0.0
2017-06-28,0.0,0.0,0.0
2017-06-29,40.0,40.0,0.0
2017-06-30,76.0,57.0,0.0
2017-07-01,0.0,0.0,0.0
2017-07-02,0.0,0.0,0.0
2017-07-03,50.0,0.0,0.0
2017-07-04,0.0,40.0,0.0
2017-07-05,57.0,18.0,0.0
2017-07-06,0.0,0.0,0.0
2017-07-07,20.0,0.0,0.0
2017-07-08,25.0,10.0,0.0
2017-07-09,64.0,57.0,0.0
2017-07-10,0.0,0.0,0.0
2017-07-11,0.0,0.0,0.0
2017-07-12,10.0,0.0,0.0
2017-07-13,0.0,0.0,0.0
2017-07-14,23.0,0.0,0.0
2017-07-15,47.0,0.0,0.0
2017-07-16,0.0,0.0,0.0
2017-07-17,27.0,0.0,0.0
2017-07-18,0.0,0.0,0.0
2017-07-19,0.0,0.0,0.0
2017-07-20,0.0,0.0,0.0
2017-07-21,0.0,0.0,0.0
2017-07-22,0.0,0.0,0.0
2017-07-23,0.0,0.0,0.0
2017-07-24,0.0,0.0,0.0
2017-07-25,72.0,0.0,0.0
2017-07-26,0.0,0.0,0.0
2017-07-27,0.0,0.0,0.0
2017-07-28,0.0,0.0,0.0
2017-07-29,78.0,18.0,0.0
2017-07-30,0.0,0.0,0.0
2017-07-31,0.0,0.0,0.0
2017-08-01,0.0,0.0,0.0
2017-08-02,0.0,0.0,0.0
2017-08-03,25.0,0.0,0.0
2017-08-04,20.0,0.0,0.0
2017-08-05,0.0,82.0,0.0
2017-08-06,0.0,0.0,0.0
2017-08-07,76.0,58.0,0.0
2017-08-08,0.0,40.0,0.0
2017-08-09,0.0,20.0,0.0
2017-08-10,0.0,0.0,0.0
2017-08-11,0.0,20.0,0.0
2017-08-12,0.0,0.0,0.0
2017-08-13,0.0,0.0,0.0
2017-08-14,65.0,0.0,0.0
2017-08-15,0.0,0.0,0.0
2017-08-16,50.0,0.0,0.0
2017-08-17,0.0,0.0,0.0
2017-08-18,20.0,0.0,0.0
2017-08-19,0.0,0.0,0.0
2017-08-20,0.0,0.0,0.0
2017-08-21,0.0,0.0,0.0
2017-08-22,20.0,0.0,0.0
2017-08-23,0.0,0.0,0.0
2017-08-24,20.0,0.0,0.0
2017-08-25,20.0,0.0,0.0
2017-08-26,0.0,0.0,0.0
2017-08-27,84.0,10.0,0.0
2017-08-28,0.0,0.0,0.0
2017-08-29,0.0,0.0,0.0
2017-08-30,40.0,20.0,0.0
2017-08-31,0.0,0.0,0.0
2017-09-01,0.0,0.0,0.0
2017-09-02,0.0,0.0,0.0
2017-09-03,89.0,96.0,0.0
2017-09-04,0.0,0.0,0.0
2017-09-05,40.0,0.0,0.0
2017-09-06,0.0,0.0,0.0
2017-09-07,0.0,0.0,0.0
2017-09-08,0.0,0.0,0.0
2017-09-09,0.0,0.0,0.0
2017-09-10,0.0,0.0,0.0
2017-09-11,0.0,0.0,0.0
2017-09-12,0.0,0.0,0.0
2017-09-13,0.0,0.0,0.0
2017-09-14,40.0,0.0,0.0
2017-09-15,50.0,57.0,0.0
2017-09-16,0.0,0.0,0.0
2017-09-17,40.0,0.0,0.0
2017-09-18,0.0,0.0,0.0
2017-09-19,0.0,0.0,0.0
2017-09-20,28.0,0.0,0.0
2017-09-21,20.0,0.0,0.0
2017-09-22,0.0,89.0,0.0
2017-09-23,40.0,70.0,0.0
2017-09-24,0.0,0.0,0.0
2017-09-25,0.0,0.0,0.0
2017-09-26,0.0,80.0,0.0
2017-09-27,20.0,0.0,0.0
2017-09-28,0.0,0.0,0.0
2017-09-29,10.0,0.0,0.0
2017-09-30,10.0,0.0,0.0
2017-10-01,40.0,20.0,0.0
2017-10-02,0.0,0.0,0.0
2017-10-03,0.0,0.0,0.0
2017-10-04,0.0,0.0,0.0
2017-10-05,0.0,0.0,0.0
2017-10-06,0.0,0.0,0.0
2017-10-07,0.0,0.0,0.0
2017-10-08,0.0,27.0,0.0
2017-10-09,0.0,0.0,0.0
2017-10-10,0.0,0.0,0.0
2017-10-11,20.0,0.0,0.0
2017-10-12,0.0,0.0,0.0
2017-10-13,0.0,50.0,0.0
2017-10-14,58.0,45.0,0.0
2017-10-15,70.0,0.0,0.0
2017-10-16,20.0,0.0,0.0
2017-10-17,0.0,0.0,0.0
2017-10-18,10.0,40.0,0.0
2017-10-19,0.0,25.0,0.0
2017-10-20,0.0,0.0,0.0
2017-10-21,0.0,0.0,0.0
2017-10-22,0.0,0.0,0.0
2017-10-23,0.0,0.0,40.0
2017-10-24,40.0,0.0,0.0
2017-10-25,24.0,12.0,0.0
2017-10-26,0.0,0.0,0.0
2017-10-27,0.0,0.0,40.0
2017-10-28,0.0,0.0,0.0
2017-10-29,0.0,0.0,0.0
2017-10-30,0.0,0.0,0.0
2017-10-31,0.0,20.0,0.0
2017-11-01,20.0,0.0,0.0
2017-11-02,10.0,0.0,95.0
2017-11-03,0.0,50.0,0.0
2017-11-04,0.0,0.0,0.0
2017-11-05,5.0,0.0,0.0
2017-11-06,0.0,0.0,0.0
2017-11-07,10.0,0.0,0.0
2017-11-08,50.0,20.0,0.0
2017-11-09,58.0,0.0,0.0
2017-11-10,20.0,0.0,0.0
2017-11-11,0.0,76.0,0.0
2017-11-12,10.0,0.0,0.0
2017-11-13,40.0,0.0,0.0
2017-11-14,77.0,0.0,0.0
2017-11-15,40.0,0.0,0.0
2017-11-16,0.0,27.0,0.0
2017-11-17,0.0,0.0,0.0
2017-11-18,0.0,0.0,0.0
2017-11-19,0.0,20.0,0.0
2017-11-20,40.0,0.0,0.0
2017-11-21,0.0,0.0,0.0
2017-11-22,0.0,0.0,0.0
2017-11-23,20.0,0.0,0.0
2017-11-24,0.0,0.0,0.0
2017-11-25,0.0,0.0,0.0
2017-11-26,0.0,0.0,0.0
2017-11-27,0.0,0.0,0.0
2017-11-28,20.0,0.0,0.0
2017-11-29,0.0,89.0,0.0
2017-11-30,0.0,0.0,0.0
2017-12-01,0.0,0.0,0.0
2017-12-02,0.0,0.0,0.0
2017-12-03,0.0,0.0,0.0
2017-12-04,20.0,0.0,0.0
2017-12-05,0.0,0.0,0.0
2017-12-06,0.0,0.0,0.0
2017-12-07,0.0,0.0,0.0
2017-12-08,0.0,0.0,52.0
2017-12-09,0.0,0.0,0.0
2017-12-10,20.0,0.0,0.0
2017-12-11,0.0,0.0,0.0
2017-12-12,20.0,0.0,30.0
2017-12-13,0.0,0.0,0.0
2017-12-14,0.0,0.0,0.0
2017-12-15,0.0,0.0,0.0
2017-12-16,0.0,0.0,0.0
2017-12-17,0.0,0.0,0.0
2017-12-18,10.0,0.0,0.0
2017-12-19,0.0,0.0,40.0
2017-12-20,0.0,0.0,0.0
2017-12-21,0.0,0.0,0.0
2017-12-22,0.0,90.0,0.0
2017-12-23,0.0,0.0,0.0
2017-12-24,0.0,0.0,0.0
2017-12-25,20.0,0.0,20.0
2017-12-26,0.0,0.0,0.0
2017-12-27,0.0,0.0,0.0
2017-12-28,50.0,0.0,0.0
2017-12-29,20.0,0.0,0.0
2017-12-30,40.0,15.0,0.0
2017-12-31,0.0,20.0,0.0
2018-01-01,50.0,20.0,0.0
2018-01-02,83.0,40.0,40.0
2018-01-03,0.0,50.0,0.0
2018-01-04,40.0,0.0,0.0
2018-01-05,0.0,0.0,0.0
2018-01-06,0.0,0.0,0.0
2018-01-07,0.0,0.0,0.0
2018-01-08,0.0,0.0,0.0
2018-01-09,0.0,0.0,0.0
2018-01-10,0.0,0.0,0.0
2018-01-11,10.0,20.0,0.0
2018-01-12,40.0,0.0,0.0
2018-01-13,40.0,0.0,0.0
2018-01-14,0.0,0.0,0.0
2018-01-15,0.0,0.0,0.0
2018-01-16,20.0,0.0,0.0
2018-01-17,70.0,0.0,0.0
2018-01-18,87.0,0.0,0.0
2018-01-19,0.0,0.0,0.0
2018-01-20,0.0,0.0,0.0
2018-01-21,0.0,0.0,0.0
2018-01-22,0.0,0.0,0.0
2018-01-23,20.0,0.0,0.0
2018-01-24,0.0,0.0,0.0
2018-01-25,0.0,0.0,0.0
2018-01-26,0.0,0.0,0.0
2018-01-27,0.0,0.0,0.0
2018-01-28,20.0,0.0,0.0
2018-01-29,0.0,0.0,0.0
2018-01-30,0.0,0.0,0.0
2018-01-31,0.0,0.0,0.0
2018-02-01,0.0,0.0,0.0
2018-02-02,0.0,0.0,0.0
2018-02-03,0.0,0.0,0.0
2018-02-04,0.0,0.0,0.0
2018-02-05,50.0,0.0,0.0
2018-02-06,0.0,0.0,0.0
2018-02-07,0.0,0.0,40.0
2018-02-08,10.0,0.0,0.0
2018-02-09,0.0,5.0,0.0
2018-02-10,0.0,0.0,0.0
2018-02-11,0.0,0.0,0.0
2018-02-12,0.0,0.0,0.0
2018-02-13,0.0,0.0,0.0
2018-02-14,0.0,0.0,0.0
2018-02-15,0.0,0.0,0.0
2018-02-16,0.0,0.0,0.0
2018-02-17,0.0,0.0,0.0
2018-02-18,0.0,0.0,0.0
2018-02-19,0.0,0.0,0.0
2018-02-20,0.0,10.0,0.0
2018-02-21,0.0,0.0,0.0
2018-02-22,0.0,0.0,0.0
2018-02-23,50.0,0.0,0.0
2018-02-24,0.0,0.0,0.0
2018-02-25,0.0,0.0,0.0
2018-02-26,0.0,0.0,0.0
2018-02-27,0.0,0.0,0.0
2018-02-28,0.0,0.0,0.0
2018-03-01,76.0,0.0,0.0
2018-03-02,70.0,0.0,0.0
2018-03-03,70.0,0.0,0.0
2018-03-04,0.0,0.0,0.0
2018-03-05,75.0,20.0,0.0
2018-03-06,20.0,5.0,0.0
2018-03-07,70.0,0.0,0.0
2018-03-08,40.0,0.0,0.0
2018-03-09,0.0,57.0,0.0
2018-03-10,40.0,20.0,0.0
2018-03-11,0.0,0.0,0.0
2018-03-12,40.0,0.0,0.0
2018-03-13,10.0,15.0,0.0
2018-03-14,40.0,0.0,0.0
2018-03-15,50.0,0.0,0.0
2018-03-16,0.0,0.0,0.0
2018-03-17,0.0,0.0,0.0
2018-03-18,0.0,0.0,0.0
2018-03-19,0.0,0.0,0.0
2018-03-20,0.0,0.0,0.0
2018-03-21,0.0,0.0,0.0
2018-03-22,10.0,0.0,0.0
2018-03-23,40.0,0.0,0.0
2018-03-24,0.0,0.0,0.0
2018-03-25,20.0,0.0,0.0
2018-03-26,0.0,0.0,0.0
2018-03-27,20.0,0.0,0.0
2018-03-28,10.0,57.0,0.0
2018-03-29,50.0,0.0,0.0
2018-03-30,0.0,0.0,0.0
2018-03-31,40.0,0.0,0.0
2018-04-01,85.0,77.0,0.0
2018-04-02,45.0,0.0,0.0
2018-04-03,40.0,5.0,5.0
2018-04-04,70.0,20.0,0.0
2018-04-05,45.0,20.0,0.0
2018-04-06,50.0,0.0,0.0
2018-04-07,50.0,0.0,0.0
2018-04-08,40.0,17.0,0.0
2018-04-09,50.0,0.0,0.0
2018-04-10,40.0,0.0,0.0
2018-04-11,18.0,40.0,0.0
2018-04-12,20.0,0.0,40.0
2018-04-13,47.0,0.0,0.0
2018-04-14,0.0,0.0,0.0
2018-04-15,0.0,0.0,0.0
2018-04-16,44.0,35.0,68.0
2018-04-17,40.0,0.0,0.0
2018-04-18,40.0,0.0,0.0
2018-04-19,10.0,5.0,5.0
2018-04-20,40.0,20.0,0.0
2018-04-21,0.0,57.0,0.0
2018-04-22,40.0,0.0,0.0
2018-04-23,40.0,0.0,0.0
2018-04-24,0.0,0.0,0.0
2018-04-25,40.0,0.0,0.0
2018-04-26,40.0,20.0,0.0
2018-04-27,10.0,0.0,0.0
2018-04-28,40.0,0.0,0.0
2018-04-29,0.0,0.0,0.0
2018-04-30,20.0,0.0,0.0
2018-05-01,50.0,20.0,0.0
2018-05-02,20.0,0.0,0.0
2018-05-03,10.0,0.0,0.0
2018-05-04,0.0,0.0,0.0
2018-05-05,40.0,0.0,0.0
2018-05-06,0.0,0.0,0.0
2018-05-07,28.0,27.0,0.0
2018-05-08,25.0,40.0,0.0
2018-05-09,5.0,5.0,5.0
2018-05-10,0.0,20.0,0.0
2018-05-11,20.0,28.0,0.0
2018-05-12,20.0,40.0,0.0
2018-05-13,40.0,35.0,0.0
2018-05-14,20.0,10.0,2.0
2018-05-15,45.0,0.0,0.0
2018-05-16,45.0,0.0,0.0
2018-05-17,10.0,0.0,0.0
2018-05-18,0.0,0.0,0.0
2018-05-19,0.0,0.0,0.0
2018-05-20,0.0,0.0,0.0
2018-05-21,40.0,0.0,0.0
2018-05-22,0.0,0.0,0.0
2018-05-23,40.0,20.0,0.0
2018-05-24,0.0,0.0,0.0
2018-05-25,50.0,20.0,0.0
2018-05-26,0.0,5.0,0.0
2018-05-27,0.0,0.0,0.0
2018-05-28,14.0,0.0,0.0
2018-05-29,28.0,0.0,0.0
2018-05-30,0.0,0.0,0.0
2018-05-31,40.0,0.0,0.0
2018-06-01,40.0,0.0,0.0
2018-06-02,50.0,0.0,0.0
2018-06-03,0.0,0.0,0.0
2018-06-04,70.0,15.0,0.0
2018-06-05,30.0,0.0,0.0
2018-06-06,0.0,0.0,0.0
2018-06-07,45.0,45.0,95.0
2018-06-08,90.0,0.0,0.0
2018-06-09,85.0,35.0,0.0
2018-06-10,0.0,0.0,0.0
2018-06-11,75.0,30.0,0.0
2018-06-12,0.0,57.0,0.0
2018-06-13,20.0,0.0,0.0
2018-06-14,0.0,0.0,0.0
2018-06-15,10.0,5.0,5.0
2018-06-16,0.0,0.0,0.0
2018-06-17,40.0,57.0,0.0
2018-06-18,40.0,0.0,0.0
2018-06-19,5.0,0.0,0.0
2018-06-20,10.0,0.0,0.0
2018-06-21,40.0,0.0,0.0
2018-06-22,76.0,40.0,0.0
2018-06-23,70.0,30.0,0.0
2018-06-24,40.0,0.0,0.0
2018-06-25,70.0,0.0,0.0
2018-06-26,76.0,20.0,0.0
2018-06-27,58.0,0.0,0.0
2018-06-28,0.0,0.0,0.0
2018-06-29,10.0,0.0,0.0
2018-06-30,0.0,11.0,0.0
2018-07-01,0.0,0.0,0.0
2018-07-02,0.0,0.0,0.0
2018-07-03,40.0,0.0,0.0
2018-07-04,40.0,0.0,0.0
2018-07-05,0.0,0.0,0.0
2018-07-06,0.0,0.0,0.0
2018-07-07,0.0,0.0,0.0
2018-07-08,20.0,40.0,0.0
2018-07-09,50.0,20.0,0.0
2018-07-10,40.0,0.0,0.0
2018-07-11,50.0,39.0,0.0
2018-07-12,40.0,25.0,0.0
2018-07-13,5.0,3.0,2.0
2018-07-14,50.0,0.0,0.0
2018-07-15,25.0,20.0,0.0
2018-07-16,0.0,0.0,0.0
2018-07-17,60.0,0.0,0.0
2018-07-18,40.0,75.0,40.0
2018-07-19,40.0,90.0,0.0
2018-07-20,60.0,0.0,65.0
2018-07-21,0.0,0.0,0.0
2018-07-22,0.0,0.0,0.0
2018-07-23,0.0,95.0,0.0
2018-07-24,50.0,77.0,0.0
2018-07-25,60.0,0.0,0.0
2018-07-26,20.0,88.0,0.0
2018-07-27,40.0,0.0,0.0
2018-07-28,0.0,0.0,0.0
2018-07-29,40.0,0.0,0.0
2018-07-30,0.0,0.0,0.0
2018-07-31,50.0,20.0,5.0
2018-08-01,0.0,0.0,0.0
2018-08-02,25.0,0.0,0.0
2018-08-03,0.0,0.0,0.0
2018-08-04,40.0,0.0,0.0
2018-08-05,40.0,0.0,0.0
2018-08-06,45.0,0.0,0.0
2018-08-07,0.0,91.0,0.0
2018-08-08,50.0,0.0,0.0
2018-08-09,0.0,0.0,0.0
2018-08-10,95.0,90.0,0.0
2018-08-11,0.0,0.0,0.0
2018-08-12,40.0,0.0,0.0
2018-08-13,0.0,0.0,40.0
2018-08-14,10.0,5.0,0.0
2018-08-15,40.0,10.0,0.0
2018-08-16,40.0,77.0,0.0
2018-08-17,40.0,40.0,40.0
2018-08-18,20.0,0.0,40.0
2018-08-19,0.0,0.0,0.0
2018-08-20,40.0,40.0,0.0
2018-08-21,0.0,0.0,0.0
2018-08-22,0.0,0.0,0.0
2018-08-23,40.0,0.0,0.0
2018-08-24,31.0,0.0,0.0
2018-08-25,65.0,0.0,0.0
2018-08-26,0.0,0.0,0.0
2018-08-27,10.0,0.0,0.0
2018-08-28,40.0,10.0,0.0
2018-08-29,20.0,0.0,20.0
2018-08-30,5.0,3.0,0.0
2018-08-31,34.0,0.0,0.0
2018-09-01,70.0,20.0,50.0
2018-09-02,0.0,0.0,0.0
2018-09-03,55.0,0.0,0.0
2018-09-04,0.0,0.0,0.0
2018-09-05,0.0,0.0,0.0
2018-09-06,0.0,0.0,0.0
2018-09-07,20.0,0.0,0.0
2018-09-08,40.0,0.0,0.0
2018-09-09,45.0,0.0,0.0
2018-09-10,40.0,0.0,0.0
2018-09-11,0.0,0.0,0.0
2018-09-12,0.0,0.0,0.0
2018-09-13,40.0,0.0,0.0
2018-09-14,45.0,65.0,0.0
2018-09-15,15.0,0.0,0.0
2018-09-16,0.0,0.0,0.0
2018-09-17,20.0,0.0,0.0
2018-09-18,65.0,20.0,0.0
2018-09-19,0.0,57.0,0.0
2018-09-20,45.0,0.0,0.0
2018-09-21,0.0,25.0,0.0
2018-09-22,0.0,0.0,0.0
2018-09-23,20.0,0.0,0.0
2018-09-24,40.0,5.0,0.0
2018-09-25,0.0,0.0,0.0
2018-09-26,85.0,0.0,0.0
2018-09-27,0.0,0.0,0.0
2018-09-28,0.0,0.0,0.0
2018-09-29,0.0,0.0,0.0
2018-09-30,0.0,0.0,0.0
2018-10-01,40.0,0.0,0.0
2018-10-02,10.0,5.0,5.0
2018-10-03,40.0,0.0,0.0
2018-10-04,0.0,0.0,0.0
2018-10-05,0.0,0.0,0.0
2018-10-06,0.0,0.0,0.0
2018-10-07,0.0,0.0,0.0
2018-10-08,0.0,0.0,0.0
2018-10-09,0.0,0.0,40.0
2018-10-10,0.0,0.0,0.0
2018-10-11,0.0,0.0,0.0
2018-10-12,20.0,40.0,0.0
2018-10-13,0.0,88.0,0.0
2018-10-14,0.0,20.0,0.0
2018-10-15,20.0,0.0,0.0
2018-10-16,20.0,89.0,0.0
2018-10-17,40.0,70.0,20.0
2018-10-18,40.0,40.0,0.0
2018-10-19,0.0,0.0,0.0
2018-10-20,0.0,0.0,0.0
2018-10-21,0.0,0.0,0.0
2018-10-22,40.0,30.0,0.0
2018-10-23,75.0,40.0,74.0
2018-10-24,10.0,0.0,0.0
2018-10-25,0.0,0.0,0.0
2018-10-26,0.0,0.0,0.0
2018-10-27,0.0,0.0,0.0
2018-10-28,0.0,0.0,0.0
2018-10-29,20.0,0.0,0.0
2018-10-30,50.0,0.0,25.0
2018-10-31,40.0,0.0,0.0
2018-11-01,40.0,0.0,0.0
2018-11-02,0.0,0.0,0.0
2018-11-03,40.0,20.0,0.0
2018-11-04,0.0,0.0,0.0
2018-11-05,0.0,0.0,0.0
2018-11-06,0.0,0.0,0.0
2018-11-07,20.0,0.0,0.0
2018-11-08,0.0,0.0,0.0
2018-11-09,0.0,57.0,0.0
2018-11-10,0.0,0.0,0.0
2018-11-11,0.0,0.0,0.0
2018-11-12,85.0,35.0,0.0
2018-11-13,75.0,0.0,0.0
2018-11-14,20.0,0.0,0.0
2018-11-15,0.0,0.0,0.0
2018-11-16,0.0,0.0,0.0
2018-11-17,0.0,0.0,0.0
2018-11-18,0.0,0.0,0.0
2018-11-19,65.0,30.0,0.0
2018-11-20,0.0,0.0,0.0
2018-11-21,0.0,0.0,0.0
2018-11-22,20.0,0.0,0.0
2018-11-23,0.0,0.0,0.0
2018-11-24,40.0,0.0,0.0
2018-11-25,50.0,0.0,50.0
2018-11-26,0.0,20.0,0.0
2018-11-27,70.0,20.0,0.0
2018-11-28,50.0,10.0,0.0
2018-11-29,70.0,0.0,0.0
2018-11-30,40.0,0.0,0.0
2018-12-01,0.0,0.0,0.0
2018-12-02,0.0,0.0,0.0
2018-12-03,40.0,0.0,0.0
2018-12-04,78.0,0.0,0.0
2018-12-05,40.0,40.0,0.0
2018-12-06,0.0,0.0,0.0
2018-12-07,0.0,0.0,0.0
2018-12-08,40.0,0.0,0.0
2018-12-09,0.0,0.0,0.0
2018-12-10,0.0,0.0,0.0
2018-12-11,0.0,0.0,0.0
2018-12-12,0.0,0.0,0.0
2018-12-13,85.0,0.0,0.0
2018-12-14,70.0,0.0,0.0
2018-12-15,0.0,0.0,0.0
2018-12-16,0.0,0.0,0.0
2018-12-17,0.0,0.0,74.0
2018-12-18,0.0,5.0,50.0
2018-12-19,70.0,0.0,0.0
2018-12-20,20.0,10.0,0.0
2018-12-21,40.0,27.0,0.0
2018-12-22,50.0,15.0,0.0
2018-12-23,20.0,20.0,0.0
2018-12-24,52.0,25.0,74.0
2018-12-25,40.0,0.0,0.0
2018-12-26,0.0,0.0,0.0
2018-12-27,20.0,0.0,0.0
2018-12-28,85.0,50.0,0.0
2018-12-29,40.0,0.0,0.0
2018-12-30,0.0,0.0,0.0
2018-12-31,20.0,0.0,0.0
2019-01-01,78.0,0.0,0.0
2019-01-02,85.0,5.0,0.0
2019-01-03,40.0,0.0,0.0
2019-01-04,40.0,0.0,0.0
2019-01-05,20.0,0.0,0.0
2019-01-06,20.0,0.0,0.0
2019-01-07,0.0,0.0,0.0
2019-01-08,40.0,0.0,40.0
2019-01-09,40.0,0.0,0.0
2019-01-10,20.0,0.0,0.0
2019-01-11,87.0,0.0,0.0
2019-01-12,0.0,0.0,0.0
2019-01-13,0.0,52.0,0.0
2019-01-14,40.0,15.0,50.0
2019-01-15,0.0,0.0,0.0
2019-01-16,0.0,0.0,0.0
2019-01-17,0.0,0.0,0.0
2019-01-18,40.0,0.0,20.0
2019-01-19,50.0,20.0,0.0
2019-01-20,20.0,0.0,0.0
2019-01-21,45.0,0.0,0.0
2019-01-22,25.0,0.0,0.0
2019-01-23,10.0,70.0,0.0
2019-01-24,10.0,20.0,0.0
2019-01-25,0.0,0.0,0.0
2019-01-26,40.0,0.0,0.0
2019-01-27,20.0,0.0,0.0
2019-01-28,40.0,0.0,0.0
2019-01-29,0.0,0.0,0.0
2019-01-30,40.0,92.0,40.0
2019-01-31,90.0,70.0,0.0
2019-02-01,0.0,0.0,0.0
2019-02-02,0.0,0.0,0.0
2019-02-03,0.0,0.0,0.0
2019-02-04,0.0,0.0,0.0
2019-02-05,20.0,0.0,0.0
2019-02-06,0.0,0.0,0.0
2019-02-07,0.0,0.0,0.0
2019-02-08,0.0,0.0,0.0
2019-02-09,0.0,57.0,0.0
2019-02-10,40.0,0.0,0.0
2019-02-11,0.0,0.0,0.0
2019-02-12,0.0,0.0,0.0
2019-02-13,0.0,0.0,0.0
2019-02-14,0.0,0.0,0.0
2019-02-15,0.0,0.0,0.0
2019-02-16,0.0,0.0,0.0
2019-02-17,40.0,0.0,0.0
2019-02-18,0.0,10.0,0.0
2019-02-19,0.0,20.0,0.0
2019-02-20,0.0,95.0,0.0
2019-02-21,0.0,0.0,0.0
2019-02-22,0.0,0.0,0.0
2019-02-23,0.0,0.0,0.0
2019-02-24,25.0,57.0,0.0
2019-02-25,40.0,50.0,0.0
2019-02-26,0.0,0.0,0.0
2019-02-27,40.0,57.0,0.0
2019-02-28,0.0,0.0,0.0
2019-03-01,40.0,0.0,0.0
2019-03-02,0.0,0.0,0.0
2019-03-03,20.0,0.0,0.0
2019-03-04,40.0,0.0,0.0
2019-03-05,0.0,40.0,0.0
2019-03-06,0.0,0.0,0.0
2019-03-07,0.0,0.0,0.0
2019-03-08,85.0,0.0,0.0
2019-03-09,0.0,0.0,0.0
2019-03-10,0.0,0.0,0.0
2019-03-11,40.0,0.0,0.0
2019-03-12,40.0,0.0,0.0
2019-03-13,0.0,0.0,0.0
2019-03-14,40.0,0.0,0.0
2019-03-15,20.0,0.0,0.0
2019-03-16,40.0,18.0,0.0
2019-03-17,20.0,0.0,0.0
2019-03-18,70.0,0.0,0.0
2019-03-19,0.0,0.0,0.0
2019-03-20,0.0,0.0,0.0
2019-03-21,0.0,0.0,0.0
2019-03-22,0.0,47.0,50.0
2019-03-23,0.0,0.0,0.0
2019-03-24,0.0,0.0,0.0
2019-03-25,20.0,0.0,70.0
2019-03-26,0.0,0.0,0.0
2019-03-27,0.0,0.0,0.0
2019-03-28,40.0,0.0,50.0
2019-03-29,50.0,20.0,40.0
2019-03-30,40.0,70.0,0.0
2019-03-31,40.0,0.0,0.0
2019-04-01,20.0,0.0,0.0
2019-04-02,40.0,10.0,0.0
2019-04-03,0.0,0.0,0.0
2019-04-04,45.0,0.0,40.0
2019-04-05,95.0,15.0,0.0
2019-04-06,0.0,0.0,0.0
2019-04-07,0.0,0.0,0.0
2019-04-08,65.0,0.0,0.0
2019-04-09,40.0,0.0,0.0
2019-04-10,0.0,0.0,0.0
2019-04-11,40.0,0.0,0.0
2019-04-12,0.0,0.0,0.0
2019-04-13,1.0,57.0,0.0
2019-04-14,0.0,0.0,70.0
2019-04-15,25.0,20.0,0.0
2019-04-16,0.0,0.0,0.0
2019-04-17,0.0,0.0,0.0
2019-04-18,0.0,0.0,0.0
2019-04-19,0.0,20.0,0.0
2019-04-20,0.0,0.0,0.0
2019-04-21,0.0,0.0,0.0
2019-04-22,20.0,90.0,0.0
2019-04-23,45.0,0.0,0.0
2019-04-24,50.0,30.0,0.0
2019-04-25,0.0,0.0,0.0
2019-04-26,20.0,0.0,30.0
2019-04-27,0.0,0.0,0.0
2019-04-28,0.0,0.0,0.0
2019-04-29,35.0,0.0,0.0
2019-04-30,40.0,47.0,92.0
2019-05-01,0.0,0.0,0.0
2019-05-02,40.0,0.0,50.0
2019-05-03,0.0,0.0,0.0
2019-05-04,0.0,0.0,0.0
2019-05-05,75.0,0.0,0.0
2019-05-06,50.0,0.0,0.0
2019-05-07,0.0,0.0,0.0
2019-05-08,45.0,0.0,0.0
2019-05-09,0.0,0.0,0.0
2019-05-10,95.0,0.0,32.0
2019-05-11,70.0,40.0,0.0
2019-05-12,50.0,0.0,0.0
2019-05-13,40.0,0.0,0.0
2019-05-14,70.0,20.0,70.0
2019-05-15,0.0,10.0,0.0
2019-05-16,0.0,0.0,0.0
2019-05-17,0.0,0.0,0.0
2019-05-18,0.0,0.0,0.0
2019-05-19,40.0,57.0,0.0
2019-05-20,40.0,57.0,0.0
2019-05-21,40.0,0.0,0.0
2019-05-22,40.0,20.0,0.0
2019-05-23,10.0,0.0,0.0
2019-05-24,20.0,0.0,0.0
2019-05-25,20.0,0.0,0.0
2019-05-26,40.0,0.0,0.0
2019-05-27,5.0,0.0,0.0
2019-05-28,0.0,0.0,0.0
2019-05-29,0.0,0.0,0.0
2019-05-30,45.0,0.0,0.0
2019-05-31,83.0,0.0,0.0
2019-06-01,70.0,0.0,0.0
2019-06-02,40.0,17.0,0.0
2019-06-03,40.0,14.0,50.0
2019-06-04,0.0,0.0,0.0
2019-06-05,85.0,20.0,0.0
2019-06-06,0.0,0.0,0.0
2019-06-07,85.0,0.0,84.0
2019-06-08,60.0,25.0,0.0
2019-06-09,40.0,0.0,0.0
2019-06-10,70.0,0.0,0.0
2019-06-11,80.0,50.0,85.0
2019-06-12,0.0,0.0,0.0
2019-06-13,45.0,3.0,0.0
2019-06-14,20.0,0.0,0.0
2019-06-15,0.0,0.0,0.0
2019-06-16,85.0,20.0,0.0
2019-06-17,0.0,0.0,0.0
2019-06-18,60.0,0.0,52.0
2019-06-19,10.0,0.0,0.0
2019-06-20,0.0,28.0,0.0
2019-06-21,0.0,95.0,0.0
2019-06-22,20.0,90.0,65.0
2019-06-23,40.0,0.0,0.0
2019-06-24,40.0,12.0,85.0
2019-06-25,52.0,57.0,0.0
2019-06-26,10.0,0.0,0.0
2019-06-27,70.0,0.0,0.0
2019-06-28,0.0,0.0,0.0
2019-06-29,40.0,0.0,0.0
2019-06-30,20.0,0.0,0.0
2019-07-01,40.0,40.0,0.0
2019-07-02,0.0,0.0,50.0
2019-07-03,62.0,85.0,58.0
2019-07-04,0.0,0.0,0.0
2019-07-05,0.0,0.0,0.0
2019-07-06,40.0,0.0,70.0
2019-07-07,40.0,0.0,0.0
2019-07-08,40.0,0.0,0.0
2019-07-09,40.0,0.0,0.0
2019-07-10,40.0,95.0,0.0
2019-07-11,40.0,15.0,0.0
2019-07-12,96.0,78.0,0.0
2019-07-13,0.0,0.0,0.0
2019-07-14,40.0,0.0,0.0
2019-07-15,40.0,0.0,78.0
2019-07-16,20.0,40.0,0.0
2019-07-17,0.0,0.0,0.0
2019-07-18,0.0,0.0,0.0
2019-07-19,22.0,0.0,92.0
2019-07-20,40.0,0.0,0.0
2019-07-21,0.0,0.0,0.0
2019-07-22,48.0,0.0,96.0
2019-07-23,45.0,45.0,0.0
2019-07-24,40.0,8.0,50.0
2019-07-25,30.0,20.0,50.0
2019-07-26,50.0,57.0,60.0
2019-07-27,0.0,0.0,0.0
2019-07-28,21.0,0.0,40.0
2019-07-29,40.0,0.0,70.0
2019-07-30,70.0,10.0,0.0
2019-07-31,25.0,0.0,84.0
2019-08-01,95.0,28.0,52.0
2019-08-02,0.0,40.0,0.0
2019-08-03,50.0,10.0,25.0
2019-08-04,0.0,0.0,0.0
2019-08-05,58.0,0.0,78.0
2019-08-06,40.0,28.0,0.0
2019-08-07,63.0,0.0,99.0
2019-08-08,65.0,57.0,90.0
2019-08-09,0.0,0.0,0.0
2019-08-10,70.0,25.0,0.0
2019-08-11,54.0,0.0,0.0
2019-08-12,0.0,5.0,0.0
2019-08-13,50.0,30.0,20.0
2019-08-14,85.0,0.0,79.0
2019-08-15,50.0,0.0,50.0
2019-08-16,40.0,0.0,0.0
2019-08-17,0.0,0.0,0.0
2019-08-18,40.0,5.0,0.0
2019-08-19,40.0,0.0,74.0
2019-08-20,40.0,10.0,0.0
2019-08-21,40.0,40.0,95.0
2019-08-22,40.0,0.0,76.0
2019-08-23,76.0,75.0,85.0
2019-08-24,40.0,5.0,0.0
2019-08-25,76.0,0.0,0.0
2019-08-26,20.0,0.0,0.0
2019-08-27,55.0,0.0,82.0
2019-08-28,40.0,0.0,76.0
2019-08-29,40.0,0.0,78.0
2019-08-30,40.0,0.0,70.0
2019-08-31,70.0,0.0,0.0
2019-09-01,40.0,0.0,0.0
2019-09-02,40.0,0.0,0.0
2019-09-03,80.0,40.0,85.0
2019-09-04,70.0,20.0,0.0
2019-09-05,0.0,0.0,0.0
2019-09-06,50.0,15.0,75.0
2019-09-07,40.0,0.0,40.0
2019-09-08,0.0,0.0,0.0
2019-09-09,0.0,0.0,0.0
2019-09-10,0.0,0.0,0.0
2019-09-11,40.0,20.0,90.0
2019-09-12,40.0,0.0,95.0
2019-09-13,40.0,0.0,0.0
2019-09-14,20.0,0.0,0.0
2019-09-15,10.0,0.0,0.0
2019-09-16,45.0,20.0,95.0
2019-09-17,0.0,0.0,0.0
2019-09-18,20.0,95.0,50.0
2019-09-19,87.0,0.0,0.0
2019-09-20,10.0,0.0,0.0
2019-09-21,0.0,10.0,0.0
2019-09-22,40.0,0.0,90.0
2019-09-23,0.0,0.0,0.0
2019-09-24,0.0,0.0,0.0
2019-09-25,20.0,50.0,0.0
2019-09-26,0.0,0.0,40.0
2019-09-27,40.0,40.0,0.0
2019-09-28,0.0,0.0,0.0
2019-09-29,0.0,0.0,45.0
2019-09-30,50.0,20.0,0.0
2019-10-01,25.0,0.0,95.0
2019-10-02,20.0,0.0,0.0
2019-10-03,70.0,20.0,0.0
2019-10-04,50.0,0.0,0.0
2019-10-05,0.0,0.0,0.0
2019-10-06,40.0,0.0,75.0
2019-10-07,45.0,50.0,0.0
2019-10-08,40.0,90.0,0.0
2019-10-09,40.0,25.0,50.0
2019-10-10,20.0,95.0,0.0
2019-10-11,0.0,0.0,50.0
2019-10-12,40.0,0.0,50.0
2019-10-13,60.0,94.0,0.0
2019-10-14,40.0,95.0,75.0
2019-10-15,65.0,0.0,0.0
2019-10-16,0.0,0.0,40.0
2019-10-17,40.0,0.0,0.0
2019-10-18,0.0,0.0,0.0
2019-10-19,10.0,5.0,0.0
2019-10-20,0.0,15.0,0.0
2019-10-21,0.0,0.0,0.0
2019-10-22,0.0,0.0,40.0
2019-10-23,0.0,0.0,0.0
2019-10-24,40.0,40.0,75.0
2019-10-25,0.0,50.0,0.0
2019-10-26,0.0,10.0,0.0
2019-10-27,0.0,0.0,40.0
2019-10-28,5.0,3.0,0.0
2019-10-29,30.0,0.0,95.0
2019-10-30,0.0,0.0,0.0
2019-10-31,30.0,0.0,70.0
2019-11-01,20.0,0.0,85.0
2019-11-02,0.0,0.0,0.0
2019-11-03,0.0,20.0,0.0
2019-11-04,0.0,20.0,0.0
2019-11-05,0.0,0.0,0.0
2019-11-06,0.0,0.0,0.0
2019-11-07,0.0,0.0,84.0
2019-11-08,0.0,0.0,0.0
2019-11-09,0.0,0.0,0.0
2019-11-10,40.0,0.0,0.0
2019-11-11,20.0,40.0,70.0
2019-11-12,0.0,0.0,0.0
2019-11-13,0.0,0.0,0.0
2019-11-14,20.0,0.0,40.0
2019-11-15,20.0,0.0,40.0
2019-11-16,20.0,0.0,0.0
2019-11-17,40.0,0.0,45.0
2019-11-18,35.0,0.0,55.0
2019-11-19,38.0,0.0,94.0
2019-11-20,40.0,20.0,0.0
2019-11-21,10.0,95.0,0.0
2019-11-22,40.0,0.0,50.0
2019-11-23,20.0,0.0,0.0
2019-11-24,40.0,0.0,0.0
2019-11-25,20.0,0.0,0.0
2019-11-26,20.0,0.0,0.0
2019-11-27,0.0,0.0,0.0
2019-11-28,0.0,0.0,0.0
2019-11-29,0.0,0.0,0.0
2019-11-30,20.0,0.0,0.0
2019-12-01,0.0,0.0,0.0
2019-12-02,45.0,20.0,95.0
2019-12-03,0.0,20.0,0.0
2019-12-04,20.0,0.0,0.0
2019-12-05,40.0,10.0,0.0
2019-12-06,50.0,0.0,0.0
2019-12-07,40.0,0.0,0.0
2019-12-08,90.0,0.0,0.0
2019-12-09,0.0,0.0,0.0
2019-12-10,75.0,0.0,0.0
2019-12-11,20.0,0.0,0.0
2019-12-12,40.0,0.0,0.0
2019-12-13,60.0,20.0,0.0
2019-12-14,40.0,0.0,0.0
2019-12-15,0.0,0.0,0.0
2019-12-16,30.0,15.0,65.0
2019-12-17,20.0,0.0,90.0
2019-12-18,0.0,0.0,0.0
2019-12-19,40.0,0.0,0.0
2019-12-20,20.0,0.0,0.0
2019-12-21,40.0,40.0,0.0
2019-12-22,0.0,0.0,0.0
2019-12-23,40.0,0.0,0.0
2019-12-24,10.0,0.0,0.0
2019-12-25,0.0,0.0,0.0
2019-12-26,0.0,0.0,0.0
2019-12-27,40.0,0.0,45.0
2019-12-28,40.0,10.0,0.0
2019-12-29,0.0,0.0,0.0
2019-12-30,0.0,20.0,0.0
2019-12-31,40.0,95.0,0.0
2020-01-01,0.0,0.0,0.0
2020-01-02,0.0,0.0,0.0
2020-01-03,30.0,95.0,0.0
2020-01-04,40.0,0.0,0.0
2020-01-05,40.0,40.0,0.0
2020-01-06,0.0,75.0,0.0
2020-01-07,20.0,0.0,0.0
2020-01-08,40.0,0.0,0.0
2020-01-09,0.0,0.0,0.0
2020-01-10,0.0,0.0,0.0
2020-01-11,40.0,20.0,0.0
2020-01-12,50.0,87.0,0.0
2020-01-13,0.0,95.0,0.0
2020-01-14,40.0,0.0,0.0
2020-01-15,50.0,0.0,0.0
2020-01-16,75.0,0.0,0.0
2020-01-17,1.0,1.0,0.0
2020-01-18,20.0,0.0,0.0
2020-01-19,20.0,0.0,0.0
2020-01-20,0.0,0.0,0.0
2020-01-21,20.0,0.0,0.0
2020-01-22,10.0,0.0,0.0
2020-01-23,40.0,20.0,0.0
2020-01-24,0.0,0.0,0.0
2020-01-25,0.0,0.0,70.0
2020-01-26,0.0,91.0,0.0
2020-01-27,20.0,0.0,0.0
2020-01-28,40.0,3.0,76.0
2020-01-29,40.0,50.0,0.0
2020-01-30,85.0,0.0,0.0
2020-01-31,0.0,0.0,0.0
2020-02-01,40.0,0.0,0.0
2020-02-02,20.0,0.0,0.0
2020-02-03,40.0,20.0,0.0
2020-02-04,0.0,0.0,0.0
2020-02-05,0.0,0.0,0.0
2020-02-06,0.0,0.0,0.0
2020-02-07,20.0,0.0,0.0
2020-02-08,0.0,0.0,0.0
2020-02-09,0.0,0.0,0.0
2020-02-10,0.0,0.0,0.0
2020-02-11,40.0,0.0,96.0
2020-02-12,20.0,50.0,0.0
2020-02-13,0.0,15.0,0.0
2020-02-14,20.0,0.0,0.0
2020-02-15,0.0,0.0,0.0
2020-02-16,0.0,0.0,0.0
2020-02-17,0.0,0.0,65.0
2020-02-18,40.0,0.0,0.0
2020-02-19,0.0,40.0,0.0
2020-02-20,0.0,20.0,0.0
2020-02-21,5.0,5.0,5.0
2020-02-22,0.0,10.0,0.0
2020-02-23,0.0,20.0,40.0
2020-02-24,1.0,1.0,1.0
2020-02-25,0.0,0.0,0.0
2020-02-26,5.0,3.0,0.0
2020-02-27,0.0,0.0,0.0
2020-02-28,40.0,0.0,50.0
2020-02-29,0.0,0.0,0.0
2020-03-01,0.0,0.0,0.0
2020-03-02,40.0,0.0,70.0
2020-03-03,42.0,0.0,98.0
2020-03-04,0.0,0.0,0.0
2020-03-05,0.0,20.0,95.0
2020-03-06,0.0,0.0,0.0
2020-03-07,0.0,0.0,0.0
2020-03-08,0.0,0.0,65.0
2020-03-09,40.0,0.0,0.0
2020-03-10,50.0,0.0,95.0
2020-03-11,0.0,0.0,0.0
2020-03-12,0.0,20.0,0.0
2020-03-13,45.0,0.0,95.0
2020-03-14,0.0,0.0,0.0
2020-03-15,70.0,0.0,0.0
2020-03-16,20.0,0.0,0.0
2020-03-17,5.0,0.0,0.0
2020-03-18,40.0,0.0,0.0
2020-03-19,0.0,0.0,0.0
2020-03-20,10.0,0.0,0.0
2020-03-21,0.0,0.0,0.0
2020-03-22,6.0,5.0,5.0
2020-03-23,30.0,20.0,0.0
2020-03-24,45.0,0.0,0.0
2020-03-25,20.0,40.0,0.0
2020-03-26,40.0,0.0,0.0
2020-03-27,40.0,10.0,0.0
2020-03-28,0.0,0.0,0.0
2020-03-29,54.0,0.0,0.0
2020-03-30,0.0,0.0,45.0
2020-03-31,40.0,0.0,40.0
2020-04-01,0.0,40.0,0.0
2020-04-02,40.0,0.0,0.0
2020-04-03,50.0,28.0,0.0
2020-04-04,0.0,0.0,0.0
2020-04-05,0.0,0.0,0.0
2020-04-06,20.0,0.0,0.0
2020-04-07,0.0,0.0,50.0
2020-04-08,20.0,0.0,0.0
2020-04-09,0.0,0.0,0.0
2020-04-10,0.0,0.0,0.0
2020-04-11,40.0,0.0,40.0
2020-04-12,45.0,40.0,0.0
2020-04-13,40.0,20.0,0.0
2020-04-14,0.0,0.0,0.0
2020-04-15,0.0,0.0,0.0
2020-04-16,20.0,0.0,0.0
2020-04-17,0.0,0.0,0.0
2020-04-18,20.0,0.0,0.0
2020-04-19,0.0,0.0,0.0
2020-04-20,0.0,0.0,0.0
2020-04-21,0.0,20.0,0.0
2020-04-22,70.0,0.0,0.0
2020-04-23,0.0,0.0,0.0
2020-04-24,20.0,0.0,0.0
2020-04-25,0.0,0.0,0.0
2020-04-26,15.0,10.0,0.0
2020-04-27,0.0,0.0,0.0
2020-04-28,0.0,0.0,0.0
2020-04-29,0.0,0.0,0.0
2020-04-30,0.0,20.0,0.0
2020-05-01,45.0,45.0,0.0
2020-05-02,60.0,0.0,0.0
2020-05-03,45.0,25.0,0.0
2020-05-04,85.0,0.0,0.0
2020-05-05,0.0,0.0,0.0
2020-05-06,0.0,0.0,0.0
2020-05-07,0.0,0.0,0.0
2020-05-08,0.0,0.0,0.0
2020-05-09,0.0,0.0,0.0
2020-05-10,40.0,0.0,0.0
2020-05-11,0.0,0.0,0.0
2020-05-12,40.0,0.0,0.0
2020-05-13,20.0,0.0,0.0
2020-05-14,0.0,0.0,0.0
2020-05-15,0.0,95.0,0.0
2020-05-16,40.0,20.0,0.0
2020-05-17,40.0,0.0,0.0
2020-05-18,0.0,0.0,0.0
2020-05-19,0.0,0.0,0.0
2020-05-20,40.0,50.0,0.0
2020-05-21,20.0,40.0,0.0
2020-05-22,40.0,0.0,0.0
2020-05-23,0.0,0.0,0.0
2020-05-24,0.0,0.0,0.0
2020-05-25,40.0,10.0,0.0
2020-05-26,0.0,0.0,0.0
2020-05-27,10.0,0.0,0.0
2020-05-28,0.0,0.0,0.0
2020-05-29,0.0,0.0,0.0
2020-05-30,45.0,0.0,0.0
2020-05-31,0.0,40.0,0.0
2020-06-01,0.0,0.0,0.0
2020-06-02,40.0,0.0,0.0
2020-06-03,0.0,0.0,0.0
2020-06-04,0.0,40.0,0.0
2020-06-05,10.0,5.0,40.0
2020-06-06,0.0,0.0,0.0
2020-06-07,0.0,0.0,0.0
2020-06-08,0.0,0.0,0.0
2020-06-09,20.0,0.0,0.0
2020-06-10,0.0,0.0,0.0
2020-06-11,40.0,0.0,70.0
2020-06-12,0.0,0.0,0.0
2020-06-13,40.0,0.0,0.0
2020-06-14,0.0,0.0,0.0
2020-06-15,40.0,0.0,0.0
2020-06-16,0.0,0.0,0.0
2020-06-17,0.0,0.0,0.0
2020-06-18,20.0,0.0,0.0
2020-06-19,40.0,0.0,0.0
2020-06-20,0.0,0.0,0.0
2020-06-21,0.0,0.0,74.0
2020-06-22,87.0,92.0,0.0
2020-06-23,0.0,50.0,0.0
2020-06-24,40.0,0.0,0.0
2020-06-25,10.0,0.0,0.0
2020-06-26,0.0,0.0,0.0
2020-06-27,0.0,0.0,0.0
2020-06-28,20.0,5.0,0.0
2020-06-29,10.0,0.0,0.0
2020-06-30,40.0,10.0,0.0
2020-07-01,20.0,0.0,0.0
2020-07-02,0.0,20.0,0.0
2020-07-03,10.0,0.0,0.0
2020-07-04,0.0,0.0,0.0
2020-07-05,0.0,0.0,0.0
2020-07-06,50.0,0.0,0.0
2020-07-07,20.0,0.0,0.0
2020-07-08,20.0,10.0,0.0
2020-07-09,0.0,0.0,0.0
2020-07-10,0.0,40.0,40.0
2020-07-11,0.0,0.0,0.0
2020-07-12,40.0,0.0,0.0
2020-07-13,20.0,0.0,0.0
2020-07-14,0.0,0.0,0.0
2020-07-15,0.0,0.0,0.0
2020-07-16,0.0,0.0,0.0
2020-07-17,0.0,0.0,0.0
2020-07-18,0.0,0.0,0.0
2020-07-19,0.0,10.0,0.0
2020-07-20,0.0,0.0,0.0
2020-07-21,25.0,0.0,0.0
2020-07-22,0.0,0.0,0.0
2020-07-23,40.0,0.0,0.0
2020-07-24,0.0,20.0,0.0
2020-07-25,40.0,20.0,0.0
2020-07-26,40.0,0.0,0.0
2020-07-27,5.0,0.0,0.0
2020-07-28,0.0,0.0,20.0
2020-07-29,40.0,0.0,0.0
2020-07-30,40.0,0.0,0.0
2020-07-31,20.0,0.0,0.0
2020-08-01,0.0,0.0,0.0
2020-08-02,20.0,5.0,0.0
2020-08-03,40.0,0.0,0.0
2020-08-04,0.0,0.0,0.0
2020-08-05,20.0,0.0,0.0
2020-08-06,0.0,0.0,0.0
2020-08-07,40.0,0.0,0.0
2020-08-08,0.0,0.0,0.0
2020-08-09,0.0,0.0,0.0
2020-08-10,0.0,0.0,0.0
2020-08-11,40.0,0.0,0.0
2020-08-12,0.0,0.0,0.0
2020-08-13,0.0,0.0,50.0
2020-08-14,0.0,0.0,0.0
2020-08-15,20.0,0.0,0.0
2020-08-16,0.0,0.0,0.0
2020-08-17,0.0,0.0,0.0
2020-08-18,40.0,0.0,0.0
2020-08-19,50.0,10.0,10.0
2020-08-20,0.0,0.0,0.0
2020-08-21,0.0,0.0,0.0
2020-08-22,20.0,0.0,0.0
2020-08-23,40.0,0.0,0.0
2020-08-24,0.0,0.0,0.0
2020-08-25,40.0,0.0,0.0
2020-08-26,40.0,10.0,50.0
2020-08-27,40.0,0.0,0.0
2020-08-28,0.0,0.0,40.0
2020-08-29,20.0,0.0,0.0
2020-08-30,20.0,40.0,20.0
2020-08-31,45.0,0.0,0.0
2020-09-01,0.0,0.0,0.0
2020-09-02,20.0,0.0,0.0
2020-09-03,0.0,40.0,0.0
2020-09-04,5.0,0.0,20.0
2020-09-05,0.0,0.0,0.0
2020-09-06,0.0,0.0,0.0
2020-09-07,50.0,20.0,0.0
2020-09-08,45.0,58.0,0.0
2020-09-09,25.0,25.0,0.0
2020-09-10,5.0,5.0,0.0
2020-09-11,50.0,20.0,0.0
2020-09-12,0.0,0.0,0.0
2020-09-13,28.0,0.0,0.0
2020-09-14,0.0,0.0,0.0
2020-09-15,40.0,70.0,0.0
2020-09-16,40.0,0.0,0.0
2020-09-17,5.0,0.0,0.0
2020-09-18,65.0,15.0,0.0
2020-09-19,0.0,0.0,0.0
2020-09-20,0.0,0.0,0.0
2020-09-21,0.0,0.0,0.0
2020-09-22,20.0,57.0,0.0
2020-09-23,20.0,0.0,0.0
2020-09-24,0.0,0.0,0.0
2020-09-25,0.0,0.0,0.0
2020-09-26,0.0,0.0,0.0
2020-09-27,35.0,5.0,0.0
2020-09-28,0.0,0.0,0.0
2020-09-29,0.0,0.0,0.0
2020-09-30,50.0,0.0,30.0
2020-10-01,77.0,0.0,0.0
2020-10-02,0.0,0.0,0.0
2020-10-03,0.0,0.0,0.0
2020-10-04,0.0,0.0,0.0
2020-10-05,0.0,0.0,10.0
2020-10-06,20.0,0.0,0.0
2020-10-07,15.0,0.0,0.0
2020-10-08,10.0,0.0,0.0
2020-10-09,0.0,0.0,0.0
2020-10-10,0.0,0.0,0.0
2020-10-11,20.0,5.0,5.0
2020-10-12,40.0,0.0,0.0
2020-10-13,0.0,0.0,0.0
2020-10-14,1.0,0.0,0.0
2020-10-15,20.0,3.0,4.0
2020-10-16,20.0,0.0,0.0
2020-10-17,5.0,0.0,0.0
2020-10-18,40.0,0.0,0.0
2020-10-19,0.0,45.0,0.0
2020-10-20,40.0,0.0,0.0
2020-10-21,20.0,0.0,0.0
2020-10-22,0.0,28.0,0.0
2020-10-23,0.0,0.0,0.0
2020-10-24,40.0,0.0,0.0
2020-10-25,20.0,0.0,0.0
2020-10-26,20.0,0.0,0.0
2020-10-27,63.0,0.0,0.0
2020-10-28,20.0,0.0,0.0
2020-10-29,20.0,20.0,0.0
2020-10-30,40.0,30.0,50.0
2020-10-31,45.0,0.0,0.0
2020-11-01,40.0,20.0,0.0
2020-11-02,58.0,15.0,0.0
2020-11-03,40.0,20.0,10.0
2020-11-04,0.0,0.0,0.0
2020-11-05,0.0,0.0,0.0
2020-11-06,0.0,0.0,0.0
2020-11-07,0.0,0.0,10.0
2020-11-08,0.0,0.0,0.0
2020-11-09,0.0,0.0,0.0
2020-11-10,0.0,0.0,0.0
2020-11-11,0.0,20.0,0.0
2020-11-12,0.0,0.0,0.0
2020-11-13,0.0,0.0,0.0
2020-11-14,10.0,0.0,0.0
2020-11-15,0.0,0.0,0.0
2020-11-16,40.0,0.0,0.0
2020-11-17,0.0,0.0,0.0
2020-11-18,0.0,0.0,0.0
2020-11-19,0.0,20.0,0.0
2020-11-20,0.0,0.0,0.0
2020-11-21,0.0,0.0,0.0
2020-11-22,20.0,10.0,0.0
2020-11-23,0.0,0.0,0.0
2020-11-24,0.0,0.0,0.0
2020-11-25,10.0,0.0,0.0
2020-11-26,10.0,0.0,60.0
2020-11-27,0.0,0.0,0.0
2020-11-28,0.0,0.0,0.0
2020-11-29,0.0,0.0,0.0
2020-11-30,10.0,0.0,0.0
2020-12-01,0.0,0.0,0.0
2020-12-02,0.0,0.0,0.0
2020-12-03,0.0,0.0,0.0
2020-12-04,0.0,0.0,0.0
2020-12-05,0.0,0.0,0.0
2020-12-06,0.0,0.0,0.0
2020-12-07,0.0,0.0,0.0
2020-12-08,0.0,0.0,0.0
2020-12-09,0.0,0.0,0.0
2020-12-10,0.0,0.0,0.0
2020-12-11,0.0,0.0,0.0
2020-12-12,0.0,0.0,25.0
2020-12-13,20.0,25.0,0.0
2020-12-14,0.0,0.0,0.0
2020-12-15,0.0,0.0,0.0
2020-12-16,0.0,0.0,0.0
2020-12-17,40.0,0.0,0.0
2020-12-18,0.0,0.0,0.0
2020-12-19,58.0,10.0,0.0
2020-12-20,20.0,0.0,0.0
2020-12-21,0.0,0.0,0.0
2020-12-22,0.0,0.0,0.0
2020-12-23,40.0,40.0,0.0
2020-12-24,10.0,0.0,0.0
2020-12-25,58.0,0.0,0.0
2020-12-26,20.0,0.0,0.0
2020-12-27,20.0,40.0,0.0
2020-12-28,0.0,0.0,0.0
2020-12-29,40.0,20.0,0.0
2020-12-30,0.0,0.0,0.0
2020-12-31,0.0,0.0,0.0
2021-01-01,6.0,0.0,0.0
2021-01-02,1.0,1.0,1.0
2021-01-03,0.0,0.0,0.0
2021-01-04,0.0,0.0,20.0
2021-01-05,0.0,0.0,0.0
2021-01-06,0.0,0.0,0.0
2021-01-07,0.0,0.0,0.0
2021-01-08,0.0,0.0,0.0
