observation_date,DEXUSEU,DGS2,USEPUINDXD,VIXCLS
2017-01-04,1.0476,1.24,101.99,11.85
2017-01-05,1.0598,1.17,134.47,11.67
2017-01-06,1.056,1.22,96.97,11.32
2017-01-09,1.0576,1.21,121.76,11.56
2017-01-10,1.0572,1.19,121.9,11.49
2017-01-11,1.0501,1.2,124.56,11.26
2017-01-12,1.0666,1.18,113.32,11.54
2017-01-13,1.0625,1.21,135.56,11.23
2017-01-17,1.0695,1.17,160.96,11.87
2017-01-18,1.0682,1.23,135.59,12.48
2017-01-19,1.063,1.25,95.56,12.78
2017-01-23,1.074,1.16,154.77,11.77
2017-01-24,1.0749,1.21,136.15,11.07
2017-01-25,1.0743,1.23,175.14,10.81
2017-01-26,1.067,1.21,89.25,10.63
2017-01-27,1.069,1.22,135.05,10.58
2017-01-30,1.0681,1.22,115.06,11.88
2017-01-31,1.0794,1.19,139.29,11.99
2017-02-01,1.0758,1.22,158.28,11.81
2017-02-02,1.0802,1.21,113.53,11.93
2017-02-03,1.0792,1.21,131.28,10.97
2017-02-06,1.0731,1.16,150.83,11.37
2017-02-07,1.069,1.16,121.82,11.29
2017-02-08,1.0708,1.15,118.99,11.45
2017-02-09,1.0658,1.2,74.34,10.88
2017-02-10,1.065,1.2,231.24,10.85
2017-02-13,1.0603,1.2,77.85,11.07
2017-02-14,1.0577,1.25,120.2,10.74
2017-02-15,1.0597,1.27,130.16,11.97
2017-02-16,1.066,1.22,89.07,11.76
2017-02-17,1.0614,1.21,143.29,11.49
2017-02-21,1.0551,1.22,87.54,11.57
2017-02-22,1.0555,1.22,226.71,11.74
2017-02-23,1.0586,1.18,84.74,11.71
2017-02-24,1.058,1.12,99.0,11.47
2017-02-27,1.0624,1.2,117.37,12.09
2017-02-28,1.0618,1.22,114.25,12.92
2017-03-01,1.0564,1.29,111.9,12.54
2017-03-02,1.0514,1.32,125.27,11.81
2017-03-03,1.0552,1.32,88.91,10.96
2017-03-06,1.0586,1.31,104.29,11.24
2017-03-07,1.0582,1.32,71.17,11.45
2017-03-08,1.0547,1.36,124.51,11.86
2017-03-09,1.0586,1.37,95.37,12.3
2017-03-10,1.0667,1.36,81.65,11.66
2017-03-13,1.067,1.4,56.5,11.35
2017-03-14,1.0645,1.4,122.3,12.3
2017-03-15,1.063,1.33,159.48,11.63
2017-03-16,1.0738,1.35,91.44,11.21
2017-03-17,1.0742,1.33,152.01,11.28
2017-03-20,1.0754,1.3,161.69,11.34
2017-03-21,1.081,1.27,184.47,12.47
2017-03-22,1.08,1.27,65.8,12.81
2017-03-23,1.0787,1.26,48.67,13.12
2017-03-24,1.0806,1.26,106.37,12.96
2017-03-27,1.0882,1.27,83.12,12.5
2017-03-28,1.0852,1.3,89.73,11.53
2017-03-29,1.0756,1.26,66.64,11.42
2017-03-30,1.0726,1.28,91.55,11.54
2017-03-31,1.0698,1.27,221.37,12.37
2017-04-03,1.0655,1.24,115.76,12.38
2017-04-04,1.0664,1.25,103.95,11.79
2017-04-05,1.0661,1.24,75.28,12.89
2017-04-06,1.0651,1.24,82.38,12.39
2017-04-07,1.0616,1.29,67.93,12.87
2017-04-10,1.0606,1.29,118.06,14.05
2017-04-11,1.0614,1.24,41.86,15.07
2017-04-12,1.0611,1.24,79.49,15.77
2017-04-13,1.063,1.21,59.73,15.96
2017-04-17,1.066,1.21,119.99,14.66
2017-04-18,1.0706,1.18,71.39,14.42
2017-04-19,1.0707,1.19,93.31,14.93
2017-04-20,1.0758,1.21,55.86,14.15
2017-04-21,1.0694,1.2,124.51,14.63
2017-04-24,1.0846,1.25,144.04,10.84
2017-04-25,1.0941,1.29,58.82,10.76
2017-04-26,1.0872,1.28,70.4,10.85
2017-04-27,1.0864,1.25,63.06,10.36
2017-04-28,1.0895,1.28,62.79,10.82
2017-05-01,1.0912,1.28,97.49,10.11
2017-05-02,1.091,1.27,89.58,10.59
2017-05-03,1.092,1.3,86.79,10.68
2017-05-04,1.0967,1.32,184.47,10.46
2017-05-05,1.0996,1.32,72.21,10.57
2017-05-08,1.0928,1.33,113.15,9.77
2017-05-09,1.0875,1.37,84.95,9.96
2017-05-10,1.0873,1.35,67.32,10.21
2017-05-11,1.0869,1.35,49.78,10.6
2017-05-12,1.0926,1.29,129.4,10.4
2017-05-15,1.0979,1.31,169.44,10.42
2017-05-16,1.1072,1.29,118.0,10.65
2017-05-17,1.1134,1.26,62.79,15.59
2017-05-18,1.113,1.27,89.48,14.66
2017-05-19,1.119,1.28,87.23,12.04
2017-05-22,1.1236,1.29,83.62,10.93
2017-05-23,1.1198,1.31,64.98,10.72
2017-05-24,1.1175,1.29,76.1,10.02
2017-05-25,1.1218,1.3,51.65,9.99
2017-05-26,1.117,1.3,62.91,9.81
2017-05-30,1.1183,1.28,45.36,10.38
2017-05-31,1.1236,1.28,168.16,10.41
2017-06-01,1.1214,1.28,100.04,9.89
2017-06-02,1.127,1.28,61.36,9.75
2017-06-05,1.125,1.32,274.58,10.07
2017-06-06,1.1266,1.3,85.3,10.45
2017-06-07,1.1236,1.32,46.07,10.39
2017-06-08,1.1217,1.33,33.16,10.16
2017-06-09,1.119,1.35,65.8,10.7
2017-06-12,1.1204,1.35,98.63,11.46
2017-06-13,1.1194,1.38,144.57,10.42
2017-06-14,1.1277,1.35,48.72,10.64
2017-06-15,1.1152,1.35,67.05,10.9
2017-06-16,1.1194,1.32,80.07,10.38
2017-06-19,1.116,1.36,75.3,10.37
2017-06-20,1.1124,1.36,93.24,10.86
2017-06-21,1.1143,1.36,90.96,10.75
2017-06-22,1.1148,1.34,93.79,10.48
2017-06-23,1.1196,1.34,135.04,10.02
2017-06-26,1.1196,1.36,44.92,9.9
2017-06-27,1.13,1.38,93.1,11.06
2017-06-28,1.1364,1.34,95.31,10.03
2017-06-29,1.142,1.38,65.45,11.44
2017-06-30,1.1411,1.38,111.89,11.18
2017-07-03,1.1367,1.41,101.66,11.22
2017-07-05,1.1336,1.41,57.04,11.07
2017-07-06,1.1409,1.4,76.45,12.54
2017-07-07,1.1396,1.4,160.41,11.19
2017-07-10,1.1396,1.4,92.94,11.11
2017-07-11,1.143,1.37,85.23,10.89
2017-07-12,1.1411,1.35,70.04,10.3
2017-07-13,1.1385,1.37,73.54,9.9
2017-07-14,1.1452,1.35,90.61,9.51
2017-07-17,1.147,1.36,92.6,9.82
2017-07-18,1.1578,1.36,88.82,9.89
2017-07-19,1.1518,1.37,51.42,9.79
2017-07-20,1.1634,1.37,100.4,9.58
2017-07-21,1.1655,1.36,73.36,9.36
2017-07-24,1.1642,1.37,305.98,9.43
2017-07-25,1.1656,1.4,162.68,9.43
2017-07-26,1.1632,1.36,80.27,9.6
2017-07-27,1.1656,1.36,40.48,10.11
2017-07-28,1.1754,1.34,45.32,10.29
2017-07-31,1.1826,1.34,80.96,10.26
2017-08-01,1.1799,1.34,70.77,10.09
2017-08-02,1.1861,1.36,57.38,10.28
2017-08-03,1.188,1.34,61.0,10.44
2017-08-04,1.1754,1.36,63.9,10.03
2017-08-07,1.1788,1.36,96.65,9.93
2017-08-08,1.1724,1.36,56.87,10.96
2017-08-09,1.1748,1.33,62.08,11.11
2017-08-10,1.1751,1.33,66.59,16.04
2017-08-11,1.1811,1.3,41.93,15.51
2017-08-14,1.1786,1.33,88.94,12.33
2017-08-15,1.1736,1.35,86.83,12.04
2017-08-16,1.1703,1.33,47.71,11.74
2017-08-17,1.1736,1.32,56.82,15.55
2017-08-18,1.1748,1.33,60.34,14.26
2017-08-21,1.1814,1.32,60.63,13.19
2017-08-22,1.1762,1.33,74.28,11.35
2017-08-23,1.1802,1.32,69.07,12.25
2017-08-24,1.1801,1.33,42.9,12.23
2017-08-25,1.1874,1.35,72.15,11.28
2017-08-28,1.1973,1.33,80.49,11.32
2017-08-29,1.2025,1.33,81.46,11.7
2017-08-30,1.1927,1.33,42.02,11.22
2017-08-31,1.1894,1.33,43.34,10.59
2017-09-01,1.1878,1.35,57.53,10.13
2017-09-05,1.1911,1.3,142.33,12.23
2017-09-06,1.1943,1.3,198.18,11.63
2017-09-07,1.2028,1.27,88.44,11.55
2017-09-08,1.2041,1.27,68.98,12.12
2017-09-11,1.1964,1.32,94.13,10.73
2017-09-12,1.1968,1.33,59.02,10.58
2017-09-13,1.1898,1.35,71.31,10.5
2017-09-14,1.1886,1.37,120.33,10.44
2017-09-15,1.1959,1.39,72.36,10.17
2017-09-18,1.1938,1.4,68.55,10.15
2017-09-19,1.198,1.4,58.25,10.18
2017-09-20,1.1998,1.45,52.37,9.78
2017-09-21,1.1946,1.45,55.35,9.67
2017-09-22,1.1969,1.46,63.09,9.59
2017-09-25,1.1852,1.44,105.42,10.21
2017-09-26,1.1772,1.45,58.14,10.17
2017-09-27,1.1747,1.47,63.54,9.87
2017-09-28,1.1776,1.45,103.05,9.55
2017-09-29,1.1813,1.47,107.61,9.51
2017-10-02,1.1745,1.49,75.31,9.45
2017-10-03,1.1759,1.47,52.47,9.51
2017-10-04,1.176,1.47,48.06,9.63
2017-10-05,1.1706,1.49,40.99,9.19
2017-10-06,1.1732,1.54,85.68,9.65
2017-10-10,1.1804,1.51,74.46,10.08
2017-10-11,1.1847,1.51,60.44,9.85
2017-10-12,1.184,1.51,37.61,9.91
2017-10-13,1.1837,1.51,63.88,9.61
2017-10-16,1.181,1.54,98.42,9.91
2017-10-17,1.1754,1.54,49.38,10.31
2017-10-18,1.1775,1.59,100.11,10.07
2017-10-19,1.1842,1.58,82.48,10.05
2017-10-20,1.177,1.6,62.32,9.97
2017-10-23,1.1762,1.58,136.2,11.07
2017-10-24,1.1766,1.6,37.25,11.16
2017-10-25,1.1802,1.61,60.11,11.23
2017-10-26,1.17,1.63,114.37,11.3
2017-10-27,1.158,1.59,87.39,9.8
2017-10-30,1.1626,1.58,64.62,10.5
2017-10-31,1.1648,1.6,50.39,10.18
2017-11-01,1.1618,1.61,66.7,10.2
2017-11-02,1.1672,1.61,85.31,9.93
2017-11-03,1.1616,1.63,103.89,9.14
2017-11-06,1.16,1.61,92.35,9.4
2017-11-07,1.1577,1.63,100.93,9.89
2017-11-08,1.1591,1.65,67.48,9.78
2017-11-09,1.1648,1.63,65.11,10.5
2017-11-13,1.1656,1.7,134.97,11.5
2017-11-14,1.1764,1.68,107.88,11.59
2017-11-15,1.1794,1.68,58.1,13.13
2017-11-16,1.1772,1.72,83.79,11.76
2017-11-17,1.1799,1.73,98.62,11.43
2017-11-20,1.1741,1.77,79.5,10.65
2017-11-21,1.1741,1.77,199.49,9.73
2017-11-22,1.1789,1.74,52.93,9.88
2017-11-24,1.1936,1.75,34.88,9.67
2017-11-27,1.1911,1.74,31.11,9.87
2017-11-28,1.1878,1.75,206.63,10.03
2017-11-29,1.1858,1.78,103.98,10.7
2017-11-30,1.1898,1.78,101.48,11.28
2017-12-01,1.191,1.78,86.95,11.43
2017-12-04,1.1848,1.8,101.07,11.68
2017-12-05,1.182,1.83,95.44,11.33
2017-12-06,1.1788,1.78,57.79,11.02
2017-12-07,1.179,1.8,40.69,10.16
2017-12-08,1.1761,1.8,63.52,9.58
2017-12-11,1.1802,1.82,81.46,9.34
2017-12-12,1.1725,1.83,66.43,9.92
2017-12-13,1.1762,1.79,52.01,10.18
2017-12-14,1.1778,1.82,32.59,10.49
2017-12-15,1.1778,1.84,104.84,9.42
2017-12-18,1.1804,1.84,94.77,9.53
2017-12-19,1.1822,1.87,82.4,10.03
2017-12-20,1.1881,1.87,57.2,9.72
2017-12-21,1.1872,1.89,92.94,9.62
2017-12-22,1.1839,1.91,72.69,9.9
2017-12-26,1.1867,1.92,106.31,10.25
2017-12-27,1.1902,1.89,58.44,10.47
2017-12-28,1.1952,1.91,63.24,10.18
2017-12-29,1.2022,1.89,146.43,11.04
2018-01-02,1.205,1.92,111.2,9.77
2018-01-03,1.203,1.94,52.45,9.15
2018-01-04,1.2064,1.96,243.48,9.22
2018-01-05,1.2039,1.96,108.68,9.22
2018-01-08,1.1973,1.96,77.28,9.52
2018-01-09,1.1922,1.98,157.58,10.08
2018-01-10,1.1958,1.98,89.18,9.82
2018-01-11,1.2035,1.98,111.72,9.88
2018-01-12,1.213,1.99,107.69,10.16
2018-01-16,1.2244,2.03,61.57,11.66
2018-01-17,1.2229,2.05,61.83,11.91
2018-01-18,1.2238,2.05,115.86,12.22
2018-01-19,1.2238,2.06,88.34,11.27
2018-01-22,1.223,2.08,110.72,11.03
2018-01-23,1.2277,2.06,74.52,11.1
2018-01-24,1.239,2.08,93.27,11.47
2018-01-25,1.2488,2.08,77.97,11.58
2018-01-26,1.2422,2.13,110.0,11.08
2018-01-29,1.2352,2.11,85.23,13.84
2018-01-30,1.239,2.13,68.45,14.79
2018-01-31,1.2428,2.14,71.84,13.54
2018-02-01,1.2482,2.16,49.78,13.47
2018-02-02,1.2446,2.15,61.2,17.31
2018-02-05,1.2418,2.08,145.79,37.32
2018-02-06,1.2381,2.1,92.59,29.98
2018-02-07,1.2281,2.15,58.29,27.73
2018-02-08,1.2238,2.13,89.29,33.46
2018-02-09,1.2226,2.05,82.68,29.06
2018-02-12,1.2267,2.09,80.89,25.61
2018-02-13,1.2363,2.1,104.55,24.97
2018-02-14,1.2396,2.17,107.01,19.26
2018-02-15,1.2482,2.19,88.63,19.13
2018-02-16,1.2442,2.21,80.52,19.46
2018-02-20,1.2348,2.25,80.15,20.6
2018-02-21,1.2314,2.26,95.81,20.02
2018-02-22,1.2326,2.25,50.25,18.72
2018-02-23,1.2298,2.25,55.72,16.49
2018-02-26,1.2296,2.22,68.6,15.8
2018-02-27,1.2239,2.27,52.64,18.59
2018-02-28,1.2211,2.25,46.68,19.85
2018-03-01,1.2216,2.22,69.3,22.47
2018-03-02,1.2314,2.25,39.63,19.59
2018-03-05,1.233,2.24,148.37,18.73
2018-03-06,1.2415,2.25,133.87,18.36
2018-03-07,1.2397,2.25,87.33,17.76
2018-03-08,1.2314,2.25,57.0,16.54
2018-03-09,1.2326,2.27,132.57,14.64
2018-03-12,1.2318,2.27,107.4,15.78
2018-03-13,1.2398,2.26,54.85,16.35
2018-03-14,1.2362,2.26,79.61,17.23
2018-03-15,1.2321,2.29,43.98,16.59
2018-03-16,1.228,2.31,110.96,15.8
2018-03-19,1.2329,2.31,74.64,19.02
2018-03-20,1.2271,2.34,79.32,18.2
2018-03-21,1.2268,2.31,55.83,17.86
2018-03-22,1.231,2.29,57.36,23.34
2018-03-23,1.236,2.28,66.64,24.87
2018-03-26,1.244,2.33,89.77,21.03
2018-03-27,1.241,2.26,22.48,22.5
2018-03-28,1.2351,2.28,26.48,22.87
2018-03-29,1.2297,2.27,16.75,19.97
2018-04-02,1.2288,2.25,167.71,23.62
2018-04-03,1.2261,2.28,88.73,21.1
2018-04-04,1.2292,2.28,52.9,20.06
2018-04-05,1.223,2.3,109.08,18.94
2018-04-06,1.2274,2.27,70.62,21.49
2018-04-09,1.232,2.29,275.14,21.77
2018-04-10,1.2338,2.32,56.17,20.47
2018-04-11,1.2384,2.32,79.88,20.24
2018-04-12,1.232,2.34,190.11,18.49
2018-04-13,1.2322,2.37,141.34,17.41
2018-04-16,1.2373,2.39,65.26,16.56
2018-04-17,1.2345,2.41,65.55,15.25
2018-04-18,1.238,2.42,71.44,15.6
2018-04-19,1.2336,2.44,46.61,15.96
2018-04-20,1.2282,2.46,47.54,16.88
2018-04-23,1.2216,2.49,66.91,16.34
2018-04-24,1.2226,2.48,35.09,18.02
2018-04-25,1.2178,2.49,108.69,17.84
2018-04-26,1.2113,2.49,68.42,16.24
2018-04-27,1.2108,2.49,25.82,15.41
2018-04-30,1.2074,2.49,86.67,15.93
2018-05-01,1.2,2.5,101.87,15.49
2018-05-02,1.1968,2.49,95.92,15.97
2018-05-03,1.197,2.49,57.16,15.9
2018-05-04,1.1946,2.51,38.51,14.77
2018-05-07,1.1927,2.49,96.74,14.75
2018-05-08,1.1863,2.51,100.02,14.71
2018-05-09,1.1852,2.54,62.2,13.42
2018-05-10,1.1896,2.54,74.02,13.23
2018-05-11,1.1951,2.54,78.27,12.65
2018-05-14,1.1976,2.55,127.21,12.93
2018-05-15,1.1864,2.58,42.73,14.63
2018-05-16,1.1788,2.58,50.06,13.42
2018-05-17,1.1798,2.57,74.49,13.43
2018-05-18,1.1775,2.55,129.32,13.42
2018-05-21,1.1768,2.58,87.84,13.08
2018-05-22,1.1783,2.59,92.17,13.22
2018-05-23,1.1693,2.53,171.23,12.58
2018-05-24,1.1729,2.5,48.9,12.53
2018-05-25,1.1666,2.48,102.1,13.22
2018-05-29,1.1551,2.32,50.44,17.02
2018-05-30,1.1664,2.42,135.21,14.94
2018-05-31,1.167,2.4,77.32,15.43
2018-06-01,1.1679,2.47,109.62,13.46
2018-06-04,1.1696,2.52,80.79,12.74
2018-06-05,1.1672,2.49,36.31,12.4
2018-06-06,1.1778,2.52,37.98,11.64
2018-06-07,1.1815,2.5,55.99,12.13
2018-06-08,1.1773,2.5,112.51,12.18
2018-06-11,1.1802,2.52,138.36,12.35
2018-06-12,1.1792,2.54,235.59,12.34
2018-06-13,1.1784,2.59,137.07,12.94
2018-06-14,1.1634,2.59,96.72,12.12
2018-06-15,1.1616,2.55,68.71,11.98
2018-06-18,1.1606,2.56,79.32,12.31
2018-06-19,1.1577,2.54,165.86,13.35
2018-06-20,1.1592,2.56,222.05,12.79
2018-06-21,1.16,2.56,71.67,14.64
2018-06-22,1.163,2.56,80.35,13.77
2018-06-25,1.1694,2.54,63.53,17.33
2018-06-26,1.1675,2.53,218.91,15.92
2018-06-27,1.1588,2.52,39.58,17.91
2018-06-28,1.1582,2.52,89.28,16.85
2018-06-29,1.1677,2.52,54.02,16.09
2018-07-02,1.1604,2.57,80.26,15.6
2018-07-03,1.1653,2.53,119.73,16.14
2018-07-05,1.1697,2.55,80.07,14.97
2018-07-06,1.1738,2.53,184.49,13.37
2018-07-09,1.1744,2.57,110.48,12.69
2018-07-10,1.1728,2.59,81.98,12.64
2018-07-11,1.1722,2.58,40.76,13.63
2018-07-12,1.1692,2.6,84.92,12.58
2018-07-13,1.1667,2.59,74.75,12.18
2018-07-16,1.171,2.59,89.31,12.83
2018-07-17,1.1664,2.62,58.55,12.06
2018-07-18,1.1645,2.6,75.12,12.1
2018-07-19,1.1604,2.6,55.33,12.87
2018-07-20,1.1708,2.6,132.11,12.86
2018-07-23,1.1702,2.64,78.59,12.62
2018-07-24,1.1684,2.63,77.37,12.41
2018-07-25,1.1677,2.66,57.92,12.29
2018-07-26,1.1654,2.69,104.65,12.14
2018-07-27,1.166,2.67,61.47,13.03
2018-07-30,1.1718,2.66,153.38,14.26
2018-07-31,1.1706,2.67,91.35,12.83
2018-08-01,1.1666,2.67,57.71,13.15
2018-08-02,1.1612,2.66,117.93,12.19
2018-08-03,1.1597,2.63,87.73,11.64
2018-08-06,1.1564,2.64,112.91,11.27
2018-08-07,1.1597,2.68,72.24,10.93
2018-08-08,1.1598,2.68,56.98,10.85
2018-08-09,1.1566,2.64,69.96,11.27
2018-08-10,1.1399,2.61,76.97,13.16
2018-08-13,1.1396,2.61,88.52,14.78
2018-08-14,1.1351,2.63,55.18,13.31
2018-08-15,1.1332,2.61,20.08,14.64
2018-08-16,1.1388,2.63,30.89,13.45
2018-08-17,1.141,2.61,62.36,12.64
2018-08-20,1.1438,2.6,45.18,12.49
2018-08-21,1.1534,2.61,81.92,12.86
2018-08-22,1.1595,2.6,38.52,12.25
2018-08-23,1.1567,2.61,89.75,12.41
2018-08-24,1.1625,2.63,80.33,11.99
2018-08-27,1.1676,2.67,108.44,12.16
2018-08-28,1.172,2.67,165.65,12.5
2018-08-29,1.1699,2.67,92.96,12.25
2018-08-30,1.1646,2.64,90.46,13.53
2018-08-31,1.1596,2.62,121.46,12.86
2018-09-04,1.1566,2.66,74.36,13.16
2018-09-05,1.162,2.66,37.66,13.91
2018-09-06,1.1624,2.64,68.5,14.65
2018-09-07,1.1572,2.71,67.9,14.88
2018-09-10,1.1604,2.73,47.25,14.16
2018-09-11,1.1591,2.76,49.37,13.22
2018-09-12,1.1626,2.74,40.31,13.14
2018-09-13,1.1672,2.76,29.73,12.37
2018-09-14,1.1656,2.78,36.1,12.07
2018-09-17,1.1687,2.78,100.71,13.68
2018-09-18,1.1693,2.81,71.72,12.79
2018-09-19,1.1685,2.81,74.06,11.75
2018-09-20,1.1744,2.81,54.24,11.8
2018-09-21,1.1739,2.81,88.17,11.68
2018-09-24,1.1773,2.83,89.13,12.2
2018-09-25,1.177,2.83,55.65,12.42
2018-09-26,1.1758,2.83,37.16,12.89
2018-09-27,1.167,2.83,22.95,12.41
2018-09-28,1.1622,2.81,52.38,12.12
2018-10-01,1.1567,2.82,166.69,12.0
2018-10-02,1.156,2.82,130.93,12.05
2018-10-03,1.1525,2.85,107.49,11.61
2018-10-04,1.1508,2.87,119.36,14.22
2018-10-05,1.1502,2.88,66.64,14.82
2018-10-09,1.1482,2.88,31.39,15.95
2018-10-10,1.1541,2.88,58.99,22.96
2018-10-11,1.1565,2.85,68.38,24.98
2018-10-12,1.1559,2.85,103.11,21.31
2018-10-15,1.1594,2.85,85.8,21.3
2018-10-16,1.1593,2.87,109.71,17.62
2018-10-17,1.154,2.89,77.94,17.4
2018-10-18,1.1494,2.87,100.13,20.06
2018-10-19,1.1513,2.92,70.3,19.89
2018-10-22,1.1467,2.92,89.49,19.64
2018-10-23,1.148,2.89,52.04,20.71
2018-10-24,1.1389,2.84,73.6,25.23
2018-10-25,1.1374,2.86,89.53,24.22
2018-10-26,1.1388,2.81,65.53,24.16
2018-10-29,1.139,2.81,64.23,24.7
2018-10-30,1.1364,2.84,51.28,23.35
2018-10-31,1.1332,2.87,79.07,21.23
2018-11-01,1.1396,2.84,84.17,19.34
2018-11-02,1.1378,2.91,82.99,19.51
2018-11-05,1.1394,2.91,90.47,19.96
2018-11-06,1.1412,2.93,148.95,19.91
2018-11-07,1.1459,2.96,61.17,16.36
2018-11-08,1.1416,2.98,51.63,16.72
2018-11-09,1.1325,2.94,41.01,17.36
2018-11-13,1.1288,2.89,64.87,20.02
2018-11-14,1.1312,2.86,53.94,21.25
2018-11-15,1.1324,2.86,55.04,19.98
2018-11-16,1.1402,2.81,30.47,18.14
2018-11-19,1.1448,2.79,10.92,20.1
2018-11-20,1.1391,2.79,29.26,22.48
2018-11-21,1.1393,2.81,46.86,20.8
2018-11-23,1.1332,2.81,24.17,21.52
2018-11-26,1.1336,2.84,168.44,18.9
2018-11-27,1.1281,2.83,93.08,19.02
2018-11-28,1.1286,2.81,100.92,18.49
2018-11-29,1.1382,2.81,183.21,18.79
2018-11-30,1.1323,2.8,136.43,18.07
2018-12-03,1.1356,2.83,158.49,16.44
2018-12-04,1.1345,2.8,109.29,20.74
2018-12-06,1.1374,2.75,110.19,21.19
2018-12-07,1.139,2.72,101.45,23.23
2018-12-10,1.1368,2.72,71.08,22.64
2018-12-11,1.1314,2.78,88.44,21.76
2018-12-12,1.1362,2.77,57.97,21.46
2018-12-13,1.1358,2.75,121.67,20.65
2018-12-14,1.13,2.73,86.56,21.63
2018-12-17,1.1339,2.7,101.75,24.52
2018-12-18,1.1364,2.65,103.24,25.58
2018-12-19,1.1422,2.63,114.17,25.58
2018-12-20,1.1432,2.67,79.38,28.38
2018-12-21,1.1402,2.63,144.91,30.11
2018-12-26,1.1408,2.61,198.19,30.41
2018-12-27,1.1412,2.56,161.1,29.96
2018-12-28,1.1445,2.52,156.65,28.34
2018-12-31,1.1456,2.48,149.82,25.42
2019-01-02,1.1357,2.5,146.97,23.22
2019-01-03,1.1399,2.39,212.58,25.45
2019-01-04,1.141,2.5,153.15,21.38
2019-01-07,1.1468,2.53,148.61,21.4
2019-01-08,1.1444,2.58,259.25,20.47
2019-01-09,1.1524,2.56,120.42,19.98
2019-01-10,1.1517,2.56,148.84,19.5
2019-01-11,1.1479,2.55,170.68,18.19
2019-01-15,1.1392,2.53,104.39,18.6
2019-01-16,1.1408,2.55,173.46,19.04
2019-01-17,1.1386,2.56,168.92,18.06
2019-01-18,1.1362,2.62,154.17,17.8
2019-01-22,1.1359,2.58,107.95,20.8
2019-01-23,1.139,2.58,88.26,19.52
2019-01-24,1.1322,2.56,106.06,18.89
2019-01-25,1.1407,2.6,105.17,17.42
2019-01-28,1.1438,2.6,73.71,18.87
2019-01-29,1.1424,2.56,62.53,19.13
2019-01-30,1.1418,2.52,123.71,17.66
2019-01-31,1.1454,2.45,126.24,16.57
2019-02-01,1.1474,2.52,95.81,16.14
2019-02-04,1.1438,2.53,216.31,15.73
2019-02-05,1.1406,2.53,87.75,15.57
2019-02-06,1.138,2.52,145.25,15.38
2019-02-07,1.1357,2.48,93.79,16.37
2019-02-08,1.1326,2.45,76.81,15.72
2019-02-11,1.1277,2.48,59.53,15.97
2019-02-12,1.1316,2.5,45.91,15.43
2019-02-13,1.1288,2.53,93.01,15.65
2019-02-14,1.1284,2.5,35.99,16.22
2019-02-15,1.1268,2.52,55.54,14.91
2019-02-19,1.1328,2.5,79.79,14.88
2019-02-21,1.1338,2.53,87.44,14.46
2019-02-22,1.1342,2.48,115.34,13.51
2019-02-25,1.1345,2.51,84.03,14.85
2019-02-26,1.1374,2.48,68.54,15.17
2019-02-27,1.137,2.5,128.81,14.7
2019-02-28,1.1379,2.52,125.24,14.78
2019-03-01,1.1376,2.55,110.76,13.57
2019-03-04,1.1328,2.55,71.01,14.63
2019-03-05,1.13,2.55,138.38,14.74
2019-03-06,1.132,2.52,78.64,15.74
2019-03-07,1.1214,2.47,138.86,16.59
2019-03-08,1.1243,2.45,81.81,16.05
2019-03-11,1.1226,2.47,161.35,14.33
2019-03-12,1.1276,2.45,93.23,13.77
2019-03-13,1.131,2.45,81.38,13.41
2019-03-14,1.1304,2.46,56.33,13.5
2019-03-15,1.1326,2.43,66.48,12.88
2019-03-18,1.1337,2.45,77.23,13.1
2019-03-19,1.1346,2.46,82.83,13.56
2019-03-20,1.1352,2.4,75.89,13.91
2019-03-21,1.1361,2.41,91.17,13.63
2019-03-22,1.1282,2.31,83.99,16.48
2019-03-25,1.1324,2.26,69.27,16.33
2019-03-26,1.128,2.24,78.28,14.68
2019-03-27,1.125,2.22,92.66,15.15
2019-03-28,1.1236,2.23,53.74,14.43
2019-03-29,1.1228,2.27,91.25,13.71
2019-04-01,1.121,2.33,117.34,13.4
2019-04-02,1.1186,2.3,130.56,13.36
2019-04-03,1.1242,2.33,81.95,13.74
2019-04-04,1.1216,2.33,82.78,13.58
2019-04-05,1.1217,2.35,50.15,12.82
2019-04-08,1.1262,2.36,58.07,13.18
2019-04-09,1.1278,2.35,60.19,14.28
2019-04-10,1.1266,2.31,71.78,13.3
2019-04-11,1.1262,2.35,54.57,13.02
2019-04-12,1.1304,2.4,75.79,12.01
2019-04-15,1.1304,2.4,76.25,12.32
2019-04-16,1.1293,2.41,58.1,12.18
2019-04-17,1.1297,2.4,63.24,12.6
2019-04-18,1.1241,2.38,56.96,12.09
2019-04-22,1.1258,2.38,78.68,12.42
2019-04-23,1.1213,2.36,56.96,12.28
2019-04-24,1.1192,2.32,60.14,13.14
2019-04-25,1.114,2.33,76.31,13.25
2019-04-26,1.1154,2.28,67.89,12.73
2019-04-29,1.1166,2.3,97.53,13.11
2019-04-30,1.1201,2.27,75.34,13.12
2019-05-01,1.1246,2.31,112.75,14.8
2019-05-02,1.1184,2.35,30.2,14.42
2019-05-03,1.1186,2.33,57.65,12.87
2019-05-06,1.1197,2.31,93.78,15.44
2019-05-07,1.1178,2.28,111.09,19.32
2019-05-08,1.1206,2.3,101.81,19.4
2019-05-09,1.1228,2.26,67.46,19.1
2019-05-10,1.1241,2.26,108.12,16.04
2019-05-13,1.1232,2.18,94.65,20.55
2019-05-14,1.1207,2.2,126.65,18.06
2019-05-15,1.1208,2.16,132.3,16.44
2019-05-16,1.1178,2.2,94.72,15.29
2019-05-17,1.1166,2.2,117.89,15.96
2019-05-20,1.117,2.21,95.08,16.31
2019-05-21,1.1158,2.26,73.8,14.95
2019-05-22,1.1156,2.23,69.8,14.75
2019-05-23,1.1172,2.12,71.04,16.92
2019-05-24,1.1197,2.16,144.24,15.85
2019-05-28,1.1177,2.12,69.48,17.5
2019-05-29,1.1136,2.09,55.62,17.9
2019-05-30,1.114,2.06,50.84,17.3
2019-05-31,1.1149,1.95,94.35,18.71
2019-06-03,1.1206,1.82,72.86,18.86
2019-06-04,1.1236,1.88,120.06,16.97
2019-06-05,1.1242,1.83,217.51,16.09
2019-06-06,1.1294,1.88,137.43,15.93
2019-06-07,1.1324,1.85,242.25,16.3
2019-06-10,1.1311,1.9,162.1,15.94
2019-06-11,1.1316,1.93,130.24,15.99
2019-06-12,1.131,1.88,116.03,15.91
2019-06-13,1.1275,1.83,143.87,15.82
2019-06-14,1.1217,1.84,145.07,15.28
2019-06-17,1.1235,1.86,82.16,15.35
2019-06-18,1.1196,1.86,146.35,15.15
2019-06-19,1.1214,1.74,77.89,14.33
2019-06-20,1.1284,1.72,116.67,14.75
2019-06-21,1.1328,1.77,178.92,15.4
2019-06-24,1.1393,1.72,92.75,15.26
2019-06-25,1.1386,1.71,74.19,16.28
2019-06-26,1.139,1.77,142.51,16.21
2019-06-27,1.1372,1.74,64.08,15.82
2019-06-28,1.1374,1.75,129.48,15.08
2019-07-01,1.1307,1.78,174.62,14.06
2019-07-02,1.1301,1.77,144.12,12.93
2019-07-03,1.1275,1.77,126.27,12.57
2019-07-05,1.1216,1.87,72.83,13.28
2019-07-08,1.1208,1.88,72.06,13.96
2019-07-09,1.121,1.92,40.14,14.09
2019-07-10,1.126,1.82,45.62,13.03
2019-07-11,1.1261,1.85,103.84,12.93
2019-07-12,1.1254,1.84,72.49,12.39
2019-07-15,1.126,1.83,72.19,12.68
2019-07-16,1.1212,1.87,53.41,12.86
2019-07-17,1.1232,1.83,77.06,13.97
2019-07-18,1.1228,1.77,61.63,13.53
2019-07-19,1.122,1.8,61.84,14.45
2019-07-22,1.1214,1.8,75.32,13.53
2019-07-23,1.1156,1.83,114.24,12.61
2019-07-24,1.1141,1.83,79.72,12.07
2019-07-25,1.1156,1.86,40.68,12.74
2019-07-26,1.1121,1.86,116.11,12.16
2019-07-29,1.1142,1.85,86.97,12.83
2019-07-30,1.1148,1.85,139.24,13.94
2019-07-31,1.113,1.89,103.01,16.12
2019-08-01,1.1062,1.73,150.2,17.87
2019-08-02,1.1112,1.72,117.41,17.61
2019-08-05,1.1197,1.59,83.03,24.59
2019-08-06,1.1196,1.6,84.05,20.17
2019-08-07,1.1236,1.59,92.22,19.49
2019-08-08,1.121,1.62,93.48,16.91
2019-08-09,1.1222,1.63,92.35,17.97
2019-08-12,1.1212,1.58,109.59,21.09
2019-08-13,1.1182,1.66,70.1,17.52
2019-08-14,1.1144,1.58,133.71,22.1
2019-08-15,1.1106,1.48,144.25,21.18
2019-08-16,1.1091,1.48,105.71,18.47
2019-08-19,1.1096,1.53,144.84,16.88
2019-08-20,1.1092,1.5,229.29,17.5
2019-08-21,1.1098,1.56,278.29,15.8
2019-08-22,1.1089,1.61,186.06,16.68
2019-08-23,1.1148,1.51,268.83,19.87
2019-08-26,1.1112,1.54,267.98,19.32
2019-08-27,1.1094,1.53,173.5,20.31
2019-08-28,1.1084,1.5,132.75,19.35
2019-08-29,1.1059,1.53,100.25,17.88
2019-08-30,1.0989,1.5,116.43,18.98
2019-09-03,1.0968,1.47,95.61,19.66
2019-09-04,1.1025,1.43,92.02,17.33
2019-09-05,1.1038,1.55,106.57,16.27
2019-09-06,1.1042,1.53,130.51,15.0
2019-09-09,1.1056,1.58,65.84,15.27
2019-09-10,1.1042,1.67,64.63,15.2
2019-09-11,1.1001,1.68,58.52,14.61
2019-09-12,1.1074,1.72,100.33,14.22
2019-09-13,1.1074,1.79,103.12,13.74
2019-09-16,1.1006,1.74,67.24,14.67
2019-09-17,1.1063,1.72,79.18,14.44
2019-09-18,1.1061,1.77,72.64,13.95
2019-09-19,1.1046,1.74,184.82,14.05
2019-09-20,1.1004,1.69,98.34,15.32
2019-09-23,1.0991,1.68,134.52,14.91
2019-09-24,1.0999,1.6,120.81,17.05
2019-09-25,1.0949,1.68,144.83,15.96
2019-09-26,1.0938,1.66,60.07,16.07
2019-09-27,1.0942,1.63,101.26,17.22
2019-09-30,1.0905,1.63,113.0,16.24
2019-10-01,1.0932,1.56,65.08,18.56
2019-10-02,1.0951,1.48,92.82,20.56
2019-10-03,1.0991,1.39,46.59,19.12
2019-10-04,1.0974,1.4,105.75,17.04
2019-10-07,1.0984,1.46,137.56,17.86
2019-10-08,1.0949,1.42,165.35,20.28
2019-10-09,1.0978,1.47,62.58,18.64
2019-10-10,1.1018,1.53,119.93,17.57
2019-10-11,1.1039,1.63,95.08,15.58
2019-10-15,1.1036,1.61,68.05,13.54
2019-10-16,1.1075,1.58,114.65,13.68
2019-10-17,1.1129,1.6,156.8,13.79
2019-10-18,1.1155,1.58,64.05,14.25
2019-10-21,1.1145,1.62,57.74,14.0
2019-10-22,1.1138,1.6,42.25,14.46
2019-10-23,1.1118,1.58,80.02,14.01
2019-10-24,1.1098,1.58,56.27,13.71
2019-10-25,1.1081,1.63,67.88,12.65
2019-10-28,1.1094,1.64,28.94,13.11
2019-10-29,1.1117,1.64,134.13,13.2
2019-10-30,1.1123,1.61,111.12,12.33
2019-10-31,1.1155,1.52,133.29,13.22
2019-11-01,1.1169,1.56,35.14,12.3
2019-11-04,1.1144,1.6,75.66,12.83
2019-11-05,1.107,1.63,129.4,13.1
2019-11-06,1.1076,1.61,48.77,12.62
2019-11-07,1.1045,1.68,67.84,12.73
2019-11-08,1.1019,1.68,127.43,12.07
2019-11-12,1.1017,1.66,89.57,12.68
2019-11-13,1.1004,1.63,106.88,13.0
2019-11-14,1.1016,1.58,53.75,13.05
2019-11-15,1.1046,1.61,56.77,12.05
2019-11-18,1.1079,1.6,19.85,12.46
2019-11-19,1.1075,1.6,33.14,12.86
2019-11-20,1.1063,1.56,46.27,12.78
2019-11-21,1.1067,1.6,65.17,13.13
2019-11-22,1.1029,1.61,83.86,12.34
2019-11-25,1.1009,1.61,41.17,11.87
2019-11-26,1.1012,1.58,37.49,11.54
2019-11-27,1.1002,1.63,37.18,11.75
2019-11-29,1.1019,1.61,122.19,12.62
2019-12-02,1.1075,1.61,86.08,14.91
2019-12-03,1.1089,1.53,69.28,15.96
2019-12-04,1.1076,1.58,64.18,14.8
2019-12-05,1.1104,1.58,36.86,14.52
2019-12-06,1.1052,1.61,134.85,13.62
2019-12-09,1.1067,1.63,130.15,15.86
2019-12-10,1.109,1.65,189.13,15.68
2019-12-11,1.1092,1.61,111.83,14.99
2019-12-12,1.1115,1.66,99.79,13.94
2019-12-13,1.1128,1.61,164.4,12.63
2019-12-16,1.1139,1.65,79.66,12.14
2019-12-17,1.1148,1.63,140.79,12.29
2019-12-18,1.1113,1.63,89.87,12.58
2019-12-19,1.1128,1.62,70.52,12.5
2019-12-20,1.1076,1.63,141.48,12.51
2019-12-23,1.1091,1.64,110.91,12.61
2019-12-24,1.1084,1.62,97.08,12.67
2019-12-26,1.1102,1.64,106.92,12.65
2019-12-27,1.1174,1.59,127.92,13.43
2019-12-30,1.1217,1.58,101.31,14.82
2019-12-31,1.1227,1.58,105.75,13.78
2020-01-02,1.1166,1.58,139.13,12.47
2020-01-03,1.1173,1.53,108.1,14.02
2020-01-06,1.1187,1.54,147.96,13.85
2020-01-07,1.1138,1.54,103.98,13.79
2020-01-08,1.1117,1.58,91.15,13.45
2020-01-09,1.1106,1.58,71.92,12.54
2020-01-10,1.1119,1.56,74.58,12.56
2020-01-13,1.1138,1.58,124.82,12.32
2020-01-14,1.113,1.58,109.27,12.39
2020-01-15,1.116,1.56,98.77,12.42
2020-01-16,1.1131,1.58,88.05,12.32
2020-01-17,1.1093,1.58,77.76,12.1
2020-01-21,1.1096,1.53,87.56,12.85
2020-01-22,1.1085,1.53,77.19,12.91
2020-01-23,1.1041,1.51,70.67,12.98
2020-01-24,1.1026,1.49,48.48,14.56
2020-01-27,1.1019,1.44,22.25,18.23
2020-01-28,1.1008,1.45,94.68,16.28
2020-01-29,1.1004,1.42,88.62,16.39
2020-01-30,1.1032,1.41,142.05,15.49
2020-01-31,1.1082,1.33,122.2,18.84
2020-02-03,1.1062,1.36,124.15,17.97
2020-02-04,1.1043,1.41,111.96,16.05
2020-02-05,1.1006,1.44,84.94,15.15
2020-02-06,1.0979,1.44,81.75,14.96
2020-02-07,1.095,1.41,130.27,15.47
2020-02-10,1.0916,1.37,111.39,15.04
2020-02-11,1.0917,1.41,152.71,15.18
2020-02-12,1.0893,1.44,79.26,13.74
2020-02-13,1.0848,1.44,82.23,14.15
2020-02-14,1.0839,1.42,71.98,13.68
2020-02-18,1.0815,1.41,77.38,14.83
2020-02-19,1.0794,1.42,56.47,14.38
2020-02-20,1.0797,1.39,103.7,15.56
2020-02-21,1.0855,1.34,106.59,17.08
2020-02-24,1.0857,1.26,88.73,25.03
2020-02-25,1.0868,1.2,147.84,27.85
2020-02-26,1.0887,1.16,97.49,27.56
2020-02-27,1.0977,1.11,106.55,39.16
2020-02-28,1.1001,0.86,172.45,40.11
2020-03-02,1.1164,0.84,153.53,33.42
2020-03-03,1.1175,0.71,132.55,36.82
2020-03-04,1.113,0.67,197.2,31.99
2020-03-05,1.1202,0.59,118.02,39.62
2020-03-06,1.1319,0.49,132.5,41.94
2020-03-09,1.142,0.38,276.24,54.46
2020-03-10,1.1342,0.5,296.12,47.3
2020-03-11,1.128,0.5,234.73,53.9
2020-03-12,1.1081,0.5,187.08,75.47
2020-03-13,1.1066,0.49,330.85,57.83
2020-03-16,1.1139,0.36,323.71,82.69
2020-03-17,1.0971,0.47,378.92,75.91
2020-03-18,1.0833,0.54,455.45,76.45
2020-03-19,1.0699,0.44,514.67,72.0
2020-03-20,1.0682,0.37,633.51,66.04
2020-03-23,1.076,0.28,572.94,61.59
2020-03-24,1.0794,0.38,596.78,61.67
2020-03-25,1.0835,0.34,449.86,63.95
2020-03-26,1.1025,0.3,670.3,61.0
2020-03-27,1.1059,0.25,557.18,65.54
2020-03-30,1.1018,0.23,361.46,57.08
2020-03-31,1.1016,0.23,516.55,53.54
2020-04-01,1.0934,0.23,474.81,57.06
2020-04-02,1.0862,0.23,738.02,50.91
2020-04-03,1.0797,0.23,540.5,46.8
2020-04-06,1.0808,0.27,605.38,45.24
2020-04-07,1.0886,0.28,468.08,46.7
2020-04-08,1.0864,0.27,524.13,43.35
2020-04-09,1.0931,0.23,417.54,41.67
2020-04-13,1.0906,0.25,638.81,41.17
2020-04-14,1.0971,0.23,441.32,37.76
2020-04-15,1.0909,0.2,455.68,40.84
2020-04-16,1.084,0.2,505.52,40.11
2020-04-17,1.0883,0.2,573.7,38.15
2020-04-20,1.0874,0.2,618.66,43.83
2020-04-21,1.0854,0.2,599.13,45.41
2020-04-22,1.0829,0.22,511.42,41.98
2020-04-23,1.0815,0.22,505.54,41.38
2020-04-24,1.0798,0.22,562.5,35.93
2020-04-27,1.0829,0.24,642.66,33.29
2020-04-28,1.0836,0.2,479.89,33.57
2020-04-29,1.0853,0.2,439.11,31.23
2020-04-30,1.0934,0.2,440.07,34.15
2020-05-01,1.0998,0.2,516.72,37.19
2020-05-04,1.0911,0.19,449.38,35.97
2020-05-05,1.0844,0.19,807.66,33.61
2020-05-06,1.0806,0.17,498.71,34.12
2020-05-07,1.0815,0.13,504.24,31.44
2020-05-08,1.0854,0.16,488.53,27.98
2020-05-11,1.0818,0.17,527.36,27.57
2020-05-12,1.0864,0.17,442.15,33.04
2020-05-13,1.0837,0.16,553.21,35.28
2020-05-14,1.08,0.16,508.02,32.61
2020-05-15,1.0816,0.16,374.22,31.89
2020-05-18,1.0904,0.18,511.62,29.3
2020-05-19,1.0937,0.17,363.66,30.53
2020-05-20,1.098,0.16,420.68,27.99
2020-05-21,1.0953,0.17,361.11,29.53
2020-05-22,1.0894,0.17,418.96,28.16
2020-05-26,1.097,0.18,389.21,28.01
2020-05-27,1.0969,0.19,355.1,27.62
2020-05-28,1.1069,0.17,421.99,28.59
2020-05-29,1.1107,0.16,426.28,27.51
2020-06-01,1.1123,0.14,226.8,28.23
2020-06-02,1.1166,0.17,257.49,26.84
2020-06-03,1.1246,0.19,287.17,25.66
2020-06-04,1.1322,0.19,231.24,25.81
2020-06-05,1.1297,0.22,235.07,24.52
2020-06-08,1.1293,0.22,318.64,25.81
2020-06-09,1.1348,0.2,191.32,27.57
2020-06-10,1.1355,0.17,237.88,27.57
2020-06-11,1.1378,0.19,317.86,40.79
2020-06-12,1.1253,0.19,293.12,36.09
2020-06-15,1.127,0.19,300.34,34.4
2020-06-16,1.1259,0.21,319.69,33.67
2020-06-17,1.1219,0.19,348.4,33.47
2020-06-18,1.1216,0.19,322.96,32.94
2020-06-19,1.1189,0.19,450.64,35.12
2020-06-22,1.126,0.19,259.55,31.77
2020-06-23,1.1322,0.18,309.15,31.37
2020-06-24,1.1272,0.19,224.4,33.84
2020-06-25,1.1221,0.17,225.72,32.22
2020-06-26,1.1215,0.17,260.33,34.73
2020-06-29,1.1237,0.16,301.58,31.78
2020-06-30,1.1237,0.16,292.37,30.43
2020-07-01,1.1259,0.17,329.62,28.62
2020-07-02,1.1237,0.16,249.7,27.68
2020-07-06,1.1307,0.16,389.2,27.94
2020-07-07,1.1299,0.16,278.61,29.43
2020-07-08,1.1329,0.16,319.33,28.08
2020-07-09,1.1298,0.16,267.49,29.26
2020-07-10,1.1318,0.16,259.27,27.29
2020-07-13,1.1364,0.16,212.54,32.19
2020-07-14,1.1406,0.14,308.28,29.52
2020-07-15,1.1406,0.16,352.74,27.76
2020-07-16,1.1433,0.16,313.71,28.0
2020-07-17,1.1438,0.14,555.06,25.68
2020-07-20,1.1442,0.16,430.14,24.46
2020-07-21,1.1495,0.14,423.52,24.84
2020-07-22,1.1587,0.14,297.02,24.32
2020-07-23,1.1623,0.16,282.1,26.08
2020-07-24,1.1635,0.14,290.25,25.84
2020-07-27,1.175,0.15,521.96,24.74
2020-07-28,1.1733,0.14,315.73,25.44
2020-07-29,1.177,0.12,370.27,24.1
2020-07-30,1.1791,0.11,307.77,24.76
2020-07-31,1.1822,0.11,384.08,24.46
2020-08-03,1.175,0.11,271.04,24.28
2020-08-04,1.1766,0.11,391.33,23.76
2020-08-05,1.1898,0.11,253.99,22.99
2020-08-06,1.1856,0.11,285.63,22.65
2020-08-07,1.1776,0.13,276.7,22.21
2020-08-10,1.1756,0.14,388.62,22.13
2020-08-11,1.1764,0.16,359.14,24.03
2020-08-12,1.1796,0.16,202.2,22.28
2020-08-13,1.1818,0.16,282.72,22.13
2020-08-14,1.1833,0.14,345.8,22.05
2020-08-17,1.1869,0.14,350.55,21.35
2020-08-18,1.1928,0.14,341.68,21.51
2020-08-19,1.1898,0.14,216.18,22.54
2020-08-20,1.1862,0.13,250.25,22.72
2020-08-21,1.1775,0.16,286.03,22.54
2020-08-24,1.1803,0.14,186.9,22.37
2020-08-25,1.1818,0.15,213.68,22.03
2020-08-26,1.1813,0.16,154.27,23.27
2020-08-27,1.1824,0.16,180.61,24.47
2020-08-28,1.1901,0.14,296.28,22.96
2020-08-31,1.195,0.14,169.1,26.41
2020-09-01,1.1949,0.13,204.69,26.12
2020-09-02,1.184,0.14,237.83,26.57
2020-09-03,1.1832,0.13,243.52,33.6
2020-09-04,1.182,0.14,224.01,30.75
2020-09-08,1.1789,0.14,208.78,31.46
2020-09-09,1.181,0.14,209.54,28.81
2020-09-10,1.188,0.14,218.1,29.71
2020-09-11,1.1831,0.13,237.03,26.87
2020-09-14,1.1874,0.14,270.62,25.85
2020-09-15,1.1846,0.14,245.27,25.59
2020-09-16,1.1835,0.14,244.64,26.04
2020-09-17,1.1823,0.13,248.91,26.46
2020-09-18,1.1857,0.14,244.41,25.83
2020-09-21,1.1737,0.14,177.56,27.78
2020-09-22,1.1703,0.13,126.1,26.86
2020-09-23,1.1677,0.14,161.46,28.58
2020-09-24,1.1666,0.14,246.25,28.51
2020-09-25,1.1618,0.12,252.32,26.38
2020-09-28,1.166,0.14,189.79,26.19
2020-09-29,1.1717,0.11,185.6,26.27
2020-09-30,1.1723,0.13,207.77,26.37
2020-10-01,1.1752,0.14,259.5,26.7
2020-10-02,1.1706,0.13,390.29,27.63
2020-10-05,1.1784,0.14,273.84,27.96
2020-10-06,1.1778,0.14,334.28,29.48
2020-10-07,1.1766,0.16,426.88,28.06
2020-10-08,1.1753,0.13,294.91,26.36
2020-10-09,1.1819,0.16,306.7,25.0
2020-10-13,1.1737,0.16,220.87,26.07
2020-10-14,1.1755,0.14,341.81,26.4
2020-10-15,1.1701,0.14,141.19,26.97
2020-10-16,1.1717,0.14,200.48,27.41
2020-10-19,1.1788,0.16,249.35,29.18
2020-10-20,1.1824,0.14,234.01,29.35
2020-10-21,1.187,0.14,158.05,28.65
2020-10-22,1.1824,0.16,167.77,28.11
2020-10-23,1.1844,0.18,138.34,27.55
2020-10-26,1.1816,0.16,294.62,32.46
2020-10-27,1.1834,0.16,187.07,33.35
2020-10-28,1.1751,0.16,234.14,40.28
2020-10-29,1.1658,0.16,298.36,37.59
2020-10-30,1.1647,0.14,277.43,38.02
2020-11-02,1.1634,0.16,418.93,37.13
2020-11-03,1.1724,0.17,335.3,35.55
2020-11-04,1.173,0.14,370.7,29.57
2020-11-05,1.1809,0.14,303.07,27.58
2020-11-06,1.1886,0.16,390.29,24.86
2020-11-09,1.1811,0.17,254.34,25.75
2020-11-10,1.181,0.19,192.03,24.8
2020-11-12,1.1814,0.17,184.25,25.35
2020-11-13,1.1824,0.17,123.79,23.1
2020-11-16,1.1844,0.19,254.24,22.45
2020-11-17,1.1862,0.18,196.81,22.71
2020-11-18,1.1869,0.16,154.81,23.84
2020-11-19,1.1843,0.18,224.65,23.11
2020-11-20,1.1857,0.16,230.2,23.7
2020-11-23,1.1826,0.16,415.59,22.66
2020-11-24,1.1874,0.16,262.51,21.64
2020-11-25,1.1908,0.17,276.82,21.25
2020-11-30,1.1948,0.16,156.15,20.57
2020-12-01,1.2039,0.17,248.2,20.77
2020-12-02,1.2093,0.16,156.7,21.17
2020-12-03,1.2152,0.16,189.91,21.28
2020-12-04,1.2142,0.16,215.13,20.79
2020-12-07,1.2138,0.14,269.89,21.3
2020-12-08,1.2111,0.14,259.64,20.68
2020-12-09,1.208,0.16,144.77,22.27
2020-12-10,1.2118,0.14,256.04,22.52
2020-12-11,1.2112,0.11,122.3,23.31
2020-12-14,1.2145,0.13,186.91,24.72
2020-12-15,1.2158,0.11,139.29,22.89
2020-12-16,1.2175,0.13,136.12,22.5
2020-12-17,1.2258,0.13,195.87,21.93
2020-12-18,1.2236,0.13,146.67,21.57
2020-12-21,1.223,0.13,246.79,25.16
2020-12-22,1.2172,0.13,147.55,24.23
2020-12-23,1.2194,0.13,291.07,23.31
2020-12-28,1.2213,0.13,217.47,21.7
2020-12-29,1.2252,0.12,286.36,23.08
2020-12-30,1.228,0.12,368.46,22.77
2020-12-31,1.223,0.13,307.12,22.75
2021-01-04,1.2254,0.11,233.3,26.97
2021-01-05,1.2295,0.13,208.61,25.34
2021-01-06,1.229,0.14,139.81,25.07
2021-01-07,1.2265,0.14,124.29,22.37
2021-01-08,1.2252,0.14,104.8,21.56
2021-01-11,1.2169,0.14,308.7,24.08
2021-01-12,1.2168,0.14,229.15,23.33
2021-01-13,1.2159,0.14,223.57,22.21
2021-01-14,1.2156,0.16,157.94,23.25
2021-01-15,1.2099,0.13,149.93,24.34
2021-01-19,1.2126,0.14,170.18,23.24
2021-01-21,1.2143,0.13,280.95,21.32
2021-01-22,1.2179,0.13,192.0,21.91
2021-01-25,1.2138,0.13,241.85,23.19
2021-01-26,1.2147,0.11,254.93,23.02
2021-01-27,1.2101,0.12,251.13,37.21
2021-01-28,1.2122,0.12,150.0,30.21
2021-01-29,1.2135,0.11,248.96,33.09
2021-02-01,1.207,0.11,144.04,30.24
2021-02-02,1.202,0.11,282.75,25.56
2021-02-03,1.2025,0.11,145.65,22.91
2021-02-04,1.1974,0.11,129.36,21.77
2021-02-05,1.2035,0.09,111.2,20.87
2021-02-08,1.2045,0.11,232.61,21.24
2021-02-09,1.2106,0.11,84.45,21.63
2021-02-10,1.2132,0.11,113.01,21.99
2021-02-11,1.2127,0.11,121.93,21.25
2021-02-12,1.2126,0.11,211.29,19.97
2021-02-16,1.2107,0.13,150.29,21.46
2021-02-17,1.2042,0.11,84.88,21.5
2021-02-18,1.2078,0.11,148.02,22.49
2021-02-19,1.2136,0.11,106.51,22.05
2021-02-22,1.2155,0.11,132.3,23.45
2021-02-23,1.2142,0.11,145.25,23.11
2021-02-24,1.2143,0.12,186.94,21.34
2021-02-25,1.2229,0.17,124.74,28.89
2021-02-26,1.2093,0.14,223.25,27.95
2021-03-01,1.2054,0.13,257.79,23.35
2021-03-02,1.2079,0.13,122.0,24.1
2021-03-03,1.2073,0.14,103.44,26.67
2021-03-04,1.2045,0.14,76.48,28.57
2021-03-05,1.1914,0.14,231.03,24.66
2021-03-08,1.1849,0.17,328.48,25.47
2021-03-09,1.1885,0.17,167.78,24.03
2021-03-10,1.19,0.16,195.33,22.56
2021-03-11,1.1978,0.14,275.24,21.91
2021-03-12,1.1952,0.14,106.71,20.69
2021-03-15,1.1917,0.14,206.85,20.03
2021-03-16,1.1895,0.15,87.46,19.79
2021-03-17,1.1905,0.13,187.89,19.23
2021-03-18,1.1926,0.16,180.02,21.58
2021-03-19,1.1909,0.16,211.66,20.95
2021-03-22,1.1932,0.15,275.36,18.88
2021-03-23,1.1872,0.15,193.53,20.3
2021-03-24,1.1831,0.14,126.24,21.2
2021-03-25,1.1777,0.14,142.05,19.81
2021-03-26,1.1798,0.14,108.99,18.86
2021-03-29,1.1779,0.14,177.66,20.74
2021-03-30,1.1724,0.16,121.16,19.61
2021-03-31,1.1743,0.16,136.03,19.4
2021-04-01,1.1772,0.17,76.09,17.33
2021-04-05,1.181,0.17,181.6,17.91
2021-04-06,1.1852,0.16,125.46,18.12
2021-04-07,1.189,0.16,205.44,17.16
2021-04-08,1.1904,0.14,115.07,16.95
2021-04-09,1.1897,0.16,115.04,16.69
2021-04-12,1.1907,0.18,69.6,16.91
2021-04-13,1.1939,0.16,112.82,16.65
2021-04-14,1.1974,0.16,65.13,16.99
2021-04-15,1.1964,0.16,111.93,16.57
2021-04-16,1.198,0.16,86.85,16.25
2021-04-19,1.2028,0.16,92.0,17.29
2021-04-20,1.2045,0.15,89.99,18.68
2021-04-21,1.2033,0.15,100.71,17.5
2021-04-22,1.2012,0.16,70.82,18.71
2021-04-23,1.2069,0.16,102.84,17.33
2021-04-26,1.2083,0.18,84.99,17.64
2021-04-27,1.2079,0.17,165.42,17.56
2021-04-28,1.2098,0.17,102.3,17.28
2021-04-29,1.211,0.16,153.32,17.61
2021-04-30,1.203,0.16,125.83,18.61
2021-05-03,1.2059,0.16,297.27,18.31
2021-05-04,1.2014,0.16,119.21,19.48
2021-05-05,1.2003,0.16,176.89,19.15
2021-05-06,1.2049,0.16,142.39,18.39
2021-05-07,1.2165,0.14,170.41,16.69
2021-05-10,1.217,0.16,168.8,19.66
2021-05-11,1.2169,0.16,175.89,21.84
2021-05-12,1.2074,0.16,78.7,27.59
2021-05-13,1.207,0.16,94.65,23.13
2021-05-14,1.2141,0.16,100.11,18.81
2021-05-17,1.2155,0.16,128.94,19.72
2021-05-18,1.2203,0.16,96.41,21.34
2021-05-19,1.2216,0.16,147.69,22.18
2021-05-20,1.2225,0.15,189.22,20.67
2021-05-21,1.2178,0.17,108.94,20.15
2021-05-24,1.221,0.15,183.43,18.4
2021-05-25,1.2233,0.15,145.6,18.84
2021-05-26,1.2204,0.14,71.66,17.36
2021-05-27,1.2194,0.14,70.25,16.74
2021-05-28,1.2194,0.14,171.86,16.76
2021-06-01,1.2241,0.16,176.43,17.9
2021-06-02,1.2213,0.13,83.31,17.48
2021-06-03,1.2122,0.16,109.44,18.04
2021-06-04,1.2173,0.14,68.0,16.42
2021-06-07,1.22,0.16,111.43,16.42
2021-06-08,1.218,0.14,109.81,17.07
2021-06-09,1.2184,0.16,131.85,17.89
2021-06-10,1.2173,0.14,122.88,16.1
2021-06-11,1.2101,0.16,97.74,15.65
2021-06-14,1.2126,0.16,117.23,16.39
2021-06-15,1.212,0.16,109.37,17.02
2021-06-16,1.2119,0.21,104.83,18.15
2021-06-17,1.1911,0.23,94.44,17.75
2021-06-18,1.1872,0.26,142.32,20.7
2021-06-21,1.1909,0.27,174.11,17.89
2021-06-22,1.191,0.25,100.0,16.66
2021-06-23,1.195,0.26,60.28,16.32
2021-06-24,1.1927,0.26,113.04,15.97
2021-06-25,1.194,0.28,92.88,15.62
2021-06-28,1.1938,0.25,168.47,15.76
2021-06-29,1.1905,0.27,74.51,16.02
2021-06-30,1.1848,0.25,133.65,15.83
2021-07-01,1.1857,0.25,82.66,15.48
2021-07-02,1.1848,0.24,133.09,15.07
2021-07-06,1.1816,0.22,199.58,16.44
2021-07-07,1.1803,0.22,57.23,16.2
2021-07-08,1.184,0.19,67.69,19.0
2021-07-09,1.1861,0.23,84.3,16.18
2021-07-12,1.1858,0.23,144.11,16.17
2021-07-13,1.1813,0.26,192.35,17.12
2021-07-14,1.1826,0.23,98.68,16.33
2021-07-15,1.1806,0.23,153.82,17.01
2021-07-16,1.181,0.25,140.71,18.45
2021-07-19,1.1804,0.21,103.99,22.5
2021-07-20,1.1776,0.2,130.37,19.73
2021-07-21,1.1799,0.22,185.19,17.91
2021-07-22,1.1771,0.2,91.1,17.69
2021-07-23,1.1761,0.22,138.66,17.2
2021-07-26,1.181,0.22,125.45,17.58
2021-07-27,1.1831,0.2,132.55,19.36
2021-07-28,1.1809,0.2,152.66,18.31
2021-07-29,1.1886,0.2,144.4,17.7
2021-07-30,1.1864,0.19,133.44,18.24
2021-08-02,1.1873,0.17,124.58,19.46
2021-08-03,1.1859,0.17,77.81,18.04
2021-08-04,1.1841,0.17,67.39,17.97
2021-08-05,1.1838,0.21,179.01,17.28
2021-08-06,1.1761,0.21,107.12,16.15
2021-08-09,1.1749,0.23,134.96,16.72
2021-08-10,1.1722,0.24,399.87,16.79
2021-08-11,1.1737,0.23,96.07,16.06
2021-08-12,1.1736,0.23,90.39,15.59
2021-08-13,1.1796,0.23,101.4,15.45
2021-08-16,1.1776,0.21,131.18,16.12
2021-08-17,1.1714,0.23,113.72,17.91
2021-08-18,1.1702,0.23,113.23,21.57
2021-08-19,1.1693,0.22,78.58,21.67
2021-08-20,1.169,0.23,85.35,18.56
2021-08-23,1.1732,0.23,177.96,17.15
2021-08-24,1.1746,0.24,86.77,17.22
2021-08-25,1.1758,0.23,74.18,16.79
2021-08-26,1.1761,0.25,54.9,18.84
2021-08-27,1.1794,0.22,69.52,16.39
2021-08-30,1.1795,0.2,77.75,16.19
2021-08-31,1.18,0.2,166.77,16.48
2021-09-01,1.185,0.2,88.74,16.11
2021-09-02,1.1858,0.2,72.75,16.41
2021-09-03,1.1884,0.21,88.32,16.41
2021-09-07,1.1849,0.22,165.86,18.14
2021-09-08,1.1818,0.22,118.66,17.96
2021-09-09,1.1827,0.23,56.89,18.8
2021-09-10,1.1821,0.23,72.22,20.95
2021-09-13,1.1809,0.21,209.02,19.37
2021-09-14,1.1824,0.21,135.76,19.46
2021-09-15,1.1811,0.21,106.93,18.18
2021-09-16,1.1764,0.23,44.76,18.69
2021-09-17,1.1734,0.23,83.45,20.81
2021-09-20,1.1729,0.23,159.31,25.71
2021-09-21,1.1724,0.22,196.08,24.36
2021-09-22,1.1739,0.25,98.64,20.87
2021-09-23,1.1735,0.27,79.1,18.63
2021-09-24,1.1715,0.29,86.86,17.75
2021-09-27,1.1702,0.31,243.51,18.76
2021-09-28,1.1681,0.31,126.3,23.25
2021-09-29,1.1612,0.3,104.63,22.56
2021-09-30,1.1577,0.28,142.53,23.14
2021-10-01,1.1598,0.27,88.83,21.15
2021-10-04,1.1622,0.27,148.03,22.96
2021-10-05,1.1609,0.28,97.14,21.3
2021-10-06,1.1546,0.3,145.53,21.0
2021-10-07,1.1561,0.32,100.93,19.54
2021-10-08,1.1572,0.32,96.69,18.77
2021-10-12,1.1541,0.35,90.52,19.85
2021-10-13,1.1568,0.37,111.12,18.64
2021-10-14,1.1591,0.36,94.34,16.86
2021-10-15,1.1594,0.41,65.19,16.3
2021-10-18,1.1609,0.44,159.77,16.31
2021-10-19,1.1632,0.41,73.95,15.7
2021-10-20,1.1643,0.4,59.85,15.49
2021-10-21,1.1643,0.45,69.73,15.01
2021-10-22,1.1632,0.48,101.73,15.43
2021-10-25,1.1609,0.47,102.62,15.24
2021-10-26,1.159,0.47,99.45,15.98
2021-10-27,1.16,0.5,63.73,16.98
2021-10-28,1.1685,0.5,90.49,16.53
2021-10-29,1.1552,0.48,77.35,16.26
2021-11-01,1.1591,0.5,136.17,16.41
2021-11-02,1.1581,0.46,110.75,16.03
2021-11-03,1.1584,0.47,188.57,15.1
2021-11-04,1.1546,0.41,156.8,15.44
2021-11-05,1.1554,0.39,211.53,16.48
2021-11-08,1.159,0.45,363.38,17.22
2021-11-09,1.1589,0.41,149.84,17.78
2021-11-10,1.1517,0.51,39.0,18.73
2021-11-12,1.1443,0.53,202.74,16.29
2021-11-15,1.1421,0.53,107.9,16.49
2021-11-16,1.1333,0.54,112.32,16.37
2021-11-17,1.1322,0.52,114.88,17.11
2021-11-18,1.1358,0.52,141.8,17.59
2021-11-19,1.1318,0.52,120.37,17.91
2021-11-22,1.126,0.63,92.12,19.17
2021-11-23,1.1265,0.6,98.64,19.38
2021-11-24,1.1196,0.64,131.12,18.58
2021-11-26,1.1302,0.5,57.97,28.62
2021-11-29,1.1261,0.51,103.8,22.96
2021-11-30,1.1287,0.52,117.24,27.19
2021-12-01,1.1323,0.56,108.42,31.12
2021-12-02,1.1306,0.63,90.4,27.95
2021-12-03,1.1308,0.6,219.57,30.67
2021-12-06,1.1282,0.65,90.05,27.18
2021-12-07,1.1247,0.7,121.78,21.89
2021-12-08,1.133,0.68,94.23,19.9
2021-12-09,1.1285,0.7,59.47,21.58
2021-12-10,1.1312,0.67,78.93,18.69
2021-12-13,1.1298,0.66,214.47,20.31
2021-12-14,1.1267,0.67,76.16,21.89
2021-12-15,1.1261,0.69,103.8,19.29
2021-12-16,1.1309,0.64,152.15,20.57
2021-12-17,1.1277,0.66,130.93,21.57
2021-12-20,1.1298,0.65,118.72,22.87
2021-12-21,1.1272,0.7,164.17,21.01
2021-12-22,1.1324,0.68,130.79,18.63
2021-12-23,1.132,0.71,171.54,17.96
2021-12-27,1.1329,0.76,179.41,17.68
2021-12-28,1.1314,0.74,113.84,17.54
2021-12-29,1.1337,0.75,84.18,16.95
2021-12-30,1.1318,0.73,131.66,17.33
2022-01-03,1.129,0.78,146.6,16.6
2022-01-04,1.1296,0.77,192.08,16.91
2022-01-05,1.1335,0.83,111.08,19.73
2022-01-06,1.1307,0.88,235.1,19.61
2022-01-07,1.1358,0.87,57.41,18.76
2022-01-10,1.1328,0.92,120.25,19.4
2022-01-11,1.1363,0.9,77.55,18.41
2022-01-12,1.1431,0.92,91.97,17.62
2022-01-13,1.1464,0.91,57.28,20.31
2022-01-14,1.1414,0.99,73.63,19.19
2022-01-18,1.1336,1.06,77.0,22.79
2022-01-19,1.1346,1.04,71.25,23.85
2022-01-20,1.1336,1.08,72.93,25.59
2022-01-21,1.1346,1.01,126.04,28.85
2022-01-24,1.131,0.99,273.48,29.9
2022-01-25,1.1283,1.02,190.88,31.16
2022-01-26,1.1279,1.13,146.78,31.96
2022-01-27,1.1141,1.18,164.89,30.49
2022-01-28,1.116,1.15,129.34,27.66
2022-01-31,1.1212,1.18,184.81,24.83
2022-02-01,1.1239,1.18,143.53,21.96
2022-02-02,1.1299,1.16,101.01,22.09
2022-02-03,1.1425,1.19,93.56,24.35
2022-02-04,1.1455,1.31,171.57,23.22
2022-02-07,1.1434,1.3,97.27,22.86
2022-02-08,1.1416,1.35,115.82,21.44
2022-02-09,1.1435,1.36,83.48,19.96
2022-02-10,1.1487,1.61,84.38,23.91
2022-02-11,1.1404,1.5,67.68,27.36
2022-02-14,1.1306,1.58,201.81,28.33
2022-02-15,1.1363,1.58,109.46,25.7
2022-02-16,1.1381,1.52,73.91,24.29
2022-02-17,1.1364,1.49,107.1,28.11
2022-02-18,1.1327,1.47,180.25,27.75
2022-02-22,1.1342,1.56,180.27,28.81
2022-02-23,1.1316,1.58,89.64,31.02
2022-02-24,1.1154,1.54,156.68,30.32
2022-02-25,1.1261,1.55,161.59,27.59
2022-02-28,1.1224,1.44,167.06,30.15
2022-03-01,1.1103,1.31,188.05,33.32
2022-03-02,1.1102,1.5,134.88,30.74
2022-03-03,1.1053,1.53,204.82,30.48
2022-03-04,1.0912,1.5,219.09,31.98
2022-03-07,1.086,1.55,164.7,36.45
2022-03-08,1.0881,1.63,165.06,35.13
2022-03-09,1.1069,1.68,142.59,32.45
2022-03-10,1.1007,1.72,150.53,30.23
2022-03-11,1.0937,1.75,232.96,30.75
2022-03-14,1.0979,1.87,222.54,31.77
2022-03-15,1.0974,1.85,154.33,29.83
2022-03-16,1.0996,1.95,216.66,26.67
2022-03-17,1.111,1.94,137.82,25.67
2022-03-18,1.1044,1.97,171.27,23.87
2022-03-21,1.1048,2.14,239.83,23.53
2022-03-22,1.1022,2.18,137.53,22.94
2022-03-23,1.1001,2.13,116.56,23.57
2022-03-24,1.1006,2.13,128.23,21.67
2022-03-25,1.0985,2.3,209.01,20.81
2022-03-28,1.0977,2.35,322.1,19.63
2022-03-29,1.1104,2.35,193.93,18.9
2022-03-30,1.1163,2.31,105.19,19.33
2022-03-31,1.1093,2.28,81.85,20.56
2022-04-01,1.1043,2.44,114.29,19.63
2022-04-04,1.0992,2.43,115.67,18.57
2022-04-05,1.0921,2.51,126.89,21.03
2022-04-06,1.0913,2.5,168.21,22.1
2022-04-07,1.09,2.47,171.04,21.55
2022-04-08,1.0874,2.53,124.74,21.16
2022-04-11,1.0875,2.5,241.25,24.37
2022-04-12,1.0852,2.39,103.12,24.26
2022-04-13,1.0874,2.37,90.43,21.82
2022-04-14,1.0796,2.47,142.29,22.7
2022-04-18,1.0785,2.46,93.03,22.17
2022-04-19,1.0789,2.61,276.08,21.37
2022-04-20,1.0857,2.6,95.07,20.32
2022-04-21,1.0839,2.68,89.05,22.68
2022-04-22,1.079,2.72,148.56,28.21
2022-04-25,1.0703,2.63,126.9,27.02
2022-04-26,1.0661,2.54,130.06,33.52
2022-04-27,1.0549,2.58,69.39,31.6
2022-04-28,1.05,2.63,80.21,29.99
2022-04-29,1.0537,2.7,126.12,33.4
2022-05-02,1.0521,2.73,99.33,32.34
2022-05-03,1.0532,2.78,103.64,29.25
2022-05-04,1.0539,2.66,123.78,25.42
2022-05-05,1.0507,2.71,87.92,31.2
2022-05-06,1.0572,2.72,212.5,30.19
2022-05-09,1.0559,2.61,97.81,34.75
2022-05-10,1.0531,2.62,135.75,32.99
2022-05-11,1.0537,2.66,102.02,32.56
2022-05-12,1.0376,2.56,144.73,31.77
2022-05-13,1.041,2.61,140.0,28.87
2022-05-16,1.042,2.58,124.37,27.47
2022-05-17,1.0532,2.71,101.23,26.1
2022-05-18,1.0494,2.68,97.83,30.96
2022-05-19,1.0587,2.63,157.59,29.35
2022-05-20,1.0559,2.6,185.12,29.43
2022-05-23,1.0668,2.65,135.77,28.48
2022-05-24,1.0744,2.5,135.79,29.45
2022-05-25,1.0658,2.48,100.89,28.37
2022-05-26,1.0725,2.46,132.56,27.5
2022-05-27,1.0709,2.47,145.02,25.72
2022-05-31,1.0731,2.53,72.9,26.19
2022-06-01,1.0646,2.66,161.66,25.69
2022-06-02,1.0733,2.65,144.13,24.72
2022-06-03,1.0721,2.66,163.85,24.79
2022-06-06,1.0699,2.73,127.27,25.07
2022-06-07,1.0697,2.75,167.65,24.02
2022-06-08,1.074,2.78,110.13,23.96
2022-06-09,1.0656,2.83,112.11,26.09
2022-06-10,1.0521,3.06,93.65,27.75
2022-06-13,1.0436,3.4,95.37,34.02
2022-06-14,1.0416,3.45,120.62,32.69
2022-06-15,1.0388,3.2,140.82,29.62
2022-06-16,1.0531,3.14,189.54,32.95
2022-06-17,1.0473,3.17,108.29,31.13
2022-06-21,1.0548,3.21,140.11,30.19
2022-06-22,1.0583,3.06,96.97,28.95
2022-06-23,1.0503,3.01,96.96,29.05
2022-06-24,1.0539,3.04,111.86,27.23
2022-06-27,1.0601,3.08,140.94,26.95
2022-06-28,1.0534,3.1,129.96,28.36
2022-06-29,1.0477,3.06,135.33,28.16
2022-06-30,1.0469,2.92,158.37,28.71
2022-07-01,1.0409,2.84,177.73,26.7
2022-07-05,1.0254,2.82,116.59,27.54
2022-07-06,1.0173,2.97,91.52,26.73
2022-07-07,1.0159,3.03,93.67,26.08
2022-07-08,1.0178,3.12,104.33,24.64
2022-07-11,1.0088,3.07,200.3,26.17
2022-07-12,1.0069,3.03,126.67,27.29
2022-07-13,1.0081,3.13,52.82,26.82
2022-07-14,1.0028,3.15,203.03,26.4
2022-07-15,1.0089,3.13,210.77,24.23
2022-07-18,1.016,3.15,182.94,25.3
2022-07-19,1.0238,3.23,177.18,24.5
2022-07-20,1.0217,3.25,113.33,23.88
2022-07-21,1.0197,3.1,132.76,23.11
2022-07-22,1.0225,2.98,138.82,23.03
2022-07-25,1.0211,3.0,120.62,23.36
2022-07-26,1.0116,3.02,94.68,24.69
2022-07-27,1.0108,2.96,181.99,23.24
2022-07-28,1.0163,2.85,111.0,22.33
2022-07-29,1.0202,2.89,130.23,21.33
2022-08-01,1.027,2.9,141.32,22.84
2022-08-02,1.0194,3.06,96.66,23.93
2022-08-03,1.0146,3.1,115.69,21.95
2022-08-04,1.0221,3.03,78.43,21.44
2022-08-05,1.017,3.24,107.43,21.15
2022-08-08,1.0207,3.21,227.88,21.29
2022-08-09,1.0226,3.28,189.05,21.77
2022-08-10,1.0337,3.23,84.3,19.74
2022-08-11,1.0338,3.23,99.36,20.2
2022-08-12,1.0257,3.25,48.55,19.53
2022-08-15,1.0186,3.2,145.63,19.95
2022-08-16,1.0174,3.25,103.94,19.69
2022-08-17,1.0164,3.28,75.77,19.9
2022-08-18,1.0114,3.22,92.67,19.56
2022-08-19,1.0039,3.25,98.49,20.6
2022-08-22,0.9936,3.32,169.02,23.8
2022-08-23,0.9976,3.29,93.31,24.11
2022-08-24,0.9967,3.36,137.29,22.82
2022-08-25,0.9959,3.35,66.37,21.78
2022-08-26,0.9998,3.37,121.88,25.56
2022-08-29,1.0,3.42,97.52,26.21
2022-08-30,1.0018,3.46,83.23,26.21
2022-08-31,1.0065,3.45,126.46,25.87
2022-09-01,0.995,3.51,75.93,25.56
2022-09-02,1.003,3.4,65.23,25.47
2022-09-06,0.9914,3.5,91.55,26.91
2022-09-07,0.9942,3.45,87.66,24.64
2022-09-08,0.9956,3.48,47.62,23.61
2022-09-09,1.0046,3.56,66.03,22.79
2022-09-12,1.0129,3.58,162.37,23.87
2022-09-13,0.9997,3.75,95.35,27.27
2022-09-14,0.9993,3.78,116.73,26.16
2022-09-15,0.9991,3.87,118.58,26.27
2022-09-16,1.0013,3.85,123.3,26.3
2022-09-19,1.0003,3.95,65.09,25.76
2022-09-20,0.9994,3.96,78.61,27.16
2022-09-21,0.988,4.02,70.88,27.99
2022-09-22,0.9841,4.11,139.2,27.35
2022-09-23,0.9719,4.2,133.87,29.92
2022-09-26,0.9623,4.27,85.96,32.26
2022-09-27,0.9616,4.3,194.98,32.6
2022-09-28,0.9681,4.07,155.79,30.18
2022-09-29,0.9774,4.16,93.12,31.84
2022-09-30,0.9783,4.22,192.84,31.62
2022-10-03,0.9809,4.12,146.03,30.1
2022-10-04,0.9977,4.1,148.79,29.07
2022-10-05,0.9866,4.15,153.24,28.55
2022-10-06,0.9806,4.23,168.97,30.52
2022-10-07,0.9785,4.3,139.82,31.36
2022-10-11,0.9757,4.3,155.85,33.63
2022-10-12,0.9692,4.28,186.85,33.57
2022-10-13,0.978,4.47,169.02,31.94
2022-10-14,0.9739,4.48,180.93,32.02
2022-10-17,0.9843,4.45,129.16,31.37
2022-10-18,0.9842,4.43,73.35,30.5
2022-10-19,0.978,4.55,70.66,30.76
2022-10-20,0.9823,4.62,78.35,29.98
2022-10-21,0.9855,4.49,107.34,29.69
2022-10-24,0.9874,4.5,168.29,29.85
2022-10-25,0.9959,4.42,104.95,28.46
2022-10-26,1.0068,4.39,84.81,27.28
2022-10-27,0.9985,4.3,150.79,27.39
2022-10-28,0.9934,4.41,204.29,25.75
2022-10-31,0.9885,4.51,161.13,25.88
2022-11-01,0.9871,4.54,127.48,25.81
2022-11-02,0.9875,4.61,98.2,25.86
2022-11-03,0.9759,4.71,140.73,25.3
2022-11-04,0.9895,4.66,122.07,24.55
2022-11-07,0.9997,4.72,245.52,24.35
2022-11-08,1.0089,4.67,123.6,25.54
2022-11-09,1.0037,4.61,146.6,26.09
2022-11-10,1.0176,4.34,119.57,23.53
2022-11-14,1.0337,4.4,215.52,23.73
2022-11-15,1.0372,4.37,95.09,24.54
2022-11-16,1.0395,4.35,107.83,24.11
2022-11-17,1.0341,4.43,91.22,23.93
2022-11-18,1.0349,4.51,133.39,23.12
2022-11-21,1.0238,4.48,122.23,22.36
2022-11-22,1.0276,4.47,125.51,21.29
2022-11-23,1.0364,4.46,183.38,20.35
2022-11-25,1.0402,4.42,189.26,20.5
2022-11-28,1.0386,4.46,183.05,22.21
2022-11-29,1.0356,4.48,90.52,21.89
2022-11-30,1.0323,4.38,89.9,20.58
2022-12-01,1.0498,4.25,177.11,19.84
2022-12-02,1.0521,4.28,48.03,19.06
2022-12-05,1.0494,4.41,187.14,20.75
2022-12-06,1.0497,4.34,105.68,22.17
2022-12-07,1.0505,4.26,151.37,22.68
2022-12-08,1.0552,4.31,81.81,22.29
2022-12-09,1.055,4.33,114.31,22.83
2022-12-12,1.0545,4.39,169.7,25.0
2022-12-13,1.063,4.22,122.35,22.55
2022-12-14,1.0655,4.23,120.9,21.14
2022-12-15,1.0638,4.23,114.95,22.83
2022-12-16,1.061,4.17,99.07,22.62
2022-12-19,1.0624,4.25,87.27,22.42
2022-12-20,1.0635,4.25,72.84,21.48
2022-12-21,1.0599,4.21,147.63,20.07
2022-12-22,1.0588,4.24,98.69,21.97
2022-12-23,1.0621,4.31,84.14,20.87
2022-12-27,1.0654,4.32,69.63,21.65
2022-12-28,1.0622,4.31,85.9,22.14
2022-12-29,1.0668,4.34,123.69,21.44
2022-12-30,1.0698,4.41,199.3,21.67
2023-01-03,1.0559,4.4,117.51,22.9
2023-01-04,1.062,4.36,114.2,22.01
2023-01-05,1.0522,4.45,176.01,22.46
2023-01-06,1.0619,4.24,158.88,21.13
2023-01-09,1.0759,4.19,152.46,21.97
2023-01-10,1.0737,4.24,386.4,20.58
2023-01-11,1.074,4.2,363.54,21.09
2023-01-12,1.0823,4.12,189.12,18.83
2023-01-13,1.0811,4.22,141.9,18.35
2023-01-17,1.0793,4.18,73.48,19.36
2023-01-18,1.0827,4.06,310.22,20.34
2023-01-19,1.081,4.09,106.09,20.52
2023-01-20,1.0831,4.14,119.89,19.85
2023-01-23,1.0865,4.21,326.16,19.81
2023-01-24,1.0873,4.12,123.28,19.2
2023-01-25,1.0901,4.11,113.38,19.08
2023-01-26,1.0866,4.17,72.53,18.73
2023-01-27,1.0857,4.19,110.89,18.51
2023-01-30,1.0867,4.25,190.98,19.94
2023-01-31,1.0858,4.21,158.19,19.4
2023-02-01,1.0917,4.09,137.21,17.87
2023-02-02,1.0918,4.09,116.99,18.73
2023-02-03,1.0825,4.3,115.81,18.33
2023-02-06,1.0722,4.44,219.03,19.43
2023-02-07,1.0705,4.47,190.34,18.66
2023-02-08,1.0734,4.45,139.63,19.63
2023-02-09,1.0761,4.48,129.06,20.71
2023-02-10,1.067,4.5,99.82,20.53
2023-02-13,1.0718,4.52,70.05,20.34
2023-02-14,1.0722,4.6,105.73,18.91
2023-02-15,1.0683,4.62,200.6,18.23
2023-02-16,1.0684,4.62,223.17,20.17
2023-02-17,1.0678,4.6,97.82,20.02
2023-02-21,1.0657,4.67,68.9,22.87
2023-02-22,1.0623,4.66,140.33,22.29
2023-02-23,1.0583,4.66,188.33,21.14
2023-02-24,1.0545,4.78,82.35,21.67
2023-02-27,1.0596,4.78,130.62,20.95
2023-02-28,1.0602,4.81,88.38,20.7
2023-03-01,1.0674,4.89,79.33,20.58
2023-03-02,1.0595,4.89,158.83,19.59
2023-03-03,1.0616,4.86,90.05,18.49
2023-03-06,1.0694,4.89,88.74,18.61
2023-03-07,1.0573,5.0,97.28,19.59
2023-03-08,1.0549,5.05,71.68,19.11
2023-03-09,1.0577,4.9,99.01,22.61
2023-03-10,1.0659,4.6,167.33,24.8
2023-03-13,1.0733,4.03,226.43,26.52
2023-03-14,1.0722,4.2,246.38,23.73
2023-03-15,1.0535,3.93,165.53,26.14
2023-03-16,1.0622,4.14,191.67,22.99
2023-03-17,1.0647,3.81,236.53,25.51
2023-03-20,1.0722,3.92,158.68,24.15
2023-03-21,1.0769,4.17,102.69,21.38
2023-03-22,1.0792,3.96,215.3,22.26
2023-03-23,1.089,3.76,190.0,22.61
2023-03-24,1.0762,3.76,163.72,21.74
2023-03-27,1.0789,3.94,141.81,20.6
2023-03-28,1.0844,4.02,117.77,19.97
2023-03-29,1.0826,4.08,127.01,19.12
2023-03-30,1.0899,4.1,82.78,19.02
2023-03-31,1.0872,4.06,144.99,18.7
2023-04-03,1.0891,3.97,150.38,18.55
2023-04-04,1.0951,3.84,154.53,19.0
2023-04-05,1.0918,3.79,108.51,19.08
2023-04-06,1.0927,3.82,40.4,18.4
2023-04-10,1.084,4.0,116.65,18.97
2023-04-11,1.0906,4.03,155.38,19.1
2023-04-12,1.0987,3.95,109.82,19.09
2023-04-13,1.1054,3.96,258.05,17.8
2023-04-14,1.098,4.08,38.2,17.07
2023-04-17,1.0915,4.18,51.34,16.95
2023-04-18,1.0958,4.19,186.52,16.83
2023-04-19,1.0953,4.24,128.99,16.46
2023-04-20,1.097,4.14,98.98,17.17
2023-04-21,1.0973,4.17,118.21,16.77
2023-04-24,1.1027,4.12,149.57,16.89
2023-04-25,1.0968,3.86,111.25,18.76
2023-04-26,1.1052,3.9,135.07,18.84
2023-04-27,1.1017,4.07,157.01,17.03
2023-04-28,1.104,4.04,94.05,15.78
2023-05-01,1.097,4.14,435.03,16.08
2023-05-02,1.0997,3.97,249.56,17.78
2023-05-03,1.1049,3.89,139.92,18.34
2023-05-04,1.1009,3.75,105.0,20.09
2023-05-05,1.1026,3.92,100.93,17.19
2023-05-08,1.102,4.0,311.34,16.98
2023-05-09,1.0953,4.01,163.06,17.71
2023-05-10,1.0966,3.9,69.51,16.94
2023-05-11,1.0916,3.89,155.22,16.93
2023-05-12,1.0856,3.98,190.28,17.03
2023-05-15,1.0874,3.99,99.1,17.12
2023-05-16,1.0866,4.06,67.14,17.99
2023-05-17,1.083,4.12,113.54,16.87
2023-05-18,1.0776,4.24,210.79,16.05
2023-05-19,1.0819,4.28,111.5,16.81
2023-05-22,1.0806,4.29,398.71,17.21
2023-05-23,1.0771,4.26,156.99,18.53
2023-05-24,1.0758,4.31,301.54,20.03
2023-05-25,1.0725,4.5,237.84,19.14
2023-05-26,1.0713,4.54,220.29,17.95
2023-05-30,1.0722,4.46,111.1,17.46
2023-05-31,1.0654,4.4,264.79,17.94
2023-06-01,1.0752,4.33,108.62,15.65
2023-06-02,1.0724,4.5,96.48,14.6
2023-06-05,1.0721,4.46,133.01,14.73
2023-06-06,1.0695,4.51,62.63,13.96
2023-06-07,1.0702,4.56,119.0,13.94
2023-06-08,1.078,4.52,96.83,13.65
2023-06-09,1.0749,4.59,58.14,13.83
2023-06-12,1.0747,4.55,204.38,15.01
2023-06-13,1.0792,4.67,110.96,14.61
2023-06-14,1.0859,4.74,147.42,13.88
2023-06-15,1.0933,4.62,71.0,14.5
2023-06-16,1.0925,4.7,56.58,13.54
2023-06-20,1.09,4.68,213.08,13.88
2023-06-21,1.0951,4.68,65.39,13.2
2023-06-22,1.0953,4.77,72.75,12.91
2023-06-23,1.0887,4.71,74.02,13.44
2023-06-26,1.091,4.65,150.9,14.25
2023-06-27,1.0961,4.74,127.96,13.74
2023-06-28,1.0904,4.71,152.99,13.43
2023-06-29,1.0881,4.87,117.91,13.54
2023-06-30,1.092,4.87,96.85,13.59
2023-07-03,1.0919,4.94,65.32,13.57
2023-07-05,1.0868,4.94,137.28,14.18
2023-07-06,1.0873,4.99,40.77,15.44
2023-07-07,1.0964,4.94,93.53,14.83
2023-07-10,1.0991,4.85,39.18,15.07
2023-07-11,1.0992,4.88,37.82,14.84
2023-07-12,1.1123,4.72,89.22,13.54
2023-07-13,1.1194,4.59,75.95,13.61
2023-07-14,1.1237,4.74,206.65,13.34
2023-07-17,1.1236,4.74,155.95,13.48
2023-07-18,1.1223,4.74,104.21,13.3
2023-07-19,1.1195,4.74,37.11,13.76
2023-07-20,1.1135,4.8,260.18,13.99
2023-07-21,1.112,4.82,80.78,13.6
2023-07-24,1.1083,4.81,105.67,13.91
2023-07-25,1.105,4.85,37.76,13.86
2023-07-26,1.1078,4.82,220.51,13.19
2023-07-27,1.0998,4.91,95.33,14.41
2023-07-28,1.1039,4.87,82.35,13.33
2023-07-31,1.102,4.88,81.19,13.63
2023-08-01,1.0971,4.92,151.79,13.93
2023-08-02,1.0939,4.88,121.59,16.09
2023-08-03,1.0947,4.9,62.21,15.92
2023-08-04,1.1036,4.78,60.58,17.1
2023-08-07,1.1,4.76,59.3,15.77
2023-08-08,1.0951,4.74,49.89,15.99
2023-08-09,1.0975,4.79,77.25,15.96
2023-08-10,1.1016,4.82,46.74,15.85
2023-08-11,1.0957,4.89,170.3,14.84
2023-08-14,1.0922,4.96,236.53,14.82
2023-08-15,1.0928,4.92,53.33,16.46
2023-08-16,1.0904,4.97,128.55,16.78
2023-08-17,1.0874,4.94,101.81,17.89
2023-08-18,1.0875,4.92,36.93,17.3
2023-08-21,1.0888,4.97,130.14,17.13
2023-08-22,1.0846,5.02,52.69,16.97
2023-08-23,1.0862,4.95,141.21,15.98
2023-08-24,1.0826,4.98,76.47,17.2
2023-08-25,1.0787,5.03,137.35,15.68
2023-08-28,1.081,4.98,70.13,15.08
2023-08-29,1.0851,4.87,69.2,14.45
2023-08-30,1.0926,4.9,66.94,13.88
2023-08-31,1.0839,4.85,167.14,13.57
2023-09-01,1.0787,4.87,57.38,13.09
2023-09-05,1.0727,4.94,66.39,14.01
2023-09-06,1.0714,5.01,41.02,14.45
2023-09-07,1.0704,4.94,95.66,14.4
2023-09-08,1.0709,4.98,37.05,13.84
2023-09-11,1.0744,4.97,82.18,13.8
2023-09-12,1.0726,4.98,99.71,14.23
2023-09-13,1.0737,4.96,132.91,13.48
2023-09-14,1.066,5.0,111.69,12.82
2023-09-15,1.0673,5.02,63.69,13.79
2023-09-18,1.0695,5.05,63.82,14.0
2023-09-19,1.0684,5.08,146.72,14.11
2023-09-20,1.0715,5.12,82.86,15.14
2023-09-21,1.0664,5.12,106.49,17.54
2023-09-22,1.066,5.1,42.8,17.2
2023-09-25,1.0591,5.09,14.69,16.9
2023-09-26,1.0573,5.04,143.47,18.94
2023-09-27,1.051,5.1,150.04,18.22
2023-09-28,1.0578,5.04,111.89,17.34
2023-09-29,1.0584,5.03,136.08,17.52
2023-10-02,1.05,5.12,77.03,17.61
2023-10-03,1.0453,5.15,100.4,19.78
2023-10-04,1.0518,5.05,181.95,18.58
2023-10-05,1.0527,5.03,47.99,18.49
2023-10-06,1.0596,5.08,95.46,17.45
2023-10-10,1.0618,4.96,143.27,17.03
2023-10-11,1.062,4.99,192.77,16.09
2023-10-12,1.0553,5.06,189.71,16.69
2023-10-13,1.0502,5.04,58.76,19.32
2023-10-16,1.0546,5.09,136.3,17.21
2023-10-17,1.0593,5.19,97.8,17.88
2023-10-18,1.0532,5.19,90.33,19.22
2023-10-19,1.057,5.14,279.65,21.4
2023-10-20,1.0592,5.07,287.49,21.71
2023-10-23,1.0646,5.05,150.87,20.37
2023-10-24,1.0595,5.02,79.87,18.97
2023-10-25,1.0583,5.08,124.21,20.19
2023-10-26,1.0532,5.02,37.91,20.68
2023-10-27,1.0592,4.99,90.17,21.27
2023-10-30,1.062,5.03,164.09,19.75
2023-10-31,1.0568,5.07,42.38,18.14
2023-11-01,1.0538,4.95,132.01,16.87
2023-11-02,1.0618,4.98,58.14,15.66
2023-11-03,1.0733,4.83,72.02,14.91
2023-11-06,1.0747,4.93,342.88,14.89
2023-11-07,1.0687,4.91,122.59,14.81
2023-11-08,1.0715,4.93,119.34,14.45
2023-11-09,1.071,5.03,142.71,15.29
2023-11-13,1.07,5.02,116.21,14.76
2023-11-14,1.0861,4.8,198.44,14.16
2023-11-15,1.0853,4.9,68.82,14.18
2023-11-16,1.0851,4.83,149.23,14.32
2023-11-17,1.0879,4.88,168.58,13.8
2023-11-20,1.0945,4.89,42.9,13.41
2023-11-21,1.0923,4.86,295.43,13.35
2023-11-22,1.0871,4.89,65.95,12.85
2023-11-24,1.0934,4.92,94.64,12.46
2023-11-27,1.0937,4.84,89.08,12.69
2023-11-28,1.1007,4.73,101.83,12.69
2023-11-29,1.0969,4.64,83.76,12.98
2023-11-30,1.0908,4.73,147.72,12.92
2023-12-01,1.0878,4.56,38.37,12.63
2023-12-04,1.0824,4.64,51.19,13.08
2023-12-05,1.0787,4.57,328.17,12.85
2023-12-06,1.079,4.6,88.12,12.97
2023-12-07,1.0794,4.58,73.65,13.06
2023-12-08,1.0746,4.71,64.67,12.35
2023-12-11,1.0747,4.71,117.01,12.63
2023-12-12,1.079,4.73,36.95,12.07
2023-12-13,1.0793,4.46,95.78,12.19
2023-12-14,1.0997,4.37,89.93,12.48
2023-12-15,1.0906,4.44,61.4,12.28
2023-12-18,1.092,4.43,264.75,12.56
2023-12-19,1.0977,4.41,632.37,12.53
2023-12-20,1.0957,4.34,69.49,13.67
2023-12-21,1.099,4.33,95.99,13.65
2023-12-22,1.1008,4.31,52.02,13.03
2023-12-26,1.1035,4.26,111.18,12.99
2023-12-27,1.1114,4.2,145.72,12.43
2023-12-28,1.1073,4.26,168.59,12.47
2023-12-29,1.1062,4.23,107.55,12.45
2024-01-02,1.0957,4.33,138.57,13.2
2024-01-03,1.0909,4.33,162.46,14.04
2024-01-04,1.0957,4.38,118.85,14.13
2024-01-05,1.0957,4.4,106.49,13.35
2024-01-08,1.0976,4.36,153.56,13.08
2024-01-09,1.0935,4.36,1026.38,12.76
2024-01-10,1.096,4.37,73.6,12.69
2024-01-11,1.0943,4.26,57.0,12.44
2024-01-12,1.0959,4.14,76.85,12.7
2024-01-16,1.0882,4.22,248.39,13.84
2024-01-17,1.0858,4.34,69.96,14.79
2024-01-18,1.0863,4.34,121.41,14.13
2024-01-19,1.0887,4.39,147.36,13.3
2024-01-22,1.0895,4.37,175.55,13.19
2024-01-23,1.0829,4.31,71.62,12.55
2024-01-24,1.0901,4.34,91.92,13.14
2024-01-25,1.0837,4.28,114.57,13.45
2024-01-26,1.0866,4.34,85.29,13.26
2024-01-29,1.0807,4.29,212.58,13.6
2024-01-30,1.0844,4.36,144.27,13.31
2024-01-31,1.0855,4.27,81.76,14.35
2024-02-01,1.0865,4.2,97.99,13.88
2024-02-02,1.0787,4.36,55.14,13.85
2024-02-05,1.0736,4.46,209.6,13.67
2024-02-06,1.0751,4.39,109.35,13.06
2024-02-07,1.0769,4.41,178.57,12.83
2024-02-08,1.0774,4.46,153.72,12.79
2024-02-09,1.0782,4.48,67.61,12.93
2024-02-12,1.0774,4.46,215.18,13.93
2024-02-13,1.072,4.64,183.22,15.85
2024-02-14,1.0735,4.56,86.93,14.38
2024-02-15,1.0761,4.56,83.03,14.01
2024-02-16,1.0769,4.64,58.32,14.24
2024-02-20,1.0814,4.59,149.95,15.42
2024-02-21,1.0818,4.64,111.52,15.34
2024-02-22,1.0815,4.69,70.29,14.54
2024-02-23,1.0828,4.67,117.11,13.75
2024-02-26,1.0855,4.69,167.77,13.74
2024-02-27,1.0857,4.7,117.39,13.43
2024-02-28,1.0843,4.64,143.19,13.84
2024-02-29,1.0807,4.64,105.86,13.4
2024-03-01,1.0832,4.54,58.59,13.11
2024-03-04,1.0862,4.61,185.31,13.49
2024-03-05,1.0861,4.54,98.25,14.46
2024-03-06,1.0913,4.55,107.93,14.5
2024-03-07,1.0941,4.5,56.71,14.44
2024-03-08,1.0941,4.48,36.66,14.74
2024-03-11,1.0928,4.51,159.06,15.22
2024-03-12,1.0918,4.58,104.69,13.84
2024-03-13,1.0944,4.61,159.16,13.75
2024-03-14,1.0888,4.68,69.68,14.4
2024-03-15,1.0888,4.72,181.53,14.41
2024-03-18,1.0886,4.73,140.24,14.33
2024-03-19,1.0859,4.68,91.96,13.82
2024-03-20,1.0856,4.59,202.01,13.04
2024-03-21,1.0861,4.62,77.59,12.92
2024-03-22,1.0817,4.59,73.05,13.06
2024-03-25,1.0837,4.54,79.67,13.19
2024-03-26,1.0829,4.56,85.54,13.24
2024-03-27,1.0821,4.54,97.9,12.78
2024-03-28,1.0801,4.59,59.31,13.01
2024-04-01,1.0733,4.72,113.74,13.65
2024-04-02,1.0769,4.7,64.34,14.61
2024-04-03,1.0827,4.68,87.02,14.33
2024-04-04,1.0865,4.65,79.84,16.35
2024-04-05,1.0841,4.73,65.9,16.03
2024-04-08,1.0853,4.78,96.86,15.19
2024-04-09,1.0856,4.74,127.5,14.98
2024-04-10,1.0737,4.97,134.32,15.8
2024-04-11,1.0722,4.93,116.38,14.91
2024-04-12,1.0647,4.88,164.38,17.31
2024-04-15,1.0644,4.93,148.0,19.23
2024-04-16,1.0628,4.97,205.0,18.4
2024-04-17,1.0644,4.93,89.86,18.21
2024-04-18,1.066,4.98,73.0,18.0
2024-04-19,1.0655,4.97,69.55,18.71
2024-04-22,1.0655,4.97,63.52,16.94
2024-04-23,1.0695,4.86,50.68,15.69
2024-04-24,1.0687,4.89,103.13,15.97
2024-04-25,1.0721,4.96,228.77,15.37
2024-04-26,1.0686,4.96,71.47,15.03
2024-04-29,1.0717,4.97,80.35,14.67
2024-04-30,1.0684,5.04,111.88,15.65
2024-05-01,1.068,4.96,52.26,15.39
2024-05-02,1.0706,4.87,80.5,14.68
2024-05-03,1.077,4.81,55.72,13.49
2024-05-06,1.0779,4.82,76.56,13.49
2024-05-07,1.0767,4.82,38.92,13.23
2024-05-08,1.0755,4.84,35.93,13.0
2024-05-09,1.0771,4.8,51.54,12.69
2024-05-10,1.0773,4.87,103.08,12.55
2024-05-13,1.0796,4.85,36.94,13.6
2024-05-14,1.0818,4.81,135.19,13.42
2024-05-15,1.086,4.73,96.41,12.45
2024-05-16,1.0875,4.78,55.17,12.42
2024-05-17,1.0869,4.83,54.29,11.99
2024-05-20,1.0861,4.82,92.53,12.15
2024-05-21,1.0855,4.82,62.26,11.86
2024-05-22,1.0836,4.86,55.15,12.29
2024-05-23,1.0827,4.91,77.2,12.77
2024-05-24,1.0852,4.93,153.24,11.93
2024-05-28,1.0879,4.94,56.95,12.92
2024-05-29,1.0811,4.96,123.02,14.28
2024-05-30,1.0837,4.92,92.78,14.47
2024-05-31,1.0846,4.89,72.4,12.92
2024-06-03,1.089,4.82,191.95,13.11
2024-06-04,1.0878,4.77,67.8,13.16
2024-06-05,1.0865,4.72,35.32,12.63
2024-06-06,1.0883,4.72,80.15,12.58
2024-06-07,1.0807,4.87,55.59,12.22
2024-06-10,1.0751,4.87,92.67,12.74
2024-06-11,1.0733,4.81,59.32,12.85
2024-06-12,1.0843,4.75,100.25,12.04
2024-06-13,1.0756,4.68,94.21,11.94
2024-06-14,1.0699,4.67,88.92,12.66
2024-06-17,1.0723,4.75,64.98,12.75
2024-06-18,1.0739,4.69,72.11,12.3
2024-06-20,1.0708,4.7,89.94,13.28
2024-06-21,1.0694,4.7,76.15,13.2
2024-06-24,1.0727,4.71,99.49,13.33
2024-06-25,1.0705,4.65,49.78,12.84
2024-06-26,1.0682,4.71,66.89,12.55
2024-06-27,1.0708,4.7,88.91,12.24
2024-06-28,1.0711,4.71,56.38,12.44
2024-07-01,1.0728,4.77,244.08,12.22
2024-07-02,1.0737,4.74,41.45,12.03
2024-07-03,1.0799,4.71,58.82,12.09
2024-07-05,1.0828,4.6,778.95,12.48
2024-07-08,1.0835,4.62,109.45,12.37
2024-07-09,1.0813,4.62,85.73,12.51
2024-07-10,1.0823,4.62,182.9,12.85
2024-07-11,1.087,4.5,29.57,12.92
2024-07-12,1.0902,4.45,109.49,12.46
2024-07-15,1.0912,4.44,99.68,13.12
2024-07-16,1.0885,4.43,96.85,13.19
2024-07-17,1.0933,4.42,129.38,14.48
2024-07-18,1.0913,4.46,376.84,15.93
2024-07-19,1.0888,4.49,88.76,16.52
2024-07-22,1.088,4.5,78.76,14.91
2024-07-23,1.0855,4.4,141.71,14.72
2024-07-24,1.0853,4.37,79.17,18.04
2024-07-25,1.0861,4.41,39.71,18.46
2024-07-26,1.0859,4.36,68.12,16.39
2024-07-29,1.0819,4.36,66.23,16.6
2024-07-30,1.0809,4.35,73.45,17.69
2024-07-31,1.0823,4.29,53.04,16.36
2024-08-01,1.0789,4.16,60.98,18.59
2024-08-02,1.0914,3.88,97.69,23.39
2024-08-05,1.0957,3.89,150.14,38.57
2024-08-06,1.0926,3.99,207.85,27.71
2024-08-07,1.0925,4.0,53.33,27.85
2024-08-08,1.0914,4.04,18.65,23.79
2024-08-09,1.0925,4.05,122.7,20.37
2024-08-12,1.0928,4.01,76.44,20.71
2024-08-13,1.0954,3.93,88.36,18.12
2024-08-14,1.1024,3.94,120.48,16.19
2024-08-15,1.0986,4.08,221.13,15.23
2024-08-16,1.0996,4.06,194.96,14.8
2024-08-19,1.107,4.06,88.54,14.65
2024-08-20,1.1106,3.99,54.32,15.88
2024-08-21,1.1143,3.92,116.81,16.27
2024-08-22,1.1114,3.99,87.14,17.55
2024-08-23,1.1176,3.9,69.6,15.86
2024-08-26,1.1164,3.91,63.73,16.15
2024-08-27,1.116,3.83,35.71,15.43
2024-08-28,1.1127,3.83,64.09,17.11
2024-08-29,1.1086,3.87,92.28,15.65
2024-08-30,1.106,3.91,60.89,15.0
2024-09-03,1.1043,3.88,70.88,20.72
2024-09-04,1.1081,3.76,92.74,21.32
2024-09-05,1.1096,3.75,54.83,19.9
2024-09-06,1.1086,3.66,103.01,22.38
2024-09-09,1.1042,3.68,55.57,19.45
2024-09-10,1.1025,3.59,117.97,19.08
2024-09-11,1.1012,3.62,38.01,17.69
2024-09-12,1.1041,3.64,58.47,17.07
2024-09-13,1.1085,3.57,92.86,16.56
2024-09-16,1.1123,3.56,59.1,17.14
2024-09-17,1.1118,3.59,110.52,17.61
2024-09-18,1.1116,3.61,152.08,18.23
2024-09-19,1.1147,3.59,126.07,16.33
2024-09-20,1.1159,3.55,66.37,16.15
2024-09-23,1.113,3.57,73.57,15.89
2024-09-24,1.115,3.49,72.44,15.39
2024-09-25,1.1143,3.53,103.88,15.41
2024-09-26,1.1184,3.6,82.08,15.37
2024-09-27,1.1159,3.55,90.48,16.96
2024-09-30,1.1145,3.66,116.24,16.73
2024-10-01,1.1067,3.61,58.83,19.26
2024-10-02,1.105,3.63,133.57,18.9
2024-10-03,1.1015,3.7,76.65,20.49
2024-10-04,1.0961,3.93,74.53,19.21
2024-10-07,1.0976,3.99,48.33,22.64
2024-10-08,1.097,3.98,127.04,21.42
2024-10-09,1.0951,3.99,71.55,20.86
2024-10-10,1.0925,3.98,96.67,20.93
2024-10-11,1.0942,3.95,247.06,20.46
2024-10-15,1.0899,3.95,140.41,20.64
2024-10-16,1.0873,3.93,79.68,19.58
2024-10-17,1.0837,3.96,114.8,19.11
2024-10-18,1.0854,3.95,70.12,18.03
2024-10-21,1.082,4.02,283.8,18.37
2024-10-22,1.0805,4.03,116.02,18.2
2024-10-23,1.0779,4.07,98.6,19.24
2024-10-24,1.0806,4.07,67.34,19.08
2024-10-25,1.0813,4.11,83.65,20.33
2024-10-28,1.0819,4.12,75.66,19.8
2024-10-29,1.0798,4.11,88.98,19.34
2024-10-30,1.0864,4.15,70.46,20.35
2024-10-31,1.0855,4.16,107.64,23.16
2024-11-01,1.0848,4.21,116.29,21.88
2024-11-04,1.0884,4.17,231.81,21.98
2024-11-05,1.092,4.19,312.49,20.49
2024-11-06,1.0732,4.27,142.57,16.27
2024-11-07,1.0792,4.21,323.52,15.2
2024-11-08,1.071,4.26,308.41,14.94
2024-11-12,1.0598,4.34,225.35,14.71
2024-11-13,1.0567,4.27,170.4,14.02
2024-11-14,1.0562,4.34,135.73,14.31
2024-11-15,1.0552,4.31,268.42,16.14
2024-11-18,1.0586,4.29,463.22,15.58
2024-11-19,1.0578,4.27,214.05,16.35
2024-11-20,1.0521,4.31,181.81,17.16
2024-11-21,1.0475,4.34,219.91,16.87
2024-11-22,1.0399,4.37,135.37,15.24
2024-11-25,1.0478,4.21,87.75,14.6
2024-11-26,1.0481,4.21,150.15,14.1
2024-11-27,1.0575,4.19,132.14,14.1
2024-11-29,1.0547,4.13,174.81,13.51
2024-12-02,1.0484,4.17,78.68,13.34
2024-12-03,1.0518,4.17,92.19,13.3
2024-12-04,1.0527,4.13,177.91,13.45
2024-12-05,1.0571,4.15,97.39,13.54
2024-12-06,1.0563,4.1,390.69,12.77
2024-12-09,1.057,4.13,233.8,14.19
2024-12-10,1.0512,4.15,218.39,14.18
2024-12-11,1.0508,4.15,219.72,13.58
2024-12-12,1.0514,4.18,125.44,13.92
2024-12-13,1.0498,4.25,141.68,13.81
2024-12-16,1.0512,4.25,288.93,14.69
2024-12-17,1.0506,4.25,86.94,15.87
2024-12-18,1.0469,4.35,251.99,27.62
2024-12-19,1.0357,4.32,171.71,24.09
2024-12-20,1.043,4.3,180.8,18.36
2024-12-23,1.0409,4.3,139.02,16.78
2024-12-24,1.0388,4.29,252.18,14.27
2024-12-26,1.0423,4.3,118.16,14.73
2024-12-27,1.0423,4.31,104.31,15.95
2024-12-30,1.0386,4.24,138.37,17.4
2024-12-31,1.0351,4.25,109.44,17.35
2025-01-02,1.0261,4.25,188.9,17.93
2025-01-03,1.0292,4.28,167.41,16.13
2025-01-06,1.0397,4.28,222.31,16.04
2025-01-07,1.0369,4.3,260.94,17.82
2025-01-08,1.0313,4.28,212.01,17.7
2025-01-09,1.0298,4.27,230.71,18.07
2025-01-10,1.0238,4.4,147.76,19.54
2025-01-13,1.0209,4.4,179.6,19.19
2025-01-14,1.0292,4.37,185.4,18.71
2025-01-15,1.0282,4.27,110.72,16.12
2025-01-16,1.0303,4.23,134.68,16.6
2025-01-17,1.0287,4.27,173.63,15.97
2025-01-21,1.0423,4.29,225.37,15.06
2025-01-22,1.042,4.29,121.77,15.1
2025-01-23,1.042,4.29,176.52,15.02
2025-01-24,1.0515,4.27,189.16,14.85
2025-01-27,1.0492,4.17,159.42,17.9
2025-01-28,1.0427,4.19,262.69,16.41
2025-01-29,1.0416,4.21,342.27,16.56
2025-01-30,1.042,4.18,293.51,15.84
2025-01-31,1.04,4.22,495.78,16.43
2025-02-03,1.0277,4.26,327.16,18.62
2025-02-04,1.0379,4.21,393.35,17.21
2025-02-05,1.0419,4.17,226.19,15.77
2025-02-06,1.0368,4.21,372.45,15.5
2025-02-07,1.0329,4.29,332.89,16.54
2025-02-10,1.0312,4.28,290.34,15.81
2025-02-11,1.0346,4.29,230.88,16.02
2025-02-12,1.0392,4.36,285.28,15.89
2025-02-13,1.0428,4.31,236.69,15.1
2025-02-14,1.0498,4.26,297.91,14.77
2025-02-18,1.0457,4.29,280.36,15.35
2025-02-19,1.0406,4.28,341.49,15.27
2025-02-20,1.0475,4.28,367.92,15.66
2025-02-21,1.0455,4.19,375.62,18.21
2025-02-24,1.0478,4.13,355.9,18.98
2025-02-25,1.0498,4.07,232.14,19.43
2025-02-26,1.0514,4.05,275.17,19.1
2025-02-27,1.0414,4.07,288.54,21.13
2025-02-28,1.0402,3.99,345.22,19.63
2025-03-03,1.0496,3.96,429.75,22.78
2025-03-04,1.0534,3.96,447.53,23.51
2025-03-05,1.0768,3.99,391.3,21.93
2025-03-06,1.0818,3.96,726.26,24.87
2025-03-07,1.0859,3.99,556.7,23.37
2025-03-10,1.0837,3.89,403.78,27.86
2025-03-11,1.0927,3.94,704.03,26.92
2025-03-12,1.0925,4.01,433.5,24.23
2025-03-13,1.0859,3.94,463.36,24.66
2025-03-14,1.0872,4.02,442.46,21.77
2025-03-17,1.0922,4.06,649.53,20.51
2025-03-18,1.0927,4.04,614.24,21.7
2025-03-19,1.0877,3.99,565.45,19.9
2025-03-20,1.0848,3.95,458.66,19.8
2025-03-21,1.0806,3.94,390.35,19.28
2025-03-24,1.0794,4.04,498.84,17.48
2025-03-25,1.0804,3.96,472.98,17.15
2025-03-26,1.0781,3.98,316.49,18.33
2025-03-27,1.08,3.97,313.11,18.69
2025-03-28,1.0826,3.89,362.44,21.65
2025-03-31,1.0796,3.89,426.16,22.28
2025-04-01,1.08,3.87,642.48,21.77
2025-04-02,1.0868,3.91,445.6,21.51
2025-04-03,1.1052,3.71,438.93,30.02
2025-04-04,1.1014,3.68,550.44,45.31
2025-04-07,1.0912,3.73,574.97,46.98
2025-04-08,1.0912,3.71,565.99,52.33
2025-04-09,1.104,3.91,590.08,33.62
2025-04-10,1.1192,3.84,623.53,40.72
2025-04-11,1.1325,3.96,833.81,37.56
2025-04-14,1.1358,3.84,495.65,30.89
2025-04-15,1.129,3.84,371.94,30.12
2025-04-16,1.1382,3.77,505.79,32.64
2025-04-17,1.1364,3.81,508.01,29.65
2025-04-21,1.1508,3.75,407.95,33.82
2025-04-22,1.1466,3.76,439.04,30.57
2025-04-23,1.135,3.81,337.82,28.45
2025-04-24,1.1363,3.77,419.9,26.47
2025-04-25,1.1381,3.74,515.91,24.84
2025-04-28,1.1387,3.67,787.79,25.15
2025-04-29,1.1396,3.65,575.26,24.17
2025-04-30,1.1349,3.6,433.1,24.7
2025-05-01,1.1279,3.7,890.82,24.6
2025-05-02,1.133,3.83,592.35,22.68
2025-05-05,1.1315,3.83,346.64,23.64
2025-05-06,1.1345,3.78,553.82,24.76
2025-05-07,1.1348,3.78,428.17,23.55
2025-05-08,1.1249,3.9,567.82,22.48
2025-05-09,1.127,3.88,535.71,21.9
2025-05-12,1.1106,3.98,667.23,18.39
2025-05-13,1.1176,4.02,512.95,18.22
2025-05-14,1.1206,4.05,776.77,18.62
2025-05-15,1.1189,3.96,469.0,17.83
2025-05-16,1.1141,3.98,516.56,17.24
2025-05-19,1.1236,3.97,390.58,18.14
2025-05-20,1.1254,3.97,408.7,18.09
2025-05-21,1.1343,4.0,319.48,20.87
2025-05-22,1.1281,4.0,283.69,20.28
2025-05-23,1.135,4.0,328.74,22.29
2025-05-27,1.1326,3.92,409.58,18.96
2025-05-28,1.1286,3.96,282.29,19.31
2025-05-29,1.137,3.92,340.04,19.18
2025-05-30,1.1347,3.89,514.0,18.57
2025-06-02,1.1432,3.94,445.03,18.36
2025-06-03,1.1373,3.96,475.75,17.69
2025-06-04,1.1424,3.87,420.42,17.61
2025-06-05,1.144,3.92,340.8,18.48
2025-06-06,1.1397,4.04,351.94,16.77
2025-06-09,1.1425,4.01,328.87,17.16
2025-06-10,1.1423,4.01,273.63,16.95
2025-06-11,1.149,3.94,281.91,17.26
2025-06-12,1.1578,3.9,484.65,18.02
2025-06-13,1.1557,3.96,270.05,20.82
2025-06-16,1.1581,3.97,340.61,19.11
2025-06-17,1.1535,3.94,445.72,21.6
2025-06-18,1.1521,3.94,477.28,20.14
2025-06-20,1.152,3.9,326.33,20.62
2025-06-23,1.1538,3.84,229.7,19.83
2025-06-24,1.1608,3.75,326.19,17.48
2025-06-25,1.162,3.74,342.66,16.76
2025-06-26,1.1717,3.7,239.86,16.59
2025-06-27,1.1724,3.73,305.07,16.32
2025-06-30,1.177,3.72,511.44,16.73
2025-07-01,1.1776,3.78,444.86,16.83
2025-07-02,1.179,3.78,376.21,16.64
2025-07-03,1.1758,3.88,750.31,16.38
2025-07-07,1.1733,3.9,406.62,17.79
2025-07-08,1.1707,3.9,226.19,16.81
2025-07-09,1.1707,3.86,270.45,15.94
2025-07-10,1.1688,3.86,539.55,15.78
2025-07-11,1.1696,3.9,322.44,16.4
2025-07-14,1.1672,3.9,379.41,17.2
2025-07-15,1.1619,3.95,573.74,17.38
2025-07-16,1.1629,3.88,468.19,17.16
2025-07-17,1.1597,3.91,444.91,16.52
2025-07-18,1.1645,3.88,428.28,16.41
2025-07-21,1.1705,3.85,289.39,16.65
2025-07-22,1.1749,3.83,220.87,16.5
2025-07-23,1.1748,3.88,233.7,15.37
2025-07-24,1.1765,3.91,301.78,15.39
2025-07-25,1.173,3.91,227.42,14.93
2025-07-28,1.1609,3.91,282.48,15.03
2025-07-29,1.1534,3.86,199.35,15.98
2025-07-30,1.147,3.94,274.14,15.48
2025-07-31,1.1431,3.94,378.15,16.72
2025-08-01,1.1555,3.69,563.27,20.38
2025-08-04,1.1568,3.69,259.95,17.52
2025-08-05,1.158,3.72,251.56,17.85
2025-08-06,1.1647,3.69,229.33,16.77
2025-08-07,1.1641,3.72,280.6,16.57
2025-08-08,1.166,3.76,239.92,15.15
2025-08-11,1.1607,3.76,309.88,16.25
2025-08-12,1.1673,3.72,275.89,14.73
2025-08-13,1.1715,3.67,241.27,14.49
2025-08-14,1.1644,3.74,199.49,14.83
2025-08-15,1.1708,3.75,323.06,15.09
2025-08-18,1.1667,3.77,336.75,14.99
2025-08-19,1.166,3.75,216.13,15.57
2025-08-20,1.1649,3.74,177.74,15.69
2025-08-21,1.1605,3.79,158.27,16.6
2025-08-22,1.1713,3.68,155.54,14.22
2025-08-25,1.167,3.73,467.56,14.79
2025-08-26,1.1657,3.61,441.53,14.62
2025-08-27,1.1611,3.59,269.38,14.85
2025-08-28,1.1672,3.62,279.5,14.43
2025-08-29,1.1695,3.59,250.15,15.36
2025-09-02,1.1653,3.66,488.48,17.17
2025-09-03,1.1676,3.61,185.22,16.35
2025-09-04,1.1648,3.59,388.69,15.3
2025-09-05,1.1759,3.51,601.23,15.18
2025-09-08,1.1751,3.49,319.23,15.11
2025-09-09,1.1723,3.54,243.41,15.04
2025-09-10,1.1714,3.54,280.99,15.35
2025-09-11,1.1732,3.52,311.82,14.71
2025-09-12,1.1714,3.56,268.43,14.76
2025-09-15,1.1772,3.54,273.8,15.69
2025-09-16,1.1848,3.51,243.91,16.36
2025-09-17,1.1845,3.52,400.05,15.72
2025-09-18,1.178,3.57,284.37,15.7
2025-09-19,1.1753,3.57,204.23,15.45
2025-09-22,1.1773,3.61,548.21,16.1
2025-09-23,1.18,3.53,248.3,16.64
2025-09-24,1.1742,3.57,356.04,16.18
2025-09-25,1.1673,3.64,190.78,16.74
2025-09-26,1.1692,3.63,409.49,15.29
2025-09-29,1.173,3.63,282.61,16.12
2025-09-30,1.1735,3.6,406.64,16.28
2025-10-01,1.1723,3.55,307.12,16.29
2025-10-02,1.1696,3.55,438.91,16.63
2025-10-03,1.1747,3.58,306.79,16.65
2025-10-06,1.1707,3.6,326.43,16.37
2025-10-07,1.1674,3.57,225.8,17.24
2025-10-08,1.1606,3.58,354.2,16.3
2025-10-09,1.1559,3.6,391.93,16.43
2025-10-10,1.1613,3.52,314.78,21.66
2025-10-14,1.1608,3.48,444.68,20.81
2025-10-15,1.1638,3.5,160.15,20.64
2025-10-16,1.1665,3.41,363.38,25.31
2025-10-17,1.1674,3.46,551.3,20.78
2025-10-20,1.1656,3.46,338.92,18.23
2025-10-21,1.1616,3.45,279.64,17.87
2025-10-22,1.1612,3.45,490.22,18.6
2025-10-23,1.1612,3.48,226.47,17.3
2025-10-24,1.1626,3.48,327.22,16.37
2025-10-27,1.1636,3.48,386.2,15.79
2025-10-28,1.1659,3.47,269.14,16.42
2025-10-29,1.1664,3.59,260.35,16.92
2025-10-30,1.1564,3.61,280.03,16.91
2025-10-31,1.1541,3.6,439.77,17.44
2025-11-03,1.1531,3.6,5.39,17.17
2025-11-04,1.1491,3.58,285.7,19.0
2025-11-05,1.1485,3.63,300.81,18.01
2025-11-06,1.1539,3.57,316.74,19.5
2025-11-07,1.1578,3.55,337.82,19.08
2025-11-10,1.1545,3.58,473.61,17.6
2025-11-12,1.1592,3.56,224.47,17.51
2025-11-13,1.1649,3.58,475.99,20.0
2025-11-14,1.1617,3.62,302.37,19.83
2025-11-17,1.1598,3.6,575.78,22.38
2025-11-18,1.1579,3.58,617.41,24.69
2025-11-19,1.154,3.58,226.6,23.66
2025-11-20,1.1534,3.55,312.65,26.42
2025-11-21,1.1506,3.51,265.43,23.43
2025-11-24,1.1518,3.46,199.1,20.52
2025-11-25,1.1553,3.43,323.74,18.56
2025-11-26,1.1591,3.45,231.59,17.19
2025-11-28,1.16,3.47,323.26,16.35
2025-12-01,1.1623,3.54,257.88,17.24
2025-12-02,1.1596,3.51,292.27,16.59
2025-12-03,1.166,3.49,357.52,16.08
2025-12-04,1.1659,3.52,520.11,15.78
2025-12-05,1.1635,3.56,236.11,15.41
2025-12-08,1.1626,3.57,483.24,16.66
2025-12-09,1.1639,3.61,583.98,16.93
2025-12-10,1.165,3.54,336.6,15.77
2025-12-11,1.1756,3.52,524.45,14.85
2025-12-12,1.1731,3.52,355.26,15.74
2025-12-15,1.1756,3.51,254.98,16.5
2025-12-16,1.177,3.48,258.94,16.48
2025-12-17,1.1748,3.49,230.87,17.62
2025-12-18,1.1729,3.46,350.41,16.87
2025-12-19,1.1721,3.48,313.6,14.91
2025-12-22,1.175,3.44,238.58,14.08
2025-12-23,1.1776,3.48,264.35,14.0
2025-12-24,1.178,3.47,204.03,13.47
2025-12-26,1.1766,3.46,513.83,13.6
2025-12-29,1.1756,3.45,445.72,14.2
2025-12-30,1.1765,3.45,305.8,14.33
2025-12-31,1.1736,3.47,307.63,14.95
2026-01-02,1.1738,3.47,296.92,14.51
2026-01-05,1.1715,3.46,539.83,14.9
2026-01-06,1.1689,3.47,251.35,14.75
2026-01-07,1.169,3.47,253.69,15.38
2026-01-08,1.1655,3.49,474.73,15.45
2026-01-09,1.1634,3.54,231.37,14.49
2026-01-12,1.1672,3.54,281.74,15.12
2026-01-13,1.1646,3.53,357.58,15.98
2026-01-14,1.1655,3.51,369.14,16.75
2026-01-15,1.1605,3.56,409.97,15.84
2026-01-16,1.1599,3.59,257.45,15.86
2026-01-20,1.1739,3.6,360.3,20.09
2026-01-21,1.1705,3.6,541.38,16.9
2026-01-22,1.1738,3.61,474.48,15.64
2026-01-23,1.1771,3.6,308.57,16.09
2026-01-26,1.1886,3.56,289.49,16.15
2026-01-27,1.198,3.53,402.55,16.35
2026-01-28,1.1941,3.56,343.94,16.35
2026-01-29,1.1943,3.53,248.94,16.88
2026-01-30,1.1885,3.52,211.46,17.44
2026-02-02,1.1807,3.57,196.39,16.34
2026-02-03,1.1819,3.57,321.6,18.0
2026-02-04,1.1803,3.57,303.36,18.64
2026-02-05,1.1802,3.47,291.35,21.77
2026-02-06,1.1812,3.5,176.17,17.76
2026-02-09,1.1898,3.48,221.9,17.36
2026-02-10,1.1898,3.45,205.87,17.79
2026-02-11,1.1884,3.52,251.66,17.65
2026-02-12,1.187,3.47,438.29,20.82
2026-02-13,1.187,3.4,337.34,20.6
2026-02-17,1.1831,3.43,278.08,20.29
2026-02-18,1.181,3.47,238.41,19.62
2026-02-19,1.1762,3.47,493.8,20.23
2026-02-20,1.1781,3.48,473.44,19.09
2026-02-23,1.1804,3.43,695.45,21.01
2026-02-24,1.1789,3.43,672.5,19.55
2026-02-25,1.1804,3.45,369.27,17.93
2026-02-26,1.1792,3.42,319.09,18.63
2026-02-27,1.1822,3.38,320.15,19.86
2026-03-02,1.169,3.47,440.29,21.44
2026-03-03,1.1604,3.51,544.62,23.57
2026-03-04,1.1638,3.54,230.31,21.15
2026-03-05,1.1585,3.57,387.92,23.75
2026-03-06,1.1606,3.56,466.69,29.49
2026-03-09,1.1592,3.56,479.74,25.5
2026-03-10,1.1648,3.57,288.44,24.93
2026-03-11,1.1566,3.64,420.76,24.23
2026-03-12,1.1522,3.76,362.89,27.29
2026-03-13,1.1444,3.73,450.36,27.19
2026-03-16,1.1487,3.68,243.05,23.51
2026-03-17,1.1525,3.68,325.21,22.37
2026-03-18,1.1513,3.76,347.7,25.09
2026-03-19,1.1515,3.79,372.46,24.06
2026-03-20,1.1543,3.88,308.76,26.78
2026-03-23,1.1587,3.83,348.81,26.15
2026-03-24,1.1578,3.9,494.5,26.95
2026-03-25,1.157,3.84,273.75,25.33
2026-03-26,1.1542,3.96,509.77,27.44
2026-03-27,1.152,3.88,301.58,31.05
2026-03-30,1.1454,3.82,381.86,30.61
2026-03-31,1.1518,3.79,383.38,25.25
2026-04-01,1.1614,3.81,359.72,24.54
2026-04-02,1.1546,3.79,268.47,23.87
2026-04-06,1.1545,3.84,255.85,24.17
2026-04-07,1.1571,3.81,242.86,25.78
2026-04-08,1.1686,3.79,245.51,21.04
2026-04-09,1.1706,3.78,293.55,19.49
2026-04-10,1.1723,3.81,266.58,19.23
2026-04-13,1.171,3.78,383.1,19.12
2026-04-14,1.1791,3.76,412.1,18.36
2026-04-15,1.1799,3.76,276.31,18.17
2026-04-16,1.1783,3.78,262.82,17.94
2026-04-17,1.1801,3.71,266.55,17.48
2026-04-20,1.1785,3.72,329.9,18.87
2026-04-21,1.1752,3.78,197.66,19.5
2026-04-22,1.1714,3.79,208.63,18.92
2026-04-23,1.1704,3.83,455.4,19.31
2026-04-24,1.1718,3.78,251.17,18.71
2026-04-27,1.1731,3.78,337.27,18.02
2026-04-28,1.1715,3.84,387.67,17.83
2026-04-29,1.1695,3.92,281.95,18.81
2026-04-30,1.1729,3.88,386.28,16.89
2026-05-01,1.1755,3.88,501.82,16.99
2026-05-04,1.1698,3.95,366.58,18.29
2026-05-05,1.1707,3.93,529.17,17.38
2026-05-06,1.1753,3.87,270.75,17.39
2026-05-07,1.1764,3.92,318.06,17.08
2026-05-08,1.1773,3.9,266.15,17.19
2026-05-11,1.178,3.95,321.42,18.38
2026-05-12,1.1733,4.0,296.0,17.99
2026-05-13,1.1711,3.98,237.41,17.87
2026-05-14,1.1678,4.0,217.04,17.26
2026-05-15,1.1627,4.09,379.11,18.43
2026-05-18,1.1649,4.07,323.85,17.82
2026-05-19,1.1602,4.13,402.88,18.06
2026-05-20,1.162,4.04,424.08,17.44
2026-05-21,1.1589,4.08,226.92,16.76
2026-05-22,1.1603,4.13,306.79,16.7
2026-05-26,1.162,4.01,187.99,17.01
2026-05-27,1.1631,4.0,325.98,16.29
2026-05-28,1.1649,3.99,279.84,15.74
2026-05-29,1.1679,3.98,350.79,15.32
2026-06-01,1.1624,4.05,235.53,16.05
2026-06-02,1.1642,4.05,221.74,15.77
2026-06-03,1.1605,4.08,458.38,16.06
2026-06-04,1.1629,4.05,363.49,15.4
2026-06-05,1.1533,4.17,229.74,21.51
2026-06-08,1.1545,4.15,378.26,18.92
2026-06-09,1.1556,4.13,277.0,19.87
2026-06-10,1.155,4.13,186.33,22.22
2026-06-11,1.1515,4.05,257.2,19.44
2026-06-12,1.1573,4.09,221.33,17.68
2026-06-15,1.1599,4.07,378.31,16.2
2026-06-16,1.1615,4.05,491.42,16.41
2026-06-17,1.1593,4.2,333.6,18.44
2026-06-18,1.147,4.19,424.73,16.4
2026-06-22,1.1432,4.24,372.0,17.28
2026-06-23,1.1383,4.16,399.9,19.49
2026-06-24,1.1348,4.11,463.97,18.63
2026-06-25,1.1385,4.09,273.74,18.89
2026-06-26,1.1403,4.07,252.68,18.41
2026-06-29,1.1425,4.1,206.62,17.65
2026-06-30,1.1417,4.14,333.2,16.45
2026-07-01,1.1384,4.17,208.64,16.59
2026-07-02,1.1448,4.14,173.11,16.15
2026-07-06,1.1426,4.13,243.98,15.57
2026-07-07,1.1423,4.19,255.15,16.13
2026-07-08,1.1396,4.21,190.46,16.9
2026-07-09,1.1439,4.16,283.47,15.84
2026-07-10,1.1438,4.21,230.68,15.03
2026-07-13,1.1402,4.26,225.09,17.16
2026-07-14,1.1428,4.18,301.97,16.5
2026-07-15,1.1436,4.13,295.46,15.67
2026-07-16,1.1447,4.16,285.15,16.73
2026-07-17,1.144,4.18,365.68,18.77
2026-07-20,1.1411,4.21,382.11,18.65
2026-07-21,1.1408,4.26,366.43,17.05
2026-07-22,1.1414,4.31,149.05,16.64
2026-07-23,1.1373,4.37,194.26,18.7
2026-07-24,1.1385,4.33,741.02,18.58
