Security,EUXOQQC BGN Curncy,
Start Date,24/02/2021 00:00,
End Date,17/07/2026 00:00,
Period,D,
Pricing Source,BGN,
,,
Date,PX_LAST,PX_BID
17/07/2026,0.5,-0.4665
16/07/2026,0.625,-0.5269
15/07/2026,0.625,-0.8638
14/07/2026,0.5,-1.4731
13/07/2026,0.5,-3.186
10/07/2026,0.625,-0.009
09/07/2026,0.375,-0.2605
08/07/2026,0.125,-0.5196
07/07/2026,0.75,0.0405
06/07/2026,0.75,-0.1875
03/07/2026,0.875,0.2724
02/07/2026,0.625,-0.0189
01/07/2026,0.625,-0.0066
30/06/2026,-0.25,-1.0091
29/06/2026,-0.875,-1.7763
26/06/2026,-1.25,-1.9165
25/06/2026,-0.625,-1.3271
24/06/2026,-0.5,-1.2443
23/06/2026,-0.75,-1.5963
22/06/2026,-0.375,-1.471
19/06/2026,0.5,-0.1187
18/06/2026,0.5,-0.1537
17/06/2026,0.25,-0.406
16/06/2026,-0.125,-0.8019
15/06/2026,-0.5,-1.1937
12/06/2026,-0.875,-1.4972
11/06/2026,-1.25,-1.8927
10/06/2026,-1.375,-2.0378
09/06/2026,-1,-1.7274
08/06/2026,-0.875,-1.6964
05/06/2026,-0.75,-1.4294
04/06/2026,-0.75,-1.3975
03/06/2026,-1.25,-1.8907
02/06/2026,-1,-1.675
01/06/2026,-0.875,-1.675
29/05/2026,-0.625,-1.3411
28/05/2026,-0.875,-1.6808
27/05/2026,-1,-1.9124
26/05/2026,-1.125,-2.3346
22/05/2026,-1.25,-2.0096
21/05/2026,-1.375,-2.2478
20/05/2026,-1.375,-2.1336
19/05/2026,-1.75,-2.567
18/05/2026,-1.25,-2.5735
15/05/2026,-1.25,-1.9731
14/05/2026,-0.75,-1.4926
13/05/2026,-0.375,-1.1082
12/05/2026,-0.5,-1.2641
11/05/2026,0.125,-0.7275
08/05/2026,0.625,-0.0724
07/05/2026,1,0.366
06/05/2026,0.625,0.0715
05/05/2026,0,-0.4584
01/05/2026,0,-0.6999
30/04/2026,-0.25,-0.9992
29/04/2026,-0.875,-1.6667
28/04/2026,-1.25,-2.0511
27/04/2026,-0.875,-1.9225
24/04/2026,-1.375,-2.1121
23/04/2026,-0.625,-1.3943
22/04/2026,-0.5,-1.2743
21/04/2026,-0.375,-1.1922
20/04/2026,-0.5,-1.4717
17/04/2026,0.125,-0.5576
16/04/2026,-0.25,-1.0503
15/04/2026,-0.625,-1.4719
14/04/2026,-0.625,-1.5469
13/04/2026,-1.5,-2.6864
10/04/2026,-1.125,-1.8822
09/04/2026,-0.375,-1.2405
08/04/2026,-0.625,-1.6224
07/04/2026,-2.875,-4.1411
03/04/2026,-2.875,-3.6535
02/04/2026,-2.875,-3.697
01/04/2026,-1.25,-2.0734
31/03/2026,-1.5,-2.1234
30/03/2026,-2.875,-3.9521
27/03/2026,-4.75,-5.3149
26/03/2026,-4.5,-4.8567
25/03/2026,-3,-3.5499
24/03/2026,-4,-4.8026
23/03/2026,-3,-4.271
20/03/2026,-4,-4.4577
19/03/2026,-3.875,-4.28
18/03/2026,-1.75,-2.1795
17/03/2026,-1.25,-2.3867
16/03/2026,-1.5,-3.3068
13/03/2026,-3.75,-4.1441
12/03/2026,-3.375,-3.743
11/03/2026,-2.375,-2.9779
10/03/2026,-1.5,-2.3353
09/03/2026,-3.75,-4.6102
06/03/2026,-2.75,-3.2114
05/03/2026,-0.875,-1.5137
04/03/2026,0.375,-0.3373
03/03/2026,-2.25,-2.8841
02/03/2026,-1.875,-3.152
27/02/2026,0.375,0.1682
26/02/2026,1.5,1.0801
25/02/2026,1.75,1.1596
24/02/2026,2.5,1.4501
23/02/2026,1.875,0.1911
20/02/2026,2.375,1.5607
19/02/2026,2.5,1.2644
18/02/2026,2.5,0.9228
17/02/2026,2.375,0.6033
16/02/2026,2.5,2
13/02/2026,2.5,1.7226
12/02/2026,2.375,1.2682
11/02/2026,2.5,0.9847
10/02/2026,2.5,-0.0471
06/02/2026,2.75,2.4521
05/02/2026,3.25,2.8067
04/02/2026,3.255,2.649
03/02/2026,3.125,2.2595
02/02/2026,3,1.5729
30/01/2026,3.125,2.7768
29/01/2026,2.875,2.3697
28/01/2026,2.75,2.0087
27/01/2026,2.75,1.7444
26/01/2026,3.125,2.1655
23/01/2026,3.5,3.1427
22/01/2026,3.5,2.9949
21/01/2026,2.875,2.0972
20/01/2026,2.375,1.0975
19/01/2026,2.75,0.3516
16/01/2026,3.75,3.4621
15/01/2026,3.625,3.2429
14/01/2026,3.125,2.5516
13/01/2026,3.25,2.4408
12/01/2026,3.375,2.4091
09/01/2026,3.25,2.9254
08/01/2026,3.625,3.1949
07/01/2026,3.75,3.1397
06/01/2026,3.5,2.6053
05/01/2026,4.375,3.1699
02/01/2026,3.625,3.2953
01/01/2026,1.75,1.2969
31/12/2025,1.75,1.1356
30/12/2025,1.875,1.0205
29/12/2025,0.5,-0.8691
26/12/2025,0.75,0.3353
25/12/2025,0.75,0.1889
24/12/2025,0.5,-0.263
23/12/2025,0.75,-0.1932
22/12/2025,0.5,-0.1022
19/12/2025,-0.25,-0.54
18/12/2025,-0.5,-0.8218
17/12/2025,-0.375,-0.8008
16/12/2025,-0.875,-1.4711
15/12/2025,-2.125,-2.8657
12/12/2025,-2.25,-2.6417
11/12/2025,-2.375,-3.0486
10/12/2025,-3.375,-3.8772
09/12/2025,-2.75,-3.6034
08/12/2025,-1.625,-3.146
05/12/2025,-1.125,-1.5342
04/12/2025,-1.625,-2.2098
03/12/2025,-1.75,-2.647
02/12/2025,-2,-3.2107
01/12/2025,-1.375,-3.3517
28/11/2025,-2.375,-2.7139
27/11/2025,-2.875,-3.3903
26/11/2025,-3,-3.7318
25/11/2025,-2.75,-3.7462
24/11/2025,-3.875,-5.4562
21/11/2025,-4.75,-5.2622
20/11/2025,-4.125,-4.8083
19/11/2025,-4.5,-5.4168
18/11/2025,-4.625,-5.9622
17/11/2025,-4.5,-6.6089
14/11/2025,-4.5,-4.726
13/11/2025,-4.125,-4.5051
12/11/2025,-3.25,-3.7064
11/11/2025,-2.5,-3.2333
10/11/2025,-2.375,-3.4233
07/11/2025,-2.625,-3.0439
06/11/2025,-2.75,-3.3045
05/11/2025,-2.75,-3.4733
04/11/2025,-3.25,-4.439
03/11/2025,-3,-4.3907
31/10/2025,-2.75,-3.2423
30/10/2025,-3.375,-3.8921
29/10/2025,-5.25,-5.7308
28/10/2025,-5.25,-5.934
27/10/2025,-4.375,-5.0727
24/10/2025,-3.25,-3.6224
23/10/2025,-3.375,-3.8646
22/10/2025,-3.125,-3.8589
21/10/2025,-3,-3.8953
20/10/2025,-3.25,-4.3399
17/10/2025,-3.88,-4.9423
16/10/2025,-3.25,-4.096
15/10/2025,-2.375,-3.5009
14/10/2025,-3.125,-4.7946
13/10/2025,-2.25,-6.133
10/10/2025,-2.125,-2.6779
09/10/2025,-1.875,-2.6795
08/10/2025,-1.5,-2.914
07/10/2025,-2.875,-5.2635
06/10/2025,-3.625,-6.3456
03/10/2025,-3.375,-3.6602
02/10/2025,-3.75,-4.1372
01/10/2025,-3.75,-4.2466
30/09/2025,-3.875,-4.7526
29/09/2025,-4.125,-5.1702
26/09/2025,0.125,-0.552
25/09/2025,1.125,-0.1038
24/09/2025,1.125,-0.6467
23/09/2025,1.25,-1.572
22/09/2025,1.5,0.8685
19/09/2025,1.5,1.0322
18/09/2025,1.75,1.0199
17/09/2025,1.75,0.8366
16/09/2025,1.75,0.5242
15/09/2025,1.5,0.0453
12/09/2025,1.125,0.9237
11/09/2025,0.75,0.4758
10/09/2025,0.875,0.4593
09/09/2025,0.875,0.2591
08/09/2025,0.75,-0.2
05/09/2025,0.875,0.1534
04/09/2025,0.75,-0.2923
03/09/2025,0.375,-0.9103
02/09/2025,1.125,-0.9479
01/09/2025,1.375,0.625
29/08/2025,1.375,0.7989
28/08/2025,1.5,0.6601
27/08/2025,1.75,0.5184
26/08/2025,2,0.3753
22/08/2025,2.375,1.8875
21/08/2025,2.375,1.6987
20/08/2025,2.25,1.1867
19/08/2025,2.125,0.6208
18/08/2025,2.25,0.1029
15/08/2025,2.5,1.815
14/08/2025,2.5,1.5153
13/08/2025,2.5,1.1347
12/08/2025,2.5,0.5452
11/08/2025,3,-1.1945
08/08/2025,3.125,2.5013
07/08/2025,3.25,2.3378
06/08/2025,3,1.5918
05/08/2025,2.125,-0.3842
04/08/2025,2,-1.1667
01/08/2025,1.75,1.2939
31/07/2025,1.5,0.8545
30/07/2025,1.625,0.7119
29/07/2025,1.75,0.3132
28/07/2025,1.875,-0.875
25/07/2025,1.625,1.5096
24/07/2025,1.5,1.3277
23/07/2025,1.5,1.2321
22/07/2025,1.625,1.2248
21/07/2025,1.625,0.627
18/07/2025,1.5,0.9824
17/07/2025,1.5,0.7928
16/07/2025,1,-0.1114
15/07/2025,0.75,-0.787
14/07/2025,0.625,-3.6155
11/07/2025,0.5,0.1885
10/07/2025,0.625,0.2032
09/07/2025,0.75,0.1777
08/07/2025,0.625,-0.1538
07/07/2025,0.25,-0.775
04/07/2025,0.25,-0.074
03/07/2025,0,-0.4901
02/07/2025,0,-0.459
01/07/2025,0.25,-0.1662
30/06/2025,0.5,-0.137
27/06/2025,0.25,-0.0495
26/06/2025,0.75,0.3556
25/06/2025,0.375,-0.2358
24/06/2025,-1.25,-2.3911
23/06/2025,-1.625,-3.3929
20/06/2025,-1.5,-1.8132
19/06/2025,-1.625,-2.0393
18/06/2025,-1.5,-2.1638
17/06/2025,-1.75,-2.9061
16/06/2025,-1.875,-3.4896
13/06/2025,-2.75,-3.0451
12/06/2025,-2,-2.3813
11/06/2025,-2,-2.5502
10/06/2025,-1.75,-2.6122
09/06/2025,-1.75,-3.219
06/06/2025,-1.75,-2.2616
05/06/2025,-1.375,-2.2365
04/06/2025,-1,-2.2148
03/06/2025,-1.25,-2.9995
02/06/2025,-0.875,-4.3018
30/05/2025,-1,-1.7694
29/05/2025,-1.375,-2.5036
28/05/2025,-2.5,-4.7948
27/05/2025,-3.125,-6.8349
23/05/2025,-3.375,-3.6539
22/05/2025,-2.75,-3.1724
21/05/2025,-2.375,-3.0929
20/05/2025,-2.125,-3.2277
19/05/2025,-2,-3.725
16/05/2025,-1.625,-1.956
15/05/2025,-1.5,-1.9231
14/05/2025,-1.5,-2.0976
13/05/2025,-1.5,-2.3741
12/05/2025,-1.375,-2.5848
09/05/2025,-1.75,-2.3463
08/05/2025,-2.125,-3.0771
07/05/2025,-2.875,-4.4041
06/05/2025,-2.25,-5.2373
02/05/2025,-1.75,-2.0632
01/05/2025,-1.5,-1.9291
30/04/2025,-1.5,-2.0822
29/04/2025,-1.625,-2.4514
28/04/2025,-1.875,-3.2474
25/04/2025,-1.625,-2.1058
24/04/2025,-1.5,-2.1938
23/04/2025,-1.125,-2.1628
22/04/2025,-1.375,-2.045
18/04/2025,-1.125,-1.311
17/04/2025,-1.125,-1.3657
16/04/2025,-1.125,-1.4822
15/04/2025,-1,-1.5237
14/04/2025,-0.75,-1.705
11/04/2025,-2.75,-3.3977
10/04/2025,-3.375,-4.2488
09/04/2025,-4.125,-5.9376
08/04/2025,-1.875,-2.4329
07/04/2025,-4.5,-5.3155
04/04/2025,-4.25,-4.8517
03/04/2025,0.125,-0.5233
02/04/2025,0.25,-0.6943
01/04/2025,0.375,-1.0881
31/03/2025,0.125,-1.6513
28/03/2025,0.25,-0.2342
27/03/2025,0.375,-0.3206
26/03/2025,0.75,-0.1651
25/03/2025,0.375,-0.822
24/03/2025,0,-1.4001
21/03/2025,0,-0.3616
20/03/2025,0.5,-0.014
19/03/2025,0.25,-0.4835
18/03/2025,0.625,-0.4228
17/03/2025,0.5,-0.4555
14/03/2025,-0.375,-0.7029
13/03/2025,-0.5,-0.9467
12/03/2025,-0.125,-0.7571
11/03/2025,0.25,-0.7934
10/03/2025,0,-1.6306
07/03/2025,0.75,0.5582
06/03/2025,1.5,1.1605
05/03/2025,1.25,0.7301
04/03/2025,0,-0.9523
03/03/2025,0.125,-1.491
28/02/2025,-0.25,-0.6152
27/02/2025,0.125,-0.3585
26/02/2025,-0.25,-0.9068
25/02/2025,-0.25,-1.3751
24/02/2025,0,-1.5
21/02/2025,-0.125,-0.5035
20/02/2025,-0.125,-0.6924
19/02/2025,-0.5,-1.4596
18/02/2025,-0.625,-2.1452
17/02/2025,-0.625,-2.6646
14/02/2025,-0.75,-1.0262
13/02/2025,-0.625,-0.9511
12/02/2025,-0.625,-1.059
11/02/2025,-0.875,-1.4626
10/02/2025,-1.125,-1.9294
07/02/2025,-0.75,-1.0596
06/02/2025,-0.5,-0.9532
05/02/2025,-0.625,-1.2233
04/02/2025,-1.375,-2.2846
03/02/2025,-1.75,-3.2366
31/01/2025,-1.125,-1.4823
30/01/2025,-1.125,-1.573
29/01/2025,-1.625,-2.2013
28/01/2025,-1.625,-2.5048
27/01/2025,-2.5,-3.8068
24/01/2025,-1.75,-2.0014
23/01/2025,-1.5,-1.8325
22/01/2025,-2.25,-2.7277
21/01/2025,-2.125,-2.9653
20/01/2025,-1.375,-3.0809
17/01/2025,-1.25,-1.5013
16/01/2025,-1.25,-1.5815
15/01/2025,-2,-2.4506
14/01/2025,-2.5,-3.3279
13/01/2025,-2.375,-3.6073
10/01/2025,-1.625,-1.9328
09/01/2025,-1.75,-2.1465
08/01/2025,-0.75,-1.1167
07/01/2025,-0.625,-1.2404
06/01/2025,-0.75,-1.4881
03/01/2025,-0.875,-1.8908
02/01/2025,-0.75,-2.2286
01/01/2025,-0.75,-2.8822
31/12/2024,-0.75,-3.4903
30/12/2024,-1.125,-4.6623
27/12/2024,-6.5,-7.191
26/12/2024,-6.5,-7.545
25/12/2024,-6.5,-7.8257
24/12/2024,-6.5,-8.2164
23/12/2024,-6.25,-8.7231
20/12/2024,-5.5,-5.7807
19/12/2024,-5.375,-5.721
18/12/2024,-4.625,-5.2397
17/12/2024,-3.625,-4.5516
16/12/2024,-3.5,-4.9239
13/12/2024,-3.25,-3.7447
12/12/2024,-3.5,-4.0668
11/12/2024,-3.25,-4.2666
10/12/2024,-3.75,-5.5445
09/12/2024,-3.625,-6.6325
06/12/2024,-3.375,-3.8423
05/12/2024,-2.375,-2.9736
04/12/2024,-2.625,-3.3771
03/12/2024,-2.375,-3.5198
02/12/2024,-3.625,-6.6338
29/11/2024,-3.5,-3.8729
28/11/2024,-3.625,-4.1427
27/11/2024,-3.5,-4.0628
26/11/2024,-2.875,-4.0478
25/11/2024,-3.625,-6.0555
22/11/2024,-4.25,-4.7664
21/11/2024,-4.375,-4.8809
20/11/2024,-3.875,-4.4109
19/11/2024,-4,-4.9059
18/11/2024,-2.25,-4.8106
15/11/2024,-1.75,-1.974
14/11/2024,-1.625,-1.8718
13/11/2024,-2.375,-2.8843
12/11/2024,-1.25,-1.9003
11/11/2024,-1.75,-2.5503
08/11/2024,-2,-2.323
07/11/2024,-2,-2.3956
06/11/2024,-3,-3.7398
05/11/2024,-4.375,-5.4904
04/11/2024,-4.375,-5.8106
01/11/2024,-4.25,-4.4666
31/10/2024,-4.375,-4.6434
30/10/2024,-4.125,-4.5111
29/10/2024,-5.375,-6.276
28/10/2024,-5.375,-6.7302
25/10/2024,-6.5,-6.6793
24/10/2024,-4,-4.3802
23/10/2024,-3.5,-3.8679
22/10/2024,-3.125,-3.4748
21/10/2024,-3,-3.704
18/10/2024,-2.25,-2.7437
17/10/2024,-3.125,-3.4003
16/10/2024,-5.375,-6.2998
15/10/2024,-7.375,-8.8031
14/10/2024,-8.25,-11.5577
11/10/2024,-8.25,-8.6858
10/10/2024,-8.25,-8.8229
09/10/2024,-7.5,-8.3254
08/10/2024,-6.625,-7.876
07/10/2024,-7.75,-9.8068
04/10/2024,-7.875,-8.2896
03/10/2024,-8.25,-8.7752
02/10/2024,-8.5,-9.0605
01/10/2024,-7.75,-8.2647
30/09/2024,-6.625,-7.4832
27/09/2024,-6.75,-7.1502
26/09/2024,-1,-1.6819
25/09/2024,-1.625,-2.6245
24/09/2024,-1.125,-2.5568
23/09/2024,-1,-2.1552
20/09/2024,-1.125,-1.4633
19/09/2024,-1.25,-1.6987
18/09/2024,-1.625,-2.0842
17/09/2024,-2,-2.5853
16/09/2024,-2,-2.793
13/09/2024,-1.875,-2.1369
12/09/2024,-1.5,-1.8325
11/09/2024,-2.5,-3.1084
10/09/2024,-2.5,-3.4564
09/09/2024,-2.25,-3.6707
06/09/2024,-2.5,-2.8654
05/09/2024,-2,-2.5208
04/09/2024,-1.75,-2.5335
03/09/2024,-1.125,-2.0248
02/09/2024,-0.625,-1.4502
30/08/2024,-0.625,-0.9262
29/08/2024,-0.5,-0.8812
28/08/2024,-0.75,-1.3404
27/08/2024,-0.625,-1.2983
23/08/2024,-1.125,-1.5192
22/08/2024,-1.25,-1.7545
21/08/2024,-1.375,-2.098
20/08/2024,-1.625,-2.6665
19/08/2024,-1.625,-2.9334
16/08/2024,-1.75,-1.9522
15/08/2024,-1.75,-2.0062
14/08/2024,-2.25,-2.7347
13/08/2024,-2.375,-3.1304
12/08/2024,-2,-2.8068
09/08/2024,-1.5,-2.0637
08/08/2024,-1.75,-2.2873
07/08/2024,-1.625,-2.2256
06/08/2024,-1.75,-2.3097
05/08/2024,-3.75,-4.1385
02/08/2024,-3.25,-3.7639
01/08/2024,-1.75,-2.4465
31/07/2024,-1.125,-2.042
30/07/2024,-1.625,-3.0059
29/07/2024,-1.5,-3.8454
26/07/2024,-1.375,-1.6245
25/07/2024,-2.125,-2.4414
24/07/2024,-1.125,-1.5557
23/07/2024,-1,-1.7587
22/07/2024,-0.875,-2.0613
19/07/2024,-0.875,-1.2208
18/07/2024,-0.875,-1.5071
17/07/2024,-1,-1.8957
16/07/2024,-1.625,-3.0213
15/07/2024,-1.875,-2.3628
12/07/2024,-2.125,-2.6188
11/07/2024,-1.5,-2.2337
10/07/2024,-1.625,-2.7532
09/07/2024,-1.625,-3.2529
08/07/2024,-1.75,-4.0358
05/07/2024,-2.875,-3.0816
04/07/2024,-2.5,-2.7549
03/07/2024,-2.375,-2.6685
02/07/2024,-2.375,-2.7981
01/07/2024,-3,-3.9001
28/06/2024,-5,-5.3189
27/06/2024,-4.75,-5.2561
26/06/2024,-3.5,-4.2081
25/06/2024,-4.25,-5.5374
24/06/2024,-5.5,-6.9326
21/06/2024,-4.875,-5.3142
20/06/2024,-4.375,-4.8768
19/06/2024,-4,-4.6527
18/06/2024,-3.75,-4.6263
17/06/2024,-3.625,-5.3735
14/06/2024,-5.875,-6.6275
13/06/2024,-4.375,-5.533
12/06/2024,-3,-4.0093
11/06/2024,-3.125,-4.1461
10/06/2024,-2.5,-3.4248
07/06/2024,-2.125,-2.43
06/06/2024,-1.625,-2.1019
05/06/2024,-1.75,-2.3857
04/06/2024,-2,-2.7585
03/06/2024,-1.375,-2.512
31/05/2024,-1.625,-2.0161
30/05/2024,-2,-2.5887
29/05/2024,-3.125,-3.9289
28/05/2024,-2.5,-3.6459
24/05/2024,-2.25,-2.5554
23/05/2024,-2.125,-2.552
22/05/2024,-2.5,-3.153
21/05/2024,-2.625,-3.5632
20/05/2024,-2.5,-3.758
17/05/2024,-2.75,-3.4088
16/05/2024,-2.375,-2.9928
15/05/2024,-3,-3.6607
14/05/2024,-3.75,-4.5822
13/05/2024,-3.75,-4.25
10/05/2024,-3.75,-4.0574
09/05/2024,-4,-4.5042
08/05/2024,-3.875,-4.6849
07/05/2024,-3.75,-4.8322
03/05/2024,-3.5,-3.6603
02/05/2024,-3.5,-3.7796
01/05/2024,-3.625,-4.083
30/04/2024,-3.875,-4.5348
29/04/2024,-4.125,-5.1111
26/04/2024,-4.625,-4.816
25/04/2024,-4.75,-5.0914
24/04/2024,-4.5,-5.0351
23/04/2024,-4.625,-5.4928
22/04/2024,-4.5,-5.681
19/04/2024,-5.5,-7.0454
18/04/2024,-4.375,-5.6885
17/04/2024,-4.5,-5.2168
16/04/2024,-5.125,-6.1864
15/04/2024,-4.25,-6.0912
12/04/2024,-5.25,-5.354
11/04/2024,-3.5,-3.7552
10/04/2024,-3.5,-3.9499
09/04/2024,-3.375,-4.0459
08/04/2024,-3.5,-4.7261
05/04/2024,-4,-4.5118
04/04/2024,-2.875,-3.8745
03/04/2024,-3.5,-5.172
02/04/2024,-3.75,-6.5055
29/03/2024,-4.25,-4.9961
28/03/2024,-4.375,-5.3397
27/03/2024,-4.375,-5.4509
26/03/2024,-4,-5.2672
25/03/2024,-4.125,-5.8585
22/03/2024,-3.5,-4.2891
21/03/2024,-2.75,-4.0439
20/03/2024,-3.375,-4.8911
19/03/2024,-3.875,-5.5995
18/03/2024,-4.25,-7.682
15/03/2024,-4.375,-4.4903
14/03/2024,-4.25,-4.4744
13/03/2024,-4.875,-5.2349
12/03/2024,-5,-5.6947
11/03/2024,-5.25,-6
08/03/2024,-5.125,-5.3859
07/03/2024,-5,-5.327
06/03/2024,-5.25,-5.8036
05/03/2024,-4.875,-5.909
04/03/2024,-5.375,-6.6309
01/03/2024,-5.5,-6.7051
29/02/2024,-4.75,-5.6282
28/02/2024,-5,-6.4015
27/02/2024,-5.375,-6.6137
26/02/2024,-5.25,-7.7505
23/02/2024,-5.5,-5.967
22/02/2024,-5.375,-6.0776
21/02/2024,-5.25,-5.8937
20/02/2024,-5.25,-6.0312
19/02/2024,-4.75,-5.9889
16/02/2024,-4.75,-4.8769
15/02/2024,-5,-5.2773
14/02/2024,-6,-6.6204
13/02/2024,-6,-6.9965
12/02/2024,-6,-8.17
09/02/2024,-6.25,-6.8395
08/02/2024,-5.5,-6.098
07/02/2024,-6.5,-7.1324
06/02/2024,-5.125,-6.1368
05/02/2024,-5.375,-6.9722
02/02/2024,-7.75,-9.2841
01/02/2024,-8.875,-10.3894
31/01/2024,-9.5,-11.5935
30/01/2024,-4.625,-5.8001
29/01/2024,-4.25,-5.9726
26/01/2024,-4.375,-6.0754
25/01/2024,-4.625,-6.068
24/01/2024,-4.125,-4.8945
23/01/2024,-4.25,-4.8564
22/01/2024,-3.5,-4.6333
19/01/2024,-3.625,-3.9242
18/01/2024,-4,-4.3493
17/01/2024,-4.875,-5.3124
16/01/2024,-4.125,-4.8788
15/01/2024,-4,-5.4993
12/01/2024,-4.375,-4.8934
11/01/2024,-4.5,-5.011
10/01/2024,-4.125,-4.7405
09/01/2024,-3.125,-4.033
08/01/2024,-3.75,-5.4278
05/01/2024,-4.5,-5.1341
04/01/2024,-3.5,-3.8602
03/01/2024,-2.375,-3.1227
02/01/2024,-2.375,-3.4748
29/12/2023,-2,-2.4022
28/12/2023,-1.875,-2.32
27/12/2023,-4.375,-5.0771
26/12/2023,-9,-9.4833
22/12/2023,-9,-9.5913
21/12/2023,-8.5,-8.8626
20/12/2023,-3.375,-3.634
19/12/2023,-5.625,-6.2357
18/12/2023,-7,-8.1472
15/12/2023,-9,-9.3572
14/12/2023,-8,-8.6241
13/12/2023,-9.375,-9.9452
12/12/2023,-10.125,-10.7083
11/12/2023,-10.5,-11.7429
08/12/2023,-9,-9.2033
07/12/2023,-9.25,-9.4506
06/12/2023,-9.625,-9.9193
05/12/2023,-11,-11.3884
04/12/2023,-11.5,-12.6272
01/12/2023,-12,-12.2701
30/11/2023,-12.25,-12.517
29/11/2023,-14.375,-14.9657
28/11/2023,-15.375,-16.03
27/11/2023,-15.5,-16.6789
24/11/2023,-15.25,-15.8459
23/11/2023,-14,-14.6499
22/11/2023,-14.625,-15.2026
21/11/2023,-15,-15.8654
20/11/2023,-13.375,-14.8526
17/11/2023,-14.5,-14.8954
16/11/2023,-15,-15.448
15/11/2023,-17.875,-18.5199
14/11/2023,-18.625,-19.5966
13/11/2023,-18.875,-20.334
10/11/2023,-17.5,-17.8011
09/11/2023,-17.125,-17.5461
08/11/2023,-18.75,-19.2948
07/11/2023,-21.375,-21.853
06/11/2023,-20.125,-21.3881
03/11/2023,-20,-20.3017
02/11/2023,-22.25,-22.4284
01/11/2023,-23.75,-24.0676
31/10/2023,-25.25,-26.0771
30/10/2023,-25.75,-27.5696
27/10/2023,-25.5,-25.8398
26/10/2023,-24.5,-24.7869
25/10/2023,-24.25,-24.7569
24/10/2023,-25.5,-27.2551
23/10/2023,-27,-29.9755
20/10/2023,-27,-27.4845
19/10/2023,-25.75,-26.2297
18/10/2023,-26.125,-26.7013
17/10/2023,-27,-27.7974
16/10/2023,-27.5,-28.7333
13/10/2023,-28.25,-28.8378
12/10/2023,-26.375,-27.1539
11/10/2023,-26.5,-27.2466
10/10/2023,-30.25,-31.1211
09/10/2023,-32.625,-33.6088
06/10/2023,-29.125,-29.6443
05/10/2023,-29.5,-29.9986
04/10/2023,-29.75,-30.2293
03/10/2023,-28.375,-29.1912
02/10/2023,-31.25,-32.3207
29/09/2023,-35.125,-36.3044
28/09/2023,-35.625,-36.8192
27/09/2023,-11.75,-12.2421
26/09/2023,-10.875,-11.9322
25/09/2023,-11.125,-12.6477
22/09/2023,-10.625,-11.7191
21/09/2023,-9.875,-10.9783
20/09/2023,-9.875,-10.7785
19/09/2023,-9.5,-11.093
18/09/2023,-9,-11.8678
15/09/2023,-10.25,-10.9493
14/09/2023,-10.75,-11.4353
13/09/2023,-9.875,-10.3923
12/09/2023,-10.625,-11.4548
11/09/2023,-11,-12.7316
08/09/2023,-11.125,-11.2832
07/09/2023,-11.75,-11.9611
06/09/2023,-11.75,-11.9976
05/09/2023,-11.625,-12.018
04/09/2023,-11.125,-11.9564
01/09/2023,-11.5,-11.9313
31/08/2023,-10.75,-11.2776
30/08/2023,-12.125,-13.0679
29/08/2023,-12.875,-14.6279
28/08/2023,-12.625,-13.2635
25/08/2023,-12.5,-13.6986
24/08/2023,-12,-13.052
23/08/2023,-11.25,-12.3464
22/08/2023,-12.875,-13.9227
21/08/2023,-12.875,-14.6875
18/08/2023,-12.125,-12.3818
17/08/2023,-11,-11.307
16/08/2023,-10.625,-11.0102
15/08/2023,-10.375,-11.1105
14/08/2023,-9.75,-11.1016
11/08/2023,-10.625,-11.151
10/08/2023,-10.875,-11.3668
09/08/2023,-12.875,-13.3446
08/08/2023,-13.25,-14.0579
07/08/2023,-13,-14.3195
04/08/2023,-12.625,-14.1043
03/08/2023,-12,-13.2278
02/08/2023,-10.875,-12.8237
01/08/2023,-11.625,-13.5399
31/07/2023,-12,-12.8865
28/07/2023,-12,-13.1265
27/07/2023,-12.125,-13.5642
26/07/2023,-11,-11.3574
25/07/2023,-11.125,-11.644
24/07/2023,-11.625,-12.5942
21/07/2023,-12.125,-12.3163
20/07/2023,-11.75,-12.0082
19/07/2023,-11.5,-11.9314
18/07/2023,-12.75,-13.5896
17/07/2023,-12.625,-14.1641
14/07/2023,-11.625,-12.722
13/07/2023,-11.125,-12.588
12/07/2023,-12.5,-13.2289
11/07/2023,-13.875,-15.3644
10/07/2023,-14.625,-17.2882
07/07/2023,-15.5,-16.0815
06/07/2023,-14.75,-15.1475
05/07/2023,-12.375,-12.9332
04/07/2023,-11.75,-13.1761
03/07/2023,-13,-15.2503
30/06/2023,-15.125,-15.4345
29/06/2023,-15.875,-16.3971
28/06/2023,-15.25,-16.0423
27/06/2023,-15.375,-16.5631
26/06/2023,-14.875,-17.0879
23/06/2023,-15,-15.67
22/06/2023,-15.25,-15.7755
21/06/2023,-16,-16.6307
20/06/2023,-17.375,-18.7857
19/06/2023,-17,-19.4895
16/06/2023,-16.5,-17.1937
15/06/2023,-18.5,-19.2384
14/06/2023,-20.375,-20.843
13/06/2023,-23.625,-24.3474
12/06/2023,-23.625,-24.5865
09/06/2023,-22.625,-23.0554
08/06/2023,-21.5,-22.0236
07/06/2023,-23,-23.7401
06/06/2023,-24.5,-25.5713
05/06/2023,-23.875,-25.0741
02/06/2023,-21.875,-22.1751
01/06/2023,-20.75,-21.223
31/05/2023,-21.5,-21.9814
30/05/2023,-23.375,-24.2172
29/05/2023,-23,-26.6667
26/05/2023,-23.75,-24.4862
25/05/2023,-21.875,-22.9125
24/05/2023,-20.5,-20.7896
23/05/2023,-19,-19.6877
22/05/2023,-18.375,-19.3678
19/05/2023,-19.125,-20.3517
18/05/2023,-18.875,-19.2144
17/05/2023,-20.875,-21.2757
16/05/2023,-20.125,-20.6402
15/05/2023,-19.625,-20.6826
12/05/2023,-20.625,-21.2364
11/05/2023,-22.25,-22.7404
10/05/2023,-19.25,-19.9752
09/05/2023,-18.75,-20.7507
08/05/2023,-22.5,-26.3593
05/05/2023,-22.5,-23.2808
04/05/2023,-25.375,-25.9334
03/05/2023,-23.375,-23.8964
02/05/2023,-23.5,-24.048
01/05/2023,-18.625,-22.875
28/04/2023,-19.25,-19.8867
27/04/2023,-19.25,-20.277
26/04/2023,-22.75,-24.1541
25/04/2023,-19.875,-20.7549
24/04/2023,-18.125,-19.8709
21/04/2023,-17.625,-17.7173
20/04/2023,-15,-15.1982
19/04/2023,-15.375,-15.6869
18/04/2023,-16.125,-16.6574
17/04/2023,-15.5,-16.5476
14/04/2023,-15,-15.4604
13/04/2023,-14,-14.5732
12/04/2023,-16.5,-17.0943
11/04/2023,-15.125,-16.071
10/04/2023,-19.125,-23.375
07/04/2023,-18.75,-19.4318
06/04/2023,-19.125,-19.9304
05/04/2023,-19.25,-20.6403
04/04/2023,-14.75,-16.1836
03/04/2023,-15.875,-16.9673
31/03/2023,-18.125,-18.6719
30/03/2023,-19.75,-20.763
29/03/2023,-21.625,-22.4329
28/03/2023,-22,-22.5741
27/03/2023,-22,-22.8338
24/03/2023,-25.25,-26.4965
23/03/2023,-18.875,-19.5502
22/03/2023,-19.5,-20.5287
21/03/2023,-19.25,-20.0659
20/03/2023,-28.5,-30.2206
17/03/2023,-30.125,-32.8387
16/03/2023,-25.875,-29.6724
15/03/2023,-36.375,-39.4195
14/03/2023,-24.25,-26.8908
13/03/2023,-42,-43.2928
10/03/2023,-23.5,-25.8668
09/03/2023,-9.375,-10.1255
08/03/2023,-10.75,-11.1657
07/03/2023,-10.25,-10.7888
06/03/2023,-8.75,-10.6319
03/03/2023,-7.25,-7.5022
02/03/2023,-6.25,-6.5276
01/03/2023,-7.625,-8.1023
28/02/2023,-9,-9.7538
27/02/2023,-8.75,-9.8592
24/02/2023,-7.875,-8.1118
23/02/2023,-6.75,-7.1696
22/02/2023,-6.875,-7.4773
21/02/2023,-6.75,-7.6595
20/02/2023,-7.25,-8.3258
17/02/2023,-7.875,-8.1311
16/02/2023,-8,-8.3704
15/02/2023,-8.25,-8.7868
14/02/2023,-8.625,-9.584
13/02/2023,-8.75,-10.3433
10/02/2023,-9.25,-9.5459
09/02/2023,-9.5,-9.9295
08/02/2023,-10.125,-10.8222
07/02/2023,-10.25,-11.3164
06/02/2023,-8.875,-10.7583
03/02/2023,-10,-10.8498
02/02/2023,-10.75,-11.2994
01/02/2023,-12.125,-12.5048
31/01/2023,-13.875,-14.7001
30/01/2023,-14.375,-15.6663
27/01/2023,-13.375,-15.1093
26/01/2023,-13.875,-15.5609
25/01/2023,-13.875,-15.1246
24/01/2023,-13.75,-15.3084
23/01/2023,-14,-16.3598
20/01/2023,-13.625,-14.5822
19/01/2023,-13.625,-14.8977
18/01/2023,-14.75,-15.7186
17/01/2023,-15.75,-16.805
16/01/2023,-15.75,-17.3226
13/01/2023,-15.75,-16.0569
12/01/2023,-16.875,-17.2586
11/01/2023,-15.875,-16.5507
10/01/2023,-16,-17.2276
09/01/2023,-15,-17.2512
06/01/2023,-15.875,-16.4226
05/01/2023,-16.125,-16.737
04/01/2023,-15.375,-15.9984
03/01/2023,-15,-16.3036
30/12/2022,-19,-19.8432
29/12/2022,-19.375,-20.4632
28/12/2022,-23.875,-24.4092
27/12/2022,-30.375,-31.6469
23/12/2022,-30.375,-30.8959
22/12/2022,-30.125,-30.5838
21/12/2022,-27.75,-28.2885
20/12/2022,-31.25,-31.9182
19/12/2022,-31.125,-32.0064
16/12/2022,-30.375,-30.8424
15/12/2022,-30,-30.6154
14/12/2022,-34.25,-34.7149
13/12/2022,-34.125,-34.4002
12/12/2022,-29.875,-30.766
09/12/2022,-29.75,-30.1923
08/12/2022,-32.25,-32.7164
07/12/2022,-33.125,-33.6824
06/12/2022,-32.5,-33.1161
05/12/2022,-33.125,-34.5475
02/12/2022,-34.5,-35.5881
01/12/2022,-32,-32.5219
30/11/2022,-33.5,-33.9412
29/11/2022,-35.625,-36.0533
28/11/2022,-42.875,-44.7245
25/11/2022,-41.375,-41.942
24/11/2022,-37.5,-38.5221
23/11/2022,-37.5,-38.6031
22/11/2022,-44.625,-44.8185
21/11/2022,-51.75,-52.982
18/11/2022,-52.125,-52.7096
17/11/2022,-51.625,-52.2256
16/11/2022,-50.25,-51.0714
15/11/2022,-50.75,-51.4011
14/11/2022,-52.25,-53.1269
11/11/2022,-50.875,-51.216
10/11/2022,-50.25,-50.4116
09/11/2022,-56.5,-56.7569
08/11/2022,-55.625,-56.1381
07/11/2022,-53.125,-54.4971
04/11/2022,-53.75,-54.4868
03/11/2022,-57.125,-57.7023
02/11/2022,-53.625,-54.0202
01/11/2022,-54.75,-55.3967
31/10/2022,-55.375,-56.2763
28/10/2022,-52.625,-54.0688
27/10/2022,-46.625,-47.0947
26/10/2022,-50.875,-51.2625
25/10/2022,-57.5,-58.2188
24/10/2022,-59.75,-61.006
21/10/2022,-62.875,-65.4566
20/10/2022,-59.625,-60.3018
19/10/2022,-58.625,-58.9394
18/10/2022,-63.5,-64.838
17/10/2022,-68.5,-70.1322
14/10/2022,-69.75,-70.1039
13/10/2022,-70.375,-70.7025
12/10/2022,-70.25,-70.5312
11/10/2022,-64.5,-66.3683
10/10/2022,-61,-64.7656
07/10/2022,-61,-61.7626
06/10/2022,-59,-59.6056
05/10/2022,-63.375,-63.7148
04/10/2022,-66.875,-67.4413
03/10/2022,-67.875,-70.0184
30/09/2022,-65.875,-66.2584
29/09/2022,-69.375,-69.8059
28/09/2022,-23.625,-24.1251
27/09/2022,-23.5,-24.1523
26/09/2022,-27.625,-28.281
23/09/2022,-25.375,-25.422
22/09/2022,-21.875,-22.4302
21/09/2022,-22.75,-23.3147
20/09/2022,-21.125,-21.5314
16/09/2022,-18.75,-19.3169
15/09/2022,-20,-20.6416
14/09/2022,-24.375,-24.7094
13/09/2022,-21.5,-21.8997
12/09/2022,-19.75,-20.5957
09/09/2022,-18.75,-18.9679
08/09/2022,-18,-18.2262
07/09/2022,-23.5,-23.8333
06/09/2022,-18.5,-18.8964
05/09/2022,-16.625,-17.6371
02/09/2022,-15.75,-16.3473
01/09/2022,-16,-16.4618
31/08/2022,-14.375,-15.0265
30/08/2022,-13.625,-14.7261
29/08/2022,-14.125,-18.3251
26/08/2022,-14.625,-14.9867
25/08/2022,-14.375,-14.6412
24/08/2022,-15.125,-15.6638
23/08/2022,-16,-16.8073
22/08/2022,-16.875,-18.5033
19/08/2022,-16.375,-16.8927
18/08/2022,-15.875,-16.5256
17/08/2022,-16.375,-17.0773
16/08/2022,-16.875,-18.1581
15/08/2022,-18.625,-21.167
12/08/2022,-18.625,-18.9099
11/08/2022,-17,-17.2047
10/08/2022,-16.125,-16.3399
09/08/2022,-15.625,-16.3086
08/08/2022,-15.625,-16.7742
05/08/2022,-14.375,-14.5655
04/08/2022,-14.25,-14.5367
03/08/2022,-15.875,-16.1316
02/08/2022,-17.375,-17.8234
01/08/2022,-17.5,-18.2682
29/07/2022,-18.375,-18.6636
28/07/2022,-20,-20.2395
27/07/2022,-21.125,-21.4536
26/07/2022,-23.375,-23.917
25/07/2022,-22.875,-23.7573
22/07/2022,-22.25,-22.7033
21/07/2022,-20.5,-20.7825
20/07/2022,-19,-19.3715
19/07/2022,-19.875,-20.5168
18/07/2022,-20,-21.0228
15/07/2022,-20.375,-20.9216
14/07/2022,-19.5,-20.0755
13/07/2022,-19.125,-19.8064
12/07/2022,-18.25,-19.392
11/07/2022,-17.125,-19.1108
08/07/2022,-17.25,-18.5057
07/07/2022,-18.375,-18.5851
06/07/2022,-22.125,-22.9934
05/07/2022,-22.5,-23.7807
04/07/2022,-23.125,-25.509
01/07/2022,-23.125,-23.4787
30/06/2022,-26.5,-27.0796
29/06/2022,-25.5,-26.6004
28/06/2022,-23.5,-24.5134
27/06/2022,-22.5,-25.2274
24/06/2022,-23.25,-23.719
23/06/2022,-24.875,-25.4917
22/06/2022,-24.75,-25.3532
21/06/2022,-22.5,-23.9715
20/06/2022,-20.25,-24.1563
17/06/2022,-20,-20.4797
16/06/2022,-20.75,-21.383
15/06/2022,-22.625,-23.8568
14/06/2022,-23.25,-24.2117
13/06/2022,-21.125,-21.7149
10/06/2022,-16.125,-16.4213
09/06/2022,-14.5,-15.0315
08/06/2022,-14.875,-15.761
07/06/2022,-14.875,-16.678
06/06/2022,-15,-18.8879
03/06/2022,-15,-15.3738
02/06/2022,-15,-15.448
01/06/2022,-15,-15.6065
31/05/2022,-15.375,-16.2004
30/05/2022,-15.5,-16.993
27/05/2022,-15.875,-16.3413
26/05/2022,-17.375,-17.825
25/05/2022,-18.25,-18.753
24/05/2022,-18.625,-19.4198
23/05/2022,-18.125,-20.3334
20/05/2022,-18.125,-18.7471
19/05/2022,-18,-18.6288
18/05/2022,-17.75,-18.4113
17/05/2022,-18.25,-19.0939
16/05/2022,-20.375,-21.589
13/05/2022,-21.5,-22.0518
12/05/2022,-21.75,-22.0867
11/05/2022,-17.75,-18.2853
10/05/2022,-17.625,-18.4085
09/05/2022,-18,-18.9568
06/05/2022,-18.75,-19.3669
05/05/2022,-19.625,-20.1802
04/05/2022,-21,-21.7974
03/05/2022,-21.25,-22.9282
02/05/2022,-21.625,-25.8454
29/04/2022,-21.875,-22.4454
28/04/2022,-22.625,-23.2447
27/04/2022,-23.375,-24.3801
26/04/2022,-23.25,-24.2082
25/04/2022,-22.75,-24.3092
22/04/2022,-20.25,-20.9018
21/04/2022,-18.875,-19.7805
20/04/2022,-20.5,-21.2729
19/04/2022,-21.375,-22.6661
18/04/2022,-22.75,-26.55
15/04/2022,-22.125,-23.8903
14/04/2022,-22.125,-23.8575
13/04/2022,-21.5,-23.2413
12/04/2022,-21.625,-23.9455
11/04/2022,-22.625,-27.0232
08/04/2022,-23,-24.2663
07/04/2022,-22.375,-23.8351
06/04/2022,-22.125,-23.6237
05/04/2022,-21.375,-22.8398
04/04/2022,-20.625,-22.3669
01/04/2022,-20.75,-22.6716
31/03/2022,-21.75,-23.8631
30/03/2022,-22.625,-25.0621
29/03/2022,-23.375,-25.8064
28/03/2022,-27.25,-28.7279
25/03/2022,-26.75,-29.2066
24/03/2022,-25.625,-28.0502
23/03/2022,-22.625,-24.1802
22/03/2022,-21.375,-23.0414
21/03/2022,-21,-22.9154
18/03/2022,-24,-26.1132
17/03/2022,-23.375,-25.145
16/03/2022,-26.625,-28.4646
15/03/2022,-26.875,-30.7806
14/03/2022,-25,-27.0117
11/03/2022,-27.25,-30.5253
10/03/2022,-27,-30.0144
09/03/2022,-23.875,-26.9227
08/03/2022,-32.25,-34.4909
07/03/2022,-36,-38.7172
04/03/2022,-40.75,-44.2271
03/03/2022,-23.625,-26.7418
02/03/2022,-28,-31.4215
01/03/2022,-36.625,-39.6522
28/02/2022,-41.375,-45.0556
25/02/2022,-23.5,-25.9894
24/02/2022,-23.625,-26.1149
23/02/2022,-16.375,-18.4438
22/02/2022,-18.5,-20.6443
21/02/2022,-17.375,-22.1306
18/02/2022,-16.875,-19.1176
17/02/2022,-15.5,-17.5107
16/02/2022,-13.875,-16.0527
15/02/2022,-13.625,-16.2027
14/02/2022,-15,-18.0757
11/02/2022,-13.375,-15.2335
10/02/2022,-12,-13.2514
09/02/2022,-11.5,-13.3396
08/02/2022,-12,-13.8747
07/02/2022,-11.125,-13.0703
04/02/2022,-11.75,-13.8305
03/02/2022,-11.875,-13.916
02/02/2022,-11.875,-13.9578
01/02/2022,-12.375,-14.5253
31/01/2022,-12.625,-15.164
28/01/2022,-12.75,-14.43
27/01/2022,-12.375,-13.6137
26/01/2022,-12,-12.7081
25/01/2022,-12.875,-14.5932
24/01/2022,-12.25,-14.3479
21/01/2022,-11.5,-12.0636
20/01/2022,-9.25,-9.7643
19/01/2022,-11.25,-13.325
18/01/2022,-11.625,-13.8181
17/01/2022,-10.625,-13.322
14/01/2022,-10.125,-11.3466
13/01/2022,-10.375,-11.3866
12/01/2022,-11.125,-12.0231
11/01/2022,-11.375,-12.0079
10/01/2022,-11.125,-14.1882
07/01/2022,-10.875,-12.8136
06/01/2022,-8.125,-9.7348
05/01/2022,-7.625,-8.8787
04/01/2022,-6.75,-7.7747
03/01/2022,-10.25,-14.05
31/12/2021,-10.25,-13.7817
30/12/2021,-11.25,-14.8695
29/12/2021,-17.75,-21.7871
28/12/2021,-17.75,-21.1346
27/12/2021,-17.75,-20.6072
24/12/2021,-17.8717,-18.384
23/12/2021,-17.375,-17.8821
22/12/2021,-18.25,-18.7587
21/12/2021,-17.5,-18.0985
20/12/2021,-18.875,-19.7075
17/12/2021,-29.125,-29.6282
16/12/2021,-31.875,-32.3754
15/12/2021,-31.625,-32.135
14/12/2021,-30.875,-31.4284
13/12/2021,-30.5,-31.7478
10/12/2021,-29.75,-30.2756
09/12/2021,-27.5,-28.0148
08/12/2021,-27.875,-28.4251
07/12/2021,-33.625,-34.1436
06/12/2021,-32.625,-33.2741
03/12/2021,-29.125,-32.4314
02/12/2021,-33.375,-33.9109
01/12/2021,-41.5,-42.0167
30/11/2021,-44,-44.5309
29/11/2021,-42.5,-43.1069
26/11/2021,-43.5,-44.0186
25/11/2021,-42.1245,-42.658
24/11/2021,-40.3757,-40.9314
23/11/2021,-41.625,-43.4716
22/11/2021,-39.375,-40.2952
19/11/2021,-35,-35.5277
18/11/2021,-33.375,-34.0785
17/11/2021,-31.75,-32.7538
16/11/2021,-32,-32.8926
15/11/2021,-30.25,-30.9129
12/11/2021,-31,-31.5271
11/11/2021,-31,-31.8038
10/11/2021,-30.875,-31.8708
09/11/2021,-30.5,-31.4579
08/11/2021,-29.5,-30.6561
05/11/2021,-28.875,-29.3943
04/11/2021,-29.125,-29.6557
03/11/2021,-28.125,-28.7694
02/11/2021,-28,-29.2484
01/11/2021,-28.375,-30.6956
29/10/2021,-30.5,-32.9717
28/10/2021,-32.5,-35.9986
27/10/2021,-29.625,-32.1698
26/10/2021,-30.625,-33.1634
25/10/2021,-29.125,-32.2335
22/10/2021,-28.25,-28.7495
21/10/2021,-26.625,-27.1956
20/10/2021,-25.875,-26.4077
19/10/2021,-27.5,-28.1168
18/10/2021,-28.75,-30.1619
15/10/2021,-27.25,-27.7677
14/10/2021,-25.125,-25.8337
13/10/2021,-23.75,-24.5614
12/10/2021,-24.25,-25.2786
11/10/2021,-23.5,-24.5911
08/10/2021,-22.625,-23.1411
07/10/2021,-22.375,-22.9357
06/10/2021,-22,-22.8267
05/10/2021,-20.875,-21.6548
04/10/2021,-21.287,-22.1118
01/10/2021,-21.107,-21.856
30/09/2021,-20.568,-21.3319
29/09/2021,-21.931,-22.7529
28/09/2021,-7.818,-8.6296
27/09/2021,-7.3033,-9.2667
24/09/2021,-7.595,-8.4164
23/09/2021,-8.019,-8.7978
22/09/2021,-7.233,-8.0859
21/09/2021,-7.705,-8.4707
20/09/2021,-8.1226,-8.9305
17/09/2021,-7.83,-8.4937
16/09/2021,-8.0699,-9.1015
15/09/2021,-7.6,-8.1545
14/09/2021,-7.69,-8.6589
13/09/2021,-7.43,-8.433
10/09/2021,-7.21,-8.0948
09/09/2021,-7.21,-8.1644
08/09/2021,-7.77,-8.7327
07/09/2021,-7.43,-8.237
06/09/2021,-6.89,-7.5625
03/09/2021,-6.83,-7.5623
02/09/2021,-7.42,-8.1572
01/09/2021,-7.01,-7.7017
31/08/2021,-7.4969,-8.8862
30/08/2021,-7.75,-12.681
27/08/2021,-7.66,-8.3935
26/08/2021,-7.58,-8.2423
25/08/2021,-7.6126,-8.4074
24/08/2021,-7.8855,-8.7
23/08/2021,-7.77,-8.5886
20/08/2021,-7.8,-8.3505
19/08/2021,-8.136,-9.1518
18/08/2021,-7.869,-8.872
17/08/2021,-8.042,-8.8373
16/08/2021,-7.665,-8.6454
13/08/2021,-7.891,-8.8979
12/08/2021,-7.773,-8.7847
11/08/2021,-8.098,-8.7955
10/08/2021,-8.2175,-9.2149
09/08/2021,-8.403,-9.1765
06/08/2021,-7.964,-8.963
05/08/2021,-7.517,-8.3921
04/08/2021,-7.48,-8.0742
03/08/2021,-8.6216,-9.5063
02/08/2021,-9.0739,-10.0275
30/07/2021,-9.221,-10.2285
29/07/2021,-9.697,-10.5026
28/07/2021,-10.643,-11.6613
27/07/2021,-10.8846,-11.8502
26/07/2021,-10.86,-11.7996
23/07/2021,-11.1796,-11.7426
22/07/2021,-10.76,-11.3032
21/07/2021,-10.5318,-11.1928
20/07/2021,-11.1527,-11.671
19/07/2021,-11.0912,-12.0059
16/07/2021,-10.669,-11.6332
15/07/2021,-10.473,-11.0119
14/07/2021,-10.05,-11.0521
13/07/2021,-10.4118,-11.4169
12/07/2021,-10.716,-11.7387
09/07/2021,-11.2692,-12.2695
08/07/2021,-11.0191,-12.0323
07/07/2021,-10.9437,-11.5129
06/07/2021,-10.934,-11.7772
05/07/2021,-10.18,-10.8441
02/07/2021,-10.217,-10.8656
01/07/2021,-10.808,-11.4204
30/06/2021,-12.2681,-13.1458
29/06/2021,-11.55,-12.5234
28/06/2021,-11.751,-12.4654
25/06/2021,-11.22,-12.2236
24/06/2021,-10.455,-11.4786
23/06/2021,-9.953,-10.9683
22/06/2021,-9.7,-10.7128
21/06/2021,-10.824,-11.8245
18/06/2021,-10.2192,-11.0926
17/06/2021,-9.1208,-9.637
16/06/2021,-9.463,-10.4638
15/06/2021,-10.028,-11.0371
14/06/2021,-9.748,-10.7512
11/06/2021,-10.25,-11.2352
10/06/2021,-10.148,-11.1481
09/06/2021,-10.52,-11.5273
08/06/2021,-10.337,-11.3829
07/06/2021,-9.737,-10.753
04/06/2021,-9.7585,-10.7031
03/06/2021,-10.128,-10.8309
02/06/2021,-10.452,-11.3698
01/06/2021,-9.244,-10.2526
31/05/2021,-9.375,-13.8463
28/05/2021,-9.06,-10.0819
27/05/2021,-8.94,-9.9619
26/05/2021,-9.4433,-10.4249
25/05/2021,-10.09,-11.0233
24/05/2021,-10.132,-11.1341
21/05/2021,-10.493,-11.4914
20/05/2021,-10.511,-11.5149
19/05/2021,-10.582,-11.5912
18/05/2021,-10.674,-11.7042
17/05/2021,-10.735,-11.7416
14/05/2021,-10.93,-11.9593
13/05/2021,-11.0427,-12.0285
12/05/2021,-10.425,-11.3091
11/05/2021,-11.416,-12.3898
10/05/2021,-11.876,-12.8799
07/05/2021,-11.343,-12.3511
06/05/2021,-10.765,-11.765
05/05/2021,-12.196,-13.2011
04/05/2021,-13.08,-14.0843
30/04/2021,-13.457,-14.457
29/04/2021,-13.419,-14.4191
28/04/2021,-14.708,-15.7009
27/04/2021,-15.344,-16.3519
26/04/2021,-15.59,-16.5899
23/04/2021,-15.492,-16.5305
22/04/2021,-14.95,-15.9499
21/04/2021,-15.411,-16.4508
20/04/2021,-15.292,-16.3536
19/04/2021,-15.266,-16.3052
16/04/2021,-15.444,-16.4196
15/04/2021,-14.556,-15.5906
14/04/2021,-15.161,-16.1839
13/04/2021,-15.415,-16.3882
12/04/2021,-15.54,-16.5526
09/04/2021,-15.636,-16.6547
08/04/2021,-15.1,-16.1507
07/04/2021,-15.804,-16.8207
06/04/2021,-16.064,-17.0914
05/04/2021,-17.193,-18.1931
02/04/2021,-17.157,-18.1938
01/04/2021,-16.9665,-18.028
31/03/2021,-17.874,-18.8998
30/03/2021,-19.741,-20.778
29/03/2021,-18.071,-19.0324
26/03/2021,-17.072,-18.0342
25/03/2021,-16.844,-17.8522
24/03/2021,-17.921,-18.9097
23/03/2021,-19.598,-20.5419
22/03/2021,-19.744,-20.7696
19/03/2021,-17.75,-18.7167
18/03/2021,-16.688,-17.6943
17/03/2021,-17.205,-18.1875
16/03/2021,-16.839,-17.852
15/03/2021,-16.284,-17.2877
12/03/2021,-16.952,-17.969
11/03/2021,-16.665,-17.6782
10/03/2021,-17.333,-18.3665
09/03/2021,-17.365,-18.3994
08/03/2021,-17.999,-19.0096
05/03/2021,-17.515,-18.5156
04/03/2021,-17.729,-18.3347
03/03/2021,-16.645,-17.6889
02/03/2021,-17.252,-18.2683
01/03/2021,-18.91,-19.9356
26/02/2021,-19.369,-20.4065
25/02/2021,-15.914,-16.914
24/02/2021,-15.508,-16.2514
