Security,EUXOQQ1 BGN Curncy,
Start Date,23/02/2021 00:00,
End Date,17/07/2026 00:00,
Period,D,
Pricing Source,BGN,
,,
Date,PX_LAST,PX_BID
17/07/2026,-1.875,-5.5837
16/07/2026,-1.75,-5.2392
15/07/2026,-1.75,-4.4268
14/07/2026,-1.875,-4.0416
13/07/2026,-1.9375,-2.9566
10/07/2026,-1.75,-4.3086
09/07/2026,-1.75,-4.9659
08/07/2026,-1.875,-5.0027
07/07/2026,-1.5,-4.8579
06/07/2026,-1.5,-4.2642
03/07/2026,-1.375,-4.3526
02/07/2026,-1.625,-5.3958
01/07/2026,-1.5,-5.3373
30/06/2026,-2,-5.1627
29/06/2026,-2.5,-5.8742
26/06/2026,-2.625,-6.3374
25/06/2026,-2,-4.726
24/06/2026,-1.875,-4.326
23/06/2026,-1.75,-4.0808
22/06/2026,-1.375,-3.7589
19/06/2026,-1,-4.7837
18/06/2026,-1.125,-3.6591
17/06/2026,-1.25,-4.0157
16/06/2026,-1.625,-5.1875
15/06/2026,-1.5,-4.1109
12/06/2026,-1.875,-5.6871
11/06/2026,-2,-5.7621
10/06/2026,-2,-4.8445
09/06/2026,-1.875,-5.7507
08/06/2026,-1.875,-4.9846
05/06/2026,-1.75,-5.7359
04/06/2026,-1.625,-4.9692
03/06/2026,-1.625,-4.9
02/06/2026,-1.625,-4.7079
01/06/2026,-1.75,-5.5663
29/05/2026,-1.5,-4.6947
28/05/2026,-1.625,-4.9927
27/05/2026,-1.625,-5.0787
26/05/2026,-1.75,-3.5581
22/05/2026,-2,-3.7312
21/05/2026,-1.875,-5.12
20/05/2026,-2,-5.6038
19/05/2026,-2.5,-5.222
18/05/2026,-2.125,-3.0524
15/05/2026,-2.125,-4.3658
14/05/2026,-1.625,-5.1649
13/05/2026,-1.75,-5.1054
12/05/2026,-1.75,-5.4033
11/05/2026,-1.625,-3.5756
08/05/2026,-1.25,-4.2131
07/05/2026,-1.5,-5.1168
06/05/2026,-1.75,-4.6664
05/05/2026,-2.5,-3.4037
01/05/2026,-2.625,-4.4778
30/04/2026,-2.5,-4.3687
29/04/2026,-2.75,-6.087
28/04/2026,-2.5,-5.8293
27/04/2026,-2.375,-4.7021
24/04/2026,-2.5,-6.4927
23/04/2026,-2.25,-5.948
22/04/2026,-2.25,-4.8912
21/04/2026,-2.25,-5.3602
20/04/2026,-1.75,-3.8144
17/04/2026,-1.5,-5.2273
16/04/2026,-2.375,-5.6977
15/04/2026,-2.375,-5.9399
14/04/2026,-2.375,-5.3826
13/04/2026,-3,-5.7624
10/04/2026,-2.875,-6.0585
09/04/2026,-2.875,-5.6133
08/04/2026,-3,-6.5753
07/04/2026,-4.625,-7.8009
02/04/2026,-4.75,-8.8073
01/04/2026,-4.125,-7.8098
31/03/2026,-4.75,-8.2704
30/03/2026,-6.5,-10.4263
27/03/2026,-7.125,-10.2075
26/03/2026,-6,-9.6177
25/03/2026,-4.625,-8.142
24/03/2026,-6,-8.6589
23/03/2026,-5.5,-8.8971
20/03/2026,-6.25,-10.0154
19/03/2026,-4.75,-8.7402
18/03/2026,-3.25,-7.0012
17/03/2026,-2.875,-5.5808
16/03/2026,-3.25,-4.7478
13/03/2026,-3.875,-7.1717
12/03/2026,-3.375,-7.1992
11/03/2026,-2.5,-6.2528
10/03/2026,-1.625,-4.8711
09/03/2026,-3.375,-7.3337
06/03/2026,-3.5,-7.3867
05/03/2026,-1.75,-5.232
04/03/2026,-0.875,-4.7637
03/03/2026,-1.75,-5.1015
02/03/2026,-1,-3.7216
27/02/2026,0.125,-2.1395
26/02/2026,0.375,-3.2762
25/02/2026,0.75,-2.8928
24/02/2026,1,-1.1308
23/02/2026,0.875,-1.2012
20/02/2026,1,-1.8414
19/02/2026,1.125,-0.8916
18/02/2026,1,-1.407
17/02/2026,1,-1.4644
16/02/2026,1.125,-2.6406
13/02/2026,1.125,-0.4007
12/02/2026,1.125,-1.0167
11/02/2026,1.375,-2.1079
10/02/2026,1.375,-1.5439
09/02/2026,1.75,0.3675
06/02/2026,1.75,-0.1391
05/02/2026,1.875,-1.5103
04/02/2026,1.875,-1.8218
03/02/2026,1.625,0.0528
02/02/2026,1.5,-1.0437
30/01/2026,1.5,-1.0914
29/01/2026,1.375,-1.5683
28/01/2026,1.5,-2.1401
27/01/2026,1.5,-0.8754
26/01/2026,1.5,0.0877
23/01/2026,1.625,-1.8153
22/01/2026,1.5,-1.205
21/01/2026,1.125,-1.4686
20/01/2026,0.875,-1.7396
19/01/2026,1.125,-0.4793
16/01/2026,1.625,-0.6141
15/01/2026,1.625,-1.918
14/01/2026,1.25,-0.6445
13/01/2026,1.375,-0.23
12/01/2026,1.5,-0.2717
09/01/2026,1.5,-1.1047
08/01/2026,1.625,-0.4691
07/01/2026,1.75,-0.5473
06/01/2026,1.75,-0.5958
05/01/2026,1.375,-1.7963
02/01/2026,1.125,-2.1393
01/01/2026,0.375,-2.3872
31/12/2025,0.375,-3.359
30/12/2025,0.375,-3.056
29/12/2025,0.75,-0.9854
26/12/2025,0.875,-1.2042
25/12/2025,0.875,-1.6328
24/12/2025,0.875,-2.4812
23/12/2025,0.875,-2.7883
22/12/2025,1,-1.9311
19/12/2025,0.75,-2.1952
18/12/2025,0.75,-2.3604
17/12/2025,0.75,-1.6206
16/12/2025,0.25,-2.3812
15/12/2025,0,-2.6226
12/12/2025,-0.125,-2.6361
11/12/2025,-0.25,-3.0291
10/12/2025,-1,-4.0772
09/12/2025,-0.875,-3.8516
08/12/2025,-0.625,-2.4317
05/12/2025,-0.5,-4.1632
04/12/2025,-0.75,-2.9423
03/12/2025,-1.125,-3.8454
02/12/2025,-1.375,-4.7071
01/12/2025,-1.375,-4.8114
28/11/2025,-1.875,-5.1632
27/11/2025,-1.75,-5.4123
26/11/2025,-1.875,-3.5328
25/11/2025,-1.625,-3.953
24/11/2025,-2.375,-4.0951
21/11/2025,-2.625,-5.2989
20/11/2025,-2.375,-5.7187
19/11/2025,-2.625,-5.4085
18/11/2025,-2.5,-4.3466
17/11/2025,-2.5,-3.0094
14/11/2025,-2.625,-6.0998
13/11/2025,-2.25,-5.8906
12/11/2025,-2,-3.5022
11/11/2025,-2,-5.4104
10/11/2025,-1.875,-3.712
07/11/2025,-2,-5.4852
06/11/2025,-1.875,-4.853
05/11/2025,-1.875,-5.5756
04/11/2025,-2,-5.44
03/11/2025,-1.875,-3.865
31/10/2025,-1.75,-5.0078
30/10/2025,-2,-5.703
29/10/2025,-2.375,-5.0979
28/10/2025,-2.625,-5.8778
27/10/2025,-2.375,-4.3808
24/10/2025,-2,-5.0457
23/10/2025,-2.125,-5.9127
22/10/2025,-2.125,-5.6345
21/10/2025,-2.125,-5.2369
20/10/2025,-2.375,-3.466
17/10/2025,-2.625,-6.598
16/10/2025,-2.375,-5.6574
15/10/2025,-1.875,-5.5319
14/10/2025,-2.125,-4.5343
13/10/2025,-2,-2.7125
10/10/2025,-2,-3.1322
09/10/2025,-1.875,-3.6185
08/10/2025,-1.75,-4.5871
07/10/2025,-2.125,-4.1441
06/10/2025,-2.625,-5.9269
03/10/2025,-2.375,-5.5468
02/10/2025,-2.5,-5.6762
01/10/2025,-2.375,-5.203
30/09/2025,-2.375,-5.6722
29/09/2025,-2.75,-6.0333
26/09/2025,-2.5,-4.9738
25/09/2025,-2.375,-5.083
24/09/2025,-2.375,-5.6606
23/09/2025,-2.125,-4.1432
22/09/2025,-2,-4.009
19/09/2025,-2,-5.7196
18/09/2025,-2,-5.796
17/09/2025,-2.125,-5.3739
16/09/2025,-2,-5.6094
15/09/2025,-1.875,-2.8036
12/09/2025,-1.875,-5.118
11/09/2025,-2.25,-5.2053
10/09/2025,-2.125,-5.1439
09/09/2025,-2.375,-5.7189
08/09/2025,-2.75,-4.3801
05/09/2025,-3,-6.813
04/09/2025,-3,-6.7247
03/09/2025,-3.5,-7.1636
02/09/2025,-2.75,-5.0539
01/09/2025,-2.5,-3.4948
29/08/2025,-2.375,-4.4655
28/08/2025,-2.25,-5.7751
27/08/2025,-2,-5.3672
26/08/2025,-1.75,-3.7328
22/08/2025,-1.625,-4.9612
21/08/2025,-1.625,-4.7578
20/08/2025,-1.75,-4.6509
19/08/2025,-1.875,-4.8234
18/08/2025,-1.375,-4.6031
15/08/2025,-1.375,-5.1025
14/08/2025,-1.5,-4.3476
13/08/2025,-1.5,-2.6721
12/08/2025,-1.875,-5.1424
11/08/2025,-1.5,-2.3
08/08/2025,-1.375,-4.8347
07/08/2025,-1.375,-4.4958
06/08/2025,-1.5,-4.6023
05/08/2025,-1.875,-5.2089
04/08/2025,-1.875,-5.5643
01/08/2025,-2,-5.6256
31/07/2025,-2.125,-5.8125
30/07/2025,-2,-4.9718
29/07/2025,-1.875,-3.5002
28/07/2025,-1.875,-3.4425
25/07/2025,-2,-5.7062
24/07/2025,-2,-5.2455
23/07/2025,-2,-4.6685
22/07/2025,-2.125,-4.9444
21/07/2025,-2.125,-3.5313
18/07/2025,-2,-4.8208
17/07/2025,-2,-5.3575
16/07/2025,-2.25,-4.9875
15/07/2025,-2.375,-4.6537
14/07/2025,-2.5,-6.1233
11/07/2025,-2.25,-5.1912
10/07/2025,-2.25,-5.3311
09/07/2025,-2.625,-5.0827
08/07/2025,-2.625,-4.8476
07/07/2025,-3,-4.3952
04/07/2025,-2.875,-6.5267
03/07/2025,-2.75,-4.6609
02/07/2025,-2.625,-5.4401
01/07/2025,-2.25,-5.0992
30/06/2025,-2,-5.4781
27/06/2025,-2.125,-4.2175
26/06/2025,-2.25,-4.9209
25/06/2025,-3.375,-6.1225
24/06/2025,-4,-7.6909
23/06/2025,-4.5,-7.4484
20/06/2025,-4.375,-7.4366
19/06/2025,-4.5,-8.1291
18/06/2025,-4.25,-5.8145
17/06/2025,-4.375,-6.5879
16/06/2025,-4.5,-6.507
13/06/2025,-4.75,-6.6551
12/06/2025,-4.5,-7.9499
11/06/2025,-4.375,-7.9157
10/06/2025,-4,-4.4993
09/06/2025,-4.125,-6.1113
06/06/2025,-4.125,-7.4276
05/06/2025,-3.75,-7.3987
04/06/2025,-3.75,-7.4096
03/06/2025,-4,-6.4949
02/06/2025,-4,-6.028
30/05/2025,-4,-6.9803
29/05/2025,-4.375,-7.0123
28/05/2025,-5.25,-7.8422
27/05/2025,-5.875,-8.3631
23/05/2025,-6.125,-9.9701
22/05/2025,-5.25,-9.2164
21/05/2025,-4.75,-7.5077
20/05/2025,-4.5,-6.8959
19/05/2025,-4.375,-6.2266
16/05/2025,-4.125,-6.4422
15/05/2025,-4.125,-7.7149
14/05/2025,-4.125,-7.3018
13/05/2025,-4,-6.6958
12/05/2025,-4.125,-6.967
09/05/2025,-4.125,-7.0372
08/05/2025,-4.625,-8.3348
07/05/2025,-4.75,-7.9467
06/05/2025,-4.5,-5.1593
02/05/2025,-3.625,-5.4998
01/05/2025,-3.375,-4.8174
30/04/2025,-2.375,-4.2515
29/04/2025,-3.5,-5.4537
28/04/2025,-3.25,-5.4062
25/04/2025,-3.25,-5.292
24/04/2025,-3.25,-5.2156
23/04/2025,-2.75,-5.0464
22/04/2025,-3,-5.3539
17/04/2025,-3.125,-5.7743
16/04/2025,-3.25,-5.3969
15/04/2025,-3.25,-5.5332
14/04/2025,-3.5,-5.757
11/04/2025,-3.625,-6.0675
10/04/2025,-4.875,-7.4994
09/04/2025,-6.5,-8.8232
08/04/2025,-5.375,-7.9621
07/04/2025,-7.75,-10.0533
04/04/2025,-5,-7.1216
03/04/2025,-2.625,-4.9634
02/04/2025,-2.125,-4.0182
01/04/2025,-1.875,-2.0856
31/03/2025,-2.125,-4.2247
28/03/2025,-2,-3.3885
27/03/2025,-2,-2.9301
26/03/2025,-1.625,-3.6402
25/03/2025,-1.75,-3.4348
24/03/2025,-1.625,-2.1741
21/03/2025,-1.5,-3.9185
20/03/2025,-1.375,-3.5495
19/03/2025,-1.625,-3.7179
18/03/2025,-1.625,-3.2739
17/03/2025,-1.375,-3.6257
14/03/2025,-1.375,-2.2474
13/03/2025,-1.5,-3.9438
12/03/2025,-1.375,-2.9584
11/03/2025,-1.5,-3.3837
10/03/2025,-1.375,-4.3004
07/03/2025,-0.625,-2.1318
06/03/2025,-0.25,-2.4494
05/03/2025,-0.75,-3.4488
04/03/2025,-2,-4.0126
03/03/2025,-1.5,-3.5578
28/02/2025,-1.875,-3.6368
27/02/2025,-1.75,-3.7372
26/02/2025,-1.875,-4.3739
25/02/2025,-1.5,-3.5958
24/02/2025,-1.375,-3.971
21/02/2025,-1.5,-3.402
20/02/2025,-1.5,-3.6303
19/02/2025,-2,-4.1014
18/02/2025,-2.25,-4.225
17/02/2025,-2.375,-4.3801
14/02/2025,-2.5,-3.9539
13/02/2025,-2.625,-4.516
12/02/2025,-3,-5.7145
11/02/2025,-3.375,-5.2189
10/02/2025,-3.25,-4.6218
07/02/2025,-3.25,-3.7131
06/02/2025,-3.125,-5.0094
05/02/2025,-3.125,-4.8245
04/02/2025,-3.5,-5.3866
03/02/2025,-3.625,-5.5249
31/01/2025,-3.125,-5.0227
30/01/2025,-3,-5.3527
29/01/2025,-2.875,-4.8233
28/01/2025,-3.25,-5.3392
27/01/2025,-3.625,-5.495
24/01/2025,-3,-4.4468
23/01/2025,-3,-5.1272
22/01/2025,-3.25,-5.1651
21/01/2025,-3.125,-5.2642
20/01/2025,-2.875,-5.066
17/01/2025,-2.75,-4.2303
16/01/2025,-2.5,-4.6728
15/01/2025,-3,-4.9561
14/01/2025,-3.25,-5.4888
13/01/2025,-2.625,-4.864
10/01/2025,-2,-3.8627
09/01/2025,-1.625,-3.796
08/01/2025,-1,-3.0515
07/01/2025,-1.125,-3.364
06/01/2025,-0.75,-2.222
03/01/2025,-1.25,-3.5245
02/01/2025,-1,-3.2086
01/01/2025,-1.125,-2.3727
31/12/2024,-1.125,-2.3803
30/12/2024,-1.25,-3.1459
27/12/2024,-1.625,-1.8411
24/12/2024,-2,-2.2295
23/12/2024,-1.75,-3.4853
20/12/2024,-1.25,-2.6892
19/12/2024,-0.75,-3.305
18/12/2024,-0.875,-2.8848
17/12/2024,-0.625,-3.1592
16/12/2024,-1,-2.8888
13/12/2024,-1.25,-2.9354
12/12/2024,-1.25,-3.1585
11/12/2024,-1.25,-3.1024
10/12/2024,-1.5,-1.745
09/12/2024,-1.5,-3.5363
06/12/2024,-1.5,-3.4555
05/12/2024,-1.25,-3.5559
04/12/2024,-1.625,-3.5747
03/12/2024,-1.75,-3.7829
02/12/2024,-2.25,-4.5196
29/11/2024,-2.125,-2.7506
28/11/2024,-1.875,-3.5057
27/11/2024,-1.5,-3.1069
26/11/2024,-1.5,-4.2301
25/11/2024,-2,-4.2937
22/11/2024,-2.5,-4.3562
21/11/2024,-2.25,-4.875
20/11/2024,-2.5,-4.7408
19/11/2024,-2.5,-4.6517
18/11/2024,-1,-2.9143
15/11/2024,-0.5,-2.468
14/11/2024,0.125,-2.1519
13/11/2024,-1.125,-3.0901
12/11/2024,-0.75,-3.2199
11/11/2024,-1.375,-1.7302
08/11/2024,-1.25,-2.4948
07/11/2024,-1.375,-3.9165
06/11/2024,-2.25,-4.6191
05/11/2024,-3.25,-5.0685
04/11/2024,-2.75,-4.61
01/11/2024,-2.625,-2.9186
31/10/2024,-2.75,-4.9447
30/10/2024,-2.375,-4.5359
29/10/2024,-3,-5.3071
28/10/2024,-3.125,-4.9818
25/10/2024,-3.375,-5.4125
24/10/2024,-2.875,-5.3582
23/10/2024,-2.75,-4.9106
22/10/2024,-2.5,-5.0547
21/10/2024,-2.25,-4.957
18/10/2024,-1.625,-3.5226
17/10/2024,-2.25,-4.777
16/10/2024,-4.25,-6.4259
15/10/2024,-4.875,-6.912
14/10/2024,-5.75,-7.036
11/10/2024,-5.75,-7.3919
10/10/2024,-5.5,-7.6724
09/10/2024,-5.375,-6.0651
08/10/2024,-5.125,-7.2234
07/10/2024,-5,-7.073
04/10/2024,-5.375,-5.6473
03/10/2024,-5.5,-7.0049
02/10/2024,-5.875,-8.0277
01/10/2024,-5.625,-7.8479
30/09/2024,-5.375,-7.6512
27/09/2024,-5.125,-7.1584
26/09/2024,-5.875,-7.8361
25/09/2024,-6.125,-8.3752
24/09/2024,-5.875,-8.4301
23/09/2024,-5.625,-7.4637
20/09/2024,-5.75,-7.883
19/09/2024,-5.625,-7.394
18/09/2024,-6.125,-8.2586
17/09/2024,-6.375,-8.6797
16/09/2024,-6.25,-8.3402
13/09/2024,-6.125,-7.8153
12/09/2024,-5.875,-8.1087
11/09/2024,-6.5,-8.5976
10/09/2024,-6.5,-9.5741
09/09/2024,-6.625,-6.8395
06/09/2024,-6.625,-9.0777
05/09/2024,-6.625,-8.4449
04/09/2024,-6.25,-7.304
03/09/2024,-6.25,-8.7203
02/09/2024,-6.25,-8.2502
30/08/2024,-6.25,-7.9608
29/08/2024,-6.375,-8.5457
28/08/2024,-6.625,-8.7153
27/08/2024,-6.625,-6.8706
26/08/2024,-6.625,-6.9715
23/08/2024,-6.625,-8.5749
22/08/2024,-6.625,-8.5854
21/08/2024,-7,-8.8465
20/08/2024,-7.125,-9.091
19/08/2024,-7.5,-9.522
16/08/2024,-7.5,-7.7121
15/08/2024,-7.375,-9.6219
14/08/2024,-7.75,-9.7973
13/08/2024,-8,-10.2495
12/08/2024,-7.375,-8.8774
09/08/2024,-7.25,-8.0792
08/08/2024,-7.125,-9.1803
07/08/2024,-6.75,-8.8167
06/08/2024,-6.875,-9.4633
05/08/2024,-7.5,-9.9857
02/08/2024,-7.625,-10.2402
01/08/2024,-6.625,-8.6284
31/07/2024,-6.5,-8.7017
30/07/2024,-6.75,-8.8263
29/07/2024,-6.625,-7.0168
26/07/2024,-6.5,-8.5505
25/07/2024,-7.25,-9.5321
24/07/2024,-5.875,-7.7115
23/07/2024,-6,-8.364
22/07/2024,-5.75,-8.5043
19/07/2024,-5.875,-7.8796
18/07/2024,-5.75,-7.5166
17/07/2024,-5.875,-8.003
16/07/2024,-6,-7.9552
15/07/2024,-6.25,-8.3117
12/07/2024,-6,-7.9223
11/07/2024,-5.875,-8.0453
10/07/2024,-5.875,-8.3127
09/07/2024,-6,-8.2061
08/07/2024,-7,-9.6581
05/07/2024,-8,-10.1987
04/07/2024,-7.75,-9.912
03/07/2024,-8.125,-9.6888
02/07/2024,-8.375,-10.6858
01/07/2024,-9.25,-11.681
28/06/2024,-11,-13.5268
27/06/2024,-10.25,-12.3351
26/06/2024,-9.375,-12.0512
25/06/2024,-9.75,-12.0304
24/06/2024,-10.625,-13.651
21/06/2024,-10.125,-12.4247
20/06/2024,-9.625,-12.1346
19/06/2024,-9.375,-12.2038
18/06/2024,-8.625,-9.8823
17/06/2024,-8.875,-11.0653
14/06/2024,-10.5,-13.4201
13/06/2024,-8.5,-10.9715
12/06/2024,-6.75,-9.2853
11/06/2024,-7.25,-9.7445
10/06/2024,-5.5,-8.4925
07/06/2024,-5.625,-7.4556
06/06/2024,-5.5,-7.6357
05/06/2024,-5.438,-7.0689
04/06/2024,-6,-8.2995
03/06/2024,-5.875,-8.2092
31/05/2024,-6,-8.046
30/05/2024,-6.25,-9.0646
29/05/2024,-6.625,-8.8097
28/05/2024,-6.625,-8.8102
27/05/2024,-6.625,-8.4128
24/05/2024,-6.75,-8.4532
23/05/2024,-6.625,-8.7782
22/05/2024,-6.75,-8.8554
21/05/2024,-7,-9.135
20/05/2024,-7.125,-9.5546
17/05/2024,-7.25,-10.263
16/05/2024,-7.375,-11.3803
15/05/2024,-7.75,-11.7376
14/05/2024,-8.5,-12.0993
10/05/2024,-8.5,-11.8847
09/05/2024,-8.75,-10.7538
08/05/2024,-8.625,-10.6285
07/05/2024,-8.5,-10.5
03/05/2024,-8.5,-10.5858
02/05/2024,-8.625,-10.6819
01/05/2024,-9,-11.0372
30/04/2024,-9,-11.0188
29/04/2024,-9.25,-10.7461
26/04/2024,-9.375,-11.4481
25/04/2024,-9.625,-11.7417
24/04/2024,-9.75,-11.924
23/04/2024,-9.75,-12.0291
22/04/2024,-9.75,-11.9167
19/04/2024,-10,-12.0138
18/04/2024,-9.75,-11.7867
17/04/2024,-9.75,-11.7643
16/04/2024,-10,-12.0266
15/04/2024,-9.375,-11.423
12/04/2024,-10,-12.0493
11/04/2024,-8.75,-10.8556
10/04/2024,-8.75,-10.8865
09/04/2024,-8.5,-10.6582
08/04/2024,-8.25,-10.4311
05/04/2024,-8.375,-10.445
04/04/2024,-8,-10.069
03/04/2024,-8.375,-10.4346
02/04/2024,-8.625,-10.6313
29/03/2024,-9.25,-11.2145
28/03/2024,-9.25,-11.2119
27/03/2024,-9.375,-11.3406
26/03/2024,-9.625,-11.6552
25/03/2024,-9.875,-11.9347
22/03/2024,-9.875,-11.8883
21/03/2024,-9,-11.0107
20/03/2024,-9.625,-11.6331
19/03/2024,-10,-12.0102
18/03/2024,-10,-12.0166
15/03/2024,-10.125,-12.0905
14/03/2024,-10.25,-12.2468
13/03/2024,-10.5,-12.4762
12/03/2024,-10.625,-12.6767
11/03/2024,-10.75,-12.8462
08/03/2024,-10.75,-11.5286
07/03/2024,-10.625,-11.1528
06/03/2024,-11.125,-13.1392
05/03/2024,-11,-13.0672
04/03/2024,-10.75,-12.8442
01/03/2024,-10.625,-12.543
29/02/2024,-9.875,-11.887
28/02/2024,-10.25,-12.2665
27/02/2024,-10.875,-12.874
26/02/2024,-11.375,-13.4802
23/02/2024,-11.625,-12.8834
22/02/2024,-11.625,-12.9245
21/02/2024,-11.625,-12.9045
20/02/2024,-12,-13.2877
19/02/2024,-12.398,-13.7369
16/02/2024,-11.75,-13.8527
15/02/2024,-11.875,-13.9815
14/02/2024,-12,-14.1167
13/02/2024,-12.125,-14.1899
12/02/2024,-12,-13.9193
09/02/2024,-12,-13.717
08/02/2024,-11.5,-13.1961
07/02/2024,-12,-13.9914
06/02/2024,-11.125,-13.1641
05/02/2024,-11.375,-13.4146
02/02/2024,-12.375,-14.2579
01/02/2024,-12.75,-14.8098
31/01/2024,-12.75,-14.8477
30/01/2024,-11,-12.981
29/01/2024,-10.75,-12.7059
26/01/2024,-10.75,-12.8398
25/01/2024,-10.625,-12.7243
24/01/2024,-10.375,-12.4636
23/01/2024,-10.375,-12.41
22/01/2024,-10,-11.8785
19/01/2024,-10,-12.0157
18/01/2024,-10.375,-12.3818
17/01/2024,-11,-12.9951
16/01/2024,-10.5,-12.4729
15/01/2024,-10.5,-12.3928
12/01/2024,-10.875,-12.9745
11/01/2024,-10.875,-12.9751
10/01/2024,-10.625,-12.7161
09/01/2024,-10,-12.132
08/01/2024,-10.875,-13.1583
05/01/2024,-11.5,-13.5173
04/01/2024,-10.5,-12.515
03/01/2024,-9.875,-11.8979
02/01/2024,-9.375,-11.4025
29/12/2023,-8.5,-10.1898
28/12/2023,-8.5,-10.1865
27/12/2023,-7.625,-9.4927
26/12/2023,-9.25,-11.75
22/12/2023,-9.25,-11.3207
21/12/2023,-8.625,-10.6368
20/12/2023,-7.5,-9.4628
19/12/2023,-8.375,-10.2707
18/12/2023,-9.125,-10.8197
15/12/2023,-9.5,-11.5752
14/12/2023,-9.75,-11.8417
13/12/2023,-10.625,-12.6735
12/12/2023,-11,-13.0516
11/12/2023,-11.25,-13.3594
08/12/2023,-11,-13.095
07/12/2023,-11.125,-13.1822
06/12/2023,-11.375,-13.3479
05/12/2023,-12.375,-14.2179
04/12/2023,-12.125,-14.0659
01/12/2023,-12.75,-14.6226
30/11/2023,-12.625,-14.551
29/11/2023,-14,-15.7894
28/11/2023,-14.5,-16.352
27/11/2023,-14.75,-16.6868
24/11/2023,-14.625,-16.7498
23/11/2023,-14,-16.0984
22/11/2023,-14.5,-16.5674
21/11/2023,-14.375,-16.3929
20/11/2023,-14.125,-16.1527
17/11/2023,-14.5,-16.5221
16/11/2023,-14.5,-16.5181
15/11/2023,-16,-18.0093
14/11/2023,-16.5,-18.4873
13/11/2023,-16.625,-18.5356
10/11/2023,-16.125,-17.863
09/11/2023,-16,-17.5033
08/11/2023,-16.25,-17.2193
07/11/2023,-17.75,-19.7707
06/11/2023,-17.375,-19.409
03/11/2023,-17,-19.1204
02/11/2023,-17.5,-19.5775
01/11/2023,-18.625,-20.7184
31/10/2023,-19.125,-21.2078
30/10/2023,-19.5,-21.5
27/10/2023,-19.625,-21.8948
26/10/2023,-19.5,-21.7293
25/10/2023,-19.5,-21.7081
24/10/2023,-20,-22.2969
20/10/2023,-20.625,-22.8045
19/10/2023,-19.875,-21.9513
18/10/2023,-20.25,-22.3695
17/10/2023,-20.875,-23.02
16/10/2023,-21.25,-23.4
13/10/2023,-21.75,-23.695
12/10/2023,-21,-22.9533
11/10/2023,-21.25,-23.2544
10/10/2023,-22,-23.9299
09/10/2023,-23.5,-25.6094
06/10/2023,-21.375,-23.225
05/10/2023,-21.375,-23.2155
04/10/2023,-21.375,-23.2601
03/10/2023,-20.625,-22.5283
02/10/2023,-21.75,-23.5248
29/09/2023,-23.375,-25.7164
28/09/2023,-23.75,-26.0188
27/09/2023,-23.5,-25.6695
26/09/2023,-22.875,-25.03
25/09/2023,-23,-25.0938
22/09/2023,-22.625,-24.7055
21/09/2023,-21.875,-23.9718
20/09/2023,-22.125,-24.1846
19/09/2023,-21.75,-23.6924
18/09/2023,-20.875,-22.6208
15/09/2023,-21.75,-23.6642
14/09/2023,-21.875,-23.8356
13/09/2023,-21.875,-23.786
12/09/2023,-23.125,-25.0685
11/09/2023,-23.625,-25.4868
08/09/2023,-24.5,-26.5324
07/09/2023,-25.125,-27.1793
06/09/2023,-25.25,-27.3206
05/09/2023,-25.625,-27.7063
04/09/2023,-25.625,-27.5417
01/09/2023,-25.5,-27.5288
31/08/2023,-25.375,-27.3992
30/08/2023,-26,-28.02
29/08/2023,-26.625,-28.6375
25/08/2023,-26.375,-28.3925
24/08/2023,-25.875,-27.9692
23/08/2023,-26.125,-28.212
22/08/2023,-27.125,-29.1803
21/08/2023,-26.625,-28.7147
18/08/2023,-26,-28.177
17/08/2023,-25.5,-27.6929
16/08/2023,-25.125,-27.3498
15/08/2023,-24.875,-27.0903
14/08/2023,-24.875,-27.0324
11/08/2023,-24.875,-26.9658
10/08/2023,-25,-27.0415
09/08/2023,-26.25,-28.2713
08/08/2023,-26.375,-28.3537
07/08/2023,-26.25,-28.2634
04/08/2023,-24.875,-26.8868
03/08/2023,-24.125,-26.1021
02/08/2023,-24.25,-26.2364
01/08/2023,-24.375,-26.3699
31/07/2023,-24.625,-26.6667
28/07/2023,-24.75,-26.7201
27/07/2023,-24.625,-26.6101
26/07/2023,-24,-26.0775
25/07/2023,-24.25,-26.3044
24/07/2023,-24.875,-26.8558
21/07/2023,-24.875,-26.9059
20/07/2023,-24.875,-26.8917
19/07/2023,-24.625,-26.6227
18/07/2023,-25.375,-27.3589
17/07/2023,-25.125,-27.0231
14/07/2023,-25,-27.0634
13/07/2023,-25.25,-27.3058
12/07/2023,-26.625,-28.7144
11/07/2023,-27.375,-29.4535
10/07/2023,-27.875,-29.9896
07/07/2023,-28.125,-30.1224
06/07/2023,-27.25,-29.3821
05/07/2023,-26,-28.1455
04/07/2023,-25.75,-27.7951
03/07/2023,-27,-29.02
30/06/2023,-27.75,-29.7901
29/06/2023,-28.25,-30.2902
28/06/2023,-28.125,-30.1595
27/06/2023,-27.75,-29.7336
26/06/2023,-28,-30.2059
23/06/2023,-28.25,-29.9659
22/06/2023,-28.625,-30.5887
21/06/2023,-29.25,-31.1815
20/06/2023,-29.625,-31.5549
19/06/2023,-28.875,-30.6056
16/06/2023,-28.875,-30.8197
15/06/2023,-30.875,-32.7096
14/06/2023,-31.875,-33.8743
13/06/2023,-33.75,-35.7029
12/06/2023,-33.75,-35.6942
09/06/2023,-33.625,-35.4403
08/06/2023,-32.75,-34.5118
07/06/2023,-33,-34.8806
06/06/2023,-34.375,-36.3288
05/06/2023,-33.5,-35.4505
02/06/2023,-32.25,-34.0587
01/06/2023,-32,-33.8617
31/05/2023,-32.375,-34.2871
30/05/2023,-33.125,-34.9406
29/05/2023,-33.125,-35.5
26/05/2023,-33.125,-34.8654
25/05/2023,-33,-34.7354
24/05/2023,-33,-34.8114
23/05/2023,-32,-33.8702
22/05/2023,-32,-34.0256
19/05/2023,-31.5,-33.4319
18/05/2023,-32.375,-34.3694
17/05/2023,-33.375,-35.3557
16/05/2023,-32.375,-34.2437
15/05/2023,-31.875,-33.7332
12/05/2023,-32.875,-33.4358
11/05/2023,-33.75,-35.8855
10/05/2023,-31.25,-33.1985
09/05/2023,-30.25,-32.1388
08/05/2023,-31.375,-33.75
05/05/2023,-31.625,-33.4364
04/05/2023,-33.25,-35.233
03/05/2023,-31.75,-33.718
02/05/2023,-31.75,-33.7192
01/05/2023,-30.375,-32.75
28/04/2023,-30.375,-32.3027
27/04/2023,-30.875,-32.8076
26/04/2023,-33.125,-34.9252
25/04/2023,-30.5,-32.4471
24/04/2023,-29,-31.0345
21/04/2023,-29.25,-30.6821
20/04/2023,-26.625,-28.5359
19/04/2023,-25.625,-27.4363
18/04/2023,-25.375,-27.1879
17/04/2023,-25,-26.7962
14/04/2023,-24.5,-26.2612
13/04/2023,-24.375,-26.2612
12/04/2023,-25,-26.7187
11/04/2023,-25,-26.81
10/04/2023,-26.5,-28.875
07/04/2023,-26.5,-28.605
06/04/2023,-26.25,-28.3564
05/04/2023,-26.5,-28.5597
04/04/2023,-25,-26.9961
03/04/2023,-25.5,-27.2497
31/03/2023,-26.875,-28.8077
30/03/2023,-27.375,-29.2928
29/03/2023,-27.875,-29.8985
28/03/2023,-27.125,-29.172
27/03/2023,-27.25,-29.327
24/03/2023,-28.75,-30.7821
23/03/2023,-26.125,-27.703
22/03/2023,-26,-27.8659
21/03/2023,-26.25,-27.946
20/03/2023,-31.625,-33.5299
17/03/2023,-32.375,-34.5122
16/03/2023,-33.625,-35.9023
15/03/2023,-36.625,-38.3349
14/03/2023,-27,-28.7812
13/03/2023,-37,-39.0557
10/03/2023,-28,-30.0487
09/03/2023,-19.75,-21.7146
08/03/2023,-20.5,-22.5304
07/03/2023,-20,-22.0467
06/03/2023,-19.375,-21.4355
03/03/2023,-19,-21.0353
02/03/2023,-19,-21.0231
01/03/2023,-20,-22.0651
28/02/2023,-20.5,-22.5661
27/02/2023,-20.375,-22.3929
24/02/2023,-20,-22.0158
23/02/2023,-19.25,-21.2732
22/02/2023,-19.875,-21.8947
21/02/2023,-20.25,-22.2684
20/02/2023,-20.75,-22
17/02/2023,-20.625,-22.582
16/02/2023,-20.75,-22.6434
15/02/2023,-21.25,-23.1063
14/02/2023,-21.5,-23.3293
13/02/2023,-21.625,-23.6493
10/02/2023,-21.5,-23.4698
09/02/2023,-21.5,-23.4684
08/02/2023,-21.5,-23.4616
07/02/2023,-21.5,-23.4387
06/02/2023,-21.125,-22.8892
03/02/2023,-21.375,-23.3158
02/02/2023,-22,-23.9725
01/02/2023,-23.125,-25.1132
31/01/2023,-23.5,-25.4117
30/01/2023,-24,-25.9737
27/01/2023,-23.125,-25.1516
26/01/2023,-23.25,-25.284
25/01/2023,-23.375,-25.4232
24/01/2023,-24,-26.0713
23/01/2023,-24.375,-26.528
20/01/2023,-24,-25.966
19/01/2023,-24.25,-26.2299
18/01/2023,-25.375,-27.3662
17/01/2023,-25.625,-27.5854
16/01/2023,-24.625,-26.4195
13/01/2023,-24.875,-26.8773
12/01/2023,-25.25,-27.227
11/01/2023,-24.125,-26.113
10/01/2023,-23.25,-25.2224
09/01/2023,-22.875,-24.8125
06/01/2023,-23.25,-25.0471
05/01/2023,-23,-24.8764
04/01/2023,-22.5,-24.4599
03/01/2023,-23.125,-24.8429
30/12/2022,-24.75,-26.6734
29/12/2022,-25.625,-27.4424
28/12/2022,-23.5,-24.9624
27/12/2022,-25.625,-28.125
23/12/2022,-25.875,-27.9115
22/12/2022,-25.375,-27.3443
21/12/2022,-24.75,-26.5526
20/12/2022,-26,-27.9212
19/12/2022,-26,-28.0737
16/12/2022,-25.125,-27.1474
15/12/2022,-25.5,-27.5522
14/12/2022,-26.75,-29.0098
13/12/2022,-26.25,-28.2881
12/12/2022,-25.25,-27.313
09/12/2022,-25.125,-27.2304
08/12/2022,-26.25,-28.2961
07/12/2022,-26.5,-28.5793
06/12/2022,-25.75,-27.7834
05/12/2022,-25.625,-27.6059
02/12/2022,-26.125,-28.066
01/12/2022,-25.5,-27.4146
30/11/2022,-25.5,-27.1793
29/11/2022,-26,-27.9109
28/11/2022,-28.5,-30.4494
25/11/2022,-28,-29.9802
24/11/2022,-28.125,-30.1119
23/11/2022,-27.375,-29.5982
22/11/2022,-30.375,-32.2246
21/11/2022,-32.125,-34.0026
18/11/2022,-32,-33.7985
17/11/2022,-31.75,-33.4745
16/11/2022,-31.5,-33.2345
15/11/2022,-31.875,-33.9595
14/11/2022,-32.375,-34.4893
11/11/2022,-32.375,-34.3072
10/11/2022,-32.5,-34.4378
09/11/2022,-36.25,-38.2705
08/11/2022,-35.5,-37.5047
07/11/2022,-33.75,-35.625
04/11/2022,-33.75,-35.469
03/11/2022,-34.125,-35.7736
02/11/2022,-33.25,-35.0515
01/11/2022,-33.75,-35.6242
31/10/2022,-33.75,-35.6916
28/10/2022,-32.25,-34.0358
27/10/2022,-32.125,-34.2364
26/10/2022,-36,-38.0604
25/10/2022,-38.75,-40.7682
24/10/2022,-40,-42.049
21/10/2022,-41.125,-42.9837
20/10/2022,-40,-41.9608
19/10/2022,-39,-41.0486
18/10/2022,-40.25,-42.393
17/10/2022,-42.375,-44.4266
14/10/2022,-42.75,-44.7587
13/10/2022,-43.625,-45.6804
12/10/2022,-42.75,-44.8002
11/10/2022,-40.75,-42.8338
10/10/2022,-39.375,-41.6004
07/10/2022,-39.25,-41.2265
06/10/2022,-38.75,-40.6434
05/10/2022,-41.375,-43.2799
04/10/2022,-42.5,-44.5392
03/10/2022,-42.875,-45.0265
30/09/2022,-42.5,-44.5729
29/09/2022,-43.75,-45.8525
28/09/2022,-43,-44.7873
27/09/2022,-41.125,-43.0936
26/09/2022,-41,-43.0486
23/09/2022,-38.125,-39.9786
22/09/2022,-37,-38.6238
21/09/2022,-37.375,-39.3527
20/09/2022,-36.625,-38.6221
16/09/2022,-36,-37.9121
15/09/2022,-36.75,-38.7202
14/09/2022,-37.875,-39.8952
13/09/2022,-37.625,-39.6381
12/09/2022,-35.75,-37.8075
09/09/2022,-35.125,-37.0759
08/09/2022,-35.25,-37.2679
07/09/2022,-37,-38.9724
06/09/2022,-33.875,-35.8816
05/09/2022,-32.625,-34.6179
02/09/2022,-31.75,-33.6537
01/09/2022,-31.375,-33.2883
31/08/2022,-30.75,-32.5517
30/08/2022,-30.25,-31.8101
29/08/2022,-30.75,-33.125
26/08/2022,-30.625,-32.5893
25/08/2022,-31.25,-33.2173
24/08/2022,-32.125,-34.0674
23/08/2022,-32.75,-34.7164
22/08/2022,-33.125,-34.9294
19/08/2022,-32.5,-34.4038
18/08/2022,-32.25,-34.1499
17/08/2022,-32.375,-34.3121
16/08/2022,-32.5,-34.5119
15/08/2022,-33.25,-35.3039
12/08/2022,-33.375,-35.1153
11/08/2022,-32.5,-34.3868
10/08/2022,-32.375,-34.3653
09/08/2022,-33,-34.9664
08/08/2022,-33.25,-35.3039
05/08/2022,-32.625,-34.6325
04/08/2022,-32.75,-34.745
03/08/2022,-33.75,-35.7581
02/08/2022,-33.625,-35.6216
01/08/2022,-33.5,-35.5796
29/07/2022,-34.125,-36.1725
28/07/2022,-34.875,-36.9386
27/07/2022,-36,-37.9697
26/07/2022,-36.375,-38.242
25/07/2022,-35.625,-37.2262
22/07/2022,-35.5,-37.589
21/07/2022,-33.5,-35.6686
20/07/2022,-33.25,-35.4782
19/07/2022,-33.375,-35.5433
18/07/2022,-33.5,-35.5775
15/07/2022,-33.5,-35.5205
14/07/2022,-32.625,-34.6109
13/07/2022,-32.25,-34.1971
12/07/2022,-31.75,-33.6518
11/07/2022,-31.125,-33.2053
08/07/2022,-31.25,-33.2179
07/07/2022,-33.5,-35.5314
06/07/2022,-35.5,-37.543
05/07/2022,-35.625,-37.6462
04/07/2022,-36,-37.8667
01/07/2022,-36.25,-37.879
30/06/2022,-37.25,-39.0731
29/06/2022,-37.25,-39.3344
28/06/2022,-36,-38.0635
27/06/2022,-35.625,-37.7171
24/06/2022,-35.5,-37.3684
23/06/2022,-35.625,-37.5055
22/06/2022,-34.625,-36.6191
21/06/2022,-33.125,-35.1029
20/06/2022,-32.125,-33.9063
17/06/2022,-32.375,-34.2109
16/06/2022,-33.125,-35.0289
15/06/2022,-33.25,-35.1258
14/06/2022,-34.125,-35.9986
13/06/2022,-32,-33.9907
10/06/2022,-28.25,-30.2435
09/06/2022,-26.5,-28.4548
08/06/2022,-26.25,-28.2551
07/06/2022,-26,-27.9804
06/06/2022,-25.875,-27.7436
03/06/2022,-25.625,-27.6373
02/06/2022,-25.625,-27.6322
01/06/2022,-25.625,-27.627
31/05/2022,-26.125,-28.1229
30/05/2022,-26.75,-28.7258
27/05/2022,-27.25,-29.2589
26/05/2022,-28.75,-30.6037
25/05/2022,-29.75,-31.6503
24/05/2022,-30.375,-32.0863
23/05/2022,-30,-31.9231
20/05/2022,-30.125,-32.0656
19/05/2022,-30.125,-32.1108
18/05/2022,-30.375,-32.3658
17/05/2022,-30.5,-32.4688
16/05/2022,-32,-33.8883
13/05/2022,-32.25,-34.238
12/05/2022,-31.875,-33.9192
11/05/2022,-30.375,-32.4607
10/05/2022,-30,-32.0587
09/05/2022,-30.125,-32.1825
06/05/2022,-30.125,-31.9242
05/05/2022,-30.75,-32.3992
04/05/2022,-31.5,-32.8048
03/05/2022,-31.5,-32.8214
02/05/2022,-31.5,-33.2334
29/04/2022,-31.375,-33.2769
28/04/2022,-31,-32.9159
27/04/2022,-30.875,-32.7853
26/04/2022,-30.375,-32.2105
25/04/2022,-30,-31.792
22/04/2022,-29.25,-31.2085
21/04/2022,-29,-30.9841
20/04/2022,-29.5,-31.4601
19/04/2022,-30.75,-32.5972
18/04/2022,-30.875,-31.8751
15/04/2022,-30.875,-32.6167
14/04/2022,-30.875,-32.5983
13/04/2022,-30.5,-32.1657
12/04/2022,-30.625,-32.2284
11/04/2022,-30.875,-32.2245
08/04/2022,-30.625,-32.6205
07/04/2022,-30,-31.9814
06/04/2022,-29,-30.9376
05/04/2022,-28,-29.8692
04/04/2022,-27.625,-29.2536
01/04/2022,-27.625,-29.433
31/03/2022,-28.125,-29.8847
30/03/2022,-28.125,-29.8029
29/03/2022,-28.75,-30.6625
28/03/2022,-30.375,-32.098
25/03/2022,-30,-31.817
24/03/2022,-29.25,-31.0584
23/03/2022,-28.5,-30.2798
22/03/2022,-28,-29.7896
21/03/2022,-27.75,-29.6357
18/03/2022,-29,-30.8635
17/03/2022,-28.5,-30.2613
16/03/2022,-29.875,-31.3984
15/03/2022,-30,-31.4065
14/03/2022,-29.75,-30.9933
11/03/2022,-30.375,-32.4123
10/03/2022,-30,-32.0736
09/03/2022,-28.875,-31.0769
08/03/2022,-33.25,-35.3882
07/03/2022,-32.25,-34.1779
04/03/2022,-31.625,-33.6911
03/03/2022,-25.625,-27.7874
02/03/2022,-27.25,-29.2671
01/03/2022,-30.5,-32.4462
28/02/2022,-31.125,-33.1972
25/02/2022,-24,-25.9809
24/02/2022,-23.125,-25.1631
23/02/2022,-20.625,-22.6805
22/02/2022,-22,-24.0084
21/02/2022,-21.625,-23.2885
18/02/2022,-21.5,-23.5198
17/02/2022,-21,-23.0269
16/02/2022,-19.375,-21.4047
15/02/2022,-19.25,-21.2666
14/02/2022,-19.75,-21.7899
11/02/2022,-18.375,-19.8675
10/02/2022,-17.625,-18.7792
09/02/2022,-17.375,-19.0621
08/02/2022,-17.5,-19.0339
07/02/2022,-17.125,-18.2769
04/02/2022,-18,-20.0168
03/02/2022,-18.75,-20.7102
02/02/2022,-18.75,-20.6382
01/02/2022,-18.875,-20.6598
31/01/2022,-18.625,-20.0475
28/01/2022,-18.375,-20.1972
27/01/2022,-17.875,-19.3102
26/01/2022,-17.25,-17.9831
25/01/2022,-17.5,-19.1382
24/01/2022,-16.75,-17.8929
21/01/2022,-16.125,-16.7714
20/01/2022,-15.75,-16.2719
19/01/2022,-16.75,-18.7466
18/01/2022,-16.5,-18.4342
17/01/2022,-16,-17.5536
14/01/2022,-15.875,-17.5738
13/01/2022,-16.5,-18.291
12/01/2022,-17.625,-19.1743
11/01/2022,-17.875,-18.9031
10/01/2022,-17.625,-19.4557
07/01/2022,-16.875,-18.8935
06/01/2022,-15.125,-17.0173
05/01/2022,-15,-16.7146
04/01/2022,-14.75,-16.2687
03/01/2022,-16,-17.6365
31/12/2021,-16,-18.0595
30/12/2021,-16.125,-18.1779
29/12/2021,-14.75,-16.6768
28/12/2021,-15.25,-16.7262
27/12/2021,-15.25,-16.4809
24/12/2021,-14.8755,-15.406
23/12/2021,-14.875,-15.3962
22/12/2021,-15.625,-16.3323
21/12/2021,-15.625,-16.3365
20/12/2021,-15.625,-16.1565
17/12/2021,-17.625,-18.1266
16/12/2021,-18.375,-18.8913
15/12/2021,-18.375,-19.1021
14/12/2021,-17.875,-18.427
13/12/2021,-18,-19.1642
10/12/2021,-17.5,-18.0048
09/12/2021,-17.25,-17.7604
08/12/2021,-17.75,-18.4201
07/12/2021,-19,-19.5933
06/12/2021,-18.5,-19.1049
03/12/2021,-18.5,-20.5152
02/12/2021,-20,-20.5048
01/12/2021,-21.875,-22.438
30/11/2021,-22.875,-23.6006
29/11/2021,-22.75,-23.3313
26/11/2021,-23,-23.5063
25/11/2021,-22.8745,-23.3844
24/11/2021,-23,-23.5211
23/11/2021,-23.5,-24.7347
22/11/2021,-22.875,-23.6
19/11/2021,-21.625,-22.1793
18/11/2021,-20.625,-21.3637
17/11/2021,-20.375,-21.9439
16/11/2021,-20.125,-21.1919
15/11/2021,-19.75,-20.3163
12/11/2021,-20,-20.5174
11/11/2021,-20.125,-20.7484
10/11/2021,-20.125,-20.8172
09/11/2021,-19.75,-20.7246
08/11/2021,-19.25,-19.9735
05/11/2021,-19.125,-19.6474
04/11/2021,-19.375,-20.1145
03/11/2021,-19.25,-19.8303
02/11/2021,-18.7498,-19.7662
01/11/2021,-18.75,-19.6145
29/10/2021,-20.25,-22.1671
28/10/2021,-20.25,-22.4068
27/10/2021,-18.875,-20.8252
26/10/2021,-18.625,-20.4933
25/10/2021,-18.625,-20.273
22/10/2021,-18,-18.5054
21/10/2021,-17.375,-18.0939
20/10/2021,-17.25,-17.7686
19/10/2021,-17.75,-18.2939
18/10/2021,-19.375,-19.9001
15/10/2021,-16.625,-17.1315
14/10/2021,-16.0001,-16.5042
13/10/2021,-16,-16.5116
12/10/2021,-16.125,-16.8505
11/10/2021,-15.8749,-16.8878
08/10/2021,-15.5,-16.0149
07/10/2021,-15.25,-15.8221
06/10/2021,-15,-15.6047
05/10/2021,-14.625,-15.3608
04/10/2021,-14.862,-15.7245
01/10/2021,-14.52,-15.334
30/09/2021,-14.555,-15.3806
29/09/2021,-14.876,-16.0327
28/09/2021,-14.424,-15.354
27/09/2021,-14.5008,-15.5049
24/09/2021,-14.554,-15.9048
23/09/2021,-14.989,-15.9412
22/09/2021,-14.024,-15.0597
21/09/2021,-14.0533,-14.832
20/09/2021,-14.05,-14.7974
17/09/2021,-14.16,-15.0012
16/09/2021,-14.04,-14.8702
15/09/2021,-13.59,-14.2803
14/09/2021,-13.4,-14.0769
13/09/2021,-13.5,-14.4968
10/09/2021,-13.64,-14.659
09/09/2021,-13.1,-14.0853
08/09/2021,-13.2619,-13.9846
07/09/2021,-12.5,-13.3938
06/09/2021,-12.82,-13.6736
03/09/2021,-12.9,-13.82
02/09/2021,-13.41,-14.403
01/09/2021,-13.37,-14.2891
31/08/2021,-13.8126,-14.8552
30/08/2021,-14.25,-16.689
27/08/2021,-14.1299,-14.6474
26/08/2021,-14.55,-15.1125
25/08/2021,-14.1,-14.8692
24/08/2021,-14.08,-14.6206
23/08/2021,-14.28,-15.0829
20/08/2021,-14.24,-15.5751
19/08/2021,-13.834,-14.7329
18/08/2021,-13.257,-14.2164
17/08/2021,-12.85,-13.6639
16/08/2021,-12.6674,-13.7005
13/08/2021,-13.1048,-14.0481
12/08/2021,-13.3178,-13.8488
11/08/2021,-13.297,-13.9497
10/08/2021,-13.467,-14.4978
09/08/2021,-13.126,-13.8191
06/08/2021,-12.7578,-13.6526
05/08/2021,-12.307,-12.9357
04/08/2021,-12.7151,-13.2567
03/08/2021,-12.291,-13.1467
02/08/2021,-12.599,-13.4211
30/07/2021,-12.893,-13.8988
29/07/2021,-13.409,-14.2759
28/07/2021,-14.865,-15.5694
27/07/2021,-14.567,-15.4732
26/07/2021,-14.2738,-15.2184
23/07/2021,-14.666,-15.6432
22/07/2021,-14.7066,-15.5212
21/07/2021,-14.6959,-15.6787
20/07/2021,-14.7348,-15.6201
19/07/2021,-14.3571,-14.92
16/07/2021,-13.721,-14.6512
15/07/2021,-13.463,-14.0381
14/07/2021,-13.842,-14.7826
13/07/2021,-14.762,-15.5602
12/07/2021,-14.79,-15.5692
09/07/2021,-15.61,-16.5894
08/07/2021,-15.146,-15.8776
07/07/2021,-14.5263,-15.2568
06/07/2021,-14.7205,-15.6091
05/07/2021,-14.276,-14.8705
02/07/2021,-14.69,-15.4222
01/07/2021,-15.197,-15.7945
30/06/2021,-15.206,-16.2376
29/06/2021,-15.4649,-16.4805
28/06/2021,-15.455,-16.0022
25/06/2021,-15.549,-16.5562
24/06/2021,-15.282,-16.0114
23/06/2021,-15.286,-16.2634
22/06/2021,-14.943,-15.6526
21/06/2021,-15.4595,-16.517
18/06/2021,-14.09,-14.626
17/06/2021,-12.8651,-13.4718
16/06/2021,-12.89,-13.9246
15/06/2021,-12.736,-13.7416
14/06/2021,-13.037,-14.0434
11/06/2021,-12.563,-13.5011
10/06/2021,-12.191,-13.225
09/06/2021,-12.578,-13.6001
08/06/2021,-12.681,-13.6152
07/06/2021,-12.519,-13.516
04/06/2021,-12.725,-13.3106
03/06/2021,-13.017,-13.5603
02/06/2021,-11.95,-12.9365
01/06/2021,-10.998,-12.0062
31/05/2021,-11.4375,-12.613
28/05/2021,-11.16,-12.4292
27/05/2021,-11.057,-12.0679
26/05/2021,-11.282,-12.2932
25/05/2021,-12.266,-12.8046
24/05/2021,-12.634,-13.5877
21/05/2021,-13.17,-14.1914
20/05/2021,-12.974,-13.5266
19/05/2021,-13.55,-14.569
18/05/2021,-13.598,-14.6265
17/05/2021,-14.2455,-15.2875
14/05/2021,-14.605,-15.6171
13/05/2021,-14.6,-15.5479
12/05/2021,-14.905,-15.4391
11/05/2021,-15.544,-16.1877
10/05/2021,-15.859,-16.4481
07/05/2021,-15.2687,-16.3455
06/05/2021,-15.361,-16.407
05/05/2021,-16.82,-17.8344
04/05/2021,-17.21,-18.272
03/05/2021,-17.75,-20.1928
30/04/2021,-17.872,-19.0765
29/04/2021,-17.985,-19.1063
28/04/2021,-18.7587,-19.9685
27/04/2021,-19.182,-20.1672
26/04/2021,-19.184,-20.1756
23/04/2021,-19.38,-20.366
22/04/2021,-18.94,-19.9184
21/04/2021,-18.809,-19.3351
20/04/2021,-19.105,-20.139
19/04/2021,-19.487,-20.5184
16/04/2021,-19.197,-19.7834
15/04/2021,-19.126,-20.09
14/04/2021,-19.877,-20.4547
13/04/2021,-20.437,-21.2504
12/04/2021,-20.26,-21.2625
09/04/2021,-20.84,-21.5661
08/04/2021,-20.805,-21.8372
07/04/2021,-21.049,-22.0412
06/04/2021,-21.758,-22.6158
05/04/2021,-22.356,-23.3867
02/04/2021,-22.605,-23.6467
01/04/2021,-22.296,-23.297
31/03/2021,-23.016,-23.8453
30/03/2021,-23.348,-24.3362
29/03/2021,-21.502,-22.2089
26/03/2021,-21.757,-22.2794
25/03/2021,-21.052,-22.0499
24/03/2021,-21.24,-22.201
23/03/2021,-21.98,-22.5573
22/03/2021,-22.682,-23.7176
19/03/2021,-20.723,-21.6471
18/03/2021,-19.788,-20.7677
17/03/2021,-18.774,-19.9456
16/03/2021,-18.277,-19.2258
15/03/2021,-17.694,-18.6994
12/03/2021,-17.96,-18.9773
11/03/2021,-17.114,-17.7316
10/03/2021,-17.915,-18.9615
09/03/2021,-18.006,-18.984
08/03/2021,-18.109,-18.9851
05/03/2021,-17.919,-18.7813
04/03/2021,-17.21,-17.8492
03/03/2021,-17.653,-18.6741
02/03/2021,-16.033,-17.0125
01/03/2021,-17.322,-18.1975
26/02/2021,-17.937,-18.7612
25/02/2021,-15.913,-16.9222
24/02/2021,-15.691,-16.2335
23/02/2021,-15.934,-16.8659
